[2026-07-31 10:21:16] [INFO] [Thread-MainThread] Parsing shapes from http://localhost:4000/gtfs.zip...
[2026-07-31 10:21:19] [INFO] [Thread-MainThread] Found 1302 unique shapes for bus routes.
[2026-07-31 10:21:19] [INFO] [Thread-MainThread] Starting map matching using 16 parallel worker thread(s) (Snap Radius: 30.0m | Bearings: True ±45° | Pre-filter: True)...
[2026-07-31 10:21:19] [INFO] [Thread-ThreadPoolExecutor-0_6] Pre-matching filter removed 37 side-stub point(s) from shape_id=67900699
[2026-07-31 10:21:19] [INFO] [Thread-ThreadPoolExecutor-0_7] Pre-matching filter removed 43 side-stub point(s) from shape_id=67900700
[2026-07-31 10:21:19] [INFO] [Thread-ThreadPoolExecutor-0_10] Pre-matching filter removed 47 side-stub point(s) from shape_id=67900710
[2026-07-31 10:21:19] [INFO] [Thread-ThreadPoolExecutor-0_13] Pre-matching filter removed 36 side-stub point(s) from shape_id=67900714
[2026-07-31 10:21:20] [INFO] [Thread-ThreadPoolExecutor-0_6] Successfully processed shape_id=67900699 | distance=4308.3m | confidence=[0.9854] | segments=1 | osm_nodes=752
[2026-07-31 10:21:20] [INFO] [Thread-ThreadPoolExecutor-0_7] Successfully processed shape_id=67900700 | distance=4907.4m | confidence=[0.3658] | segments=1 | osm_nodes=816
[2026-07-31 10:21:20] [INFO] [Thread-ThreadPoolExecutor-0_13] Successfully processed shape_id=67900714 | distance=5051.0m | confidence=[0.9835] | segments=1 | osm_nodes=816
[2026-07-31 10:21:20] [INFO] [Thread-ThreadPoolExecutor-0_13] Pre-matching filter removed 18 side-stub point(s) from shape_id=67900750
[2026-07-31 10:21:20] [INFO] [Thread-ThreadPoolExecutor-0_10] Successfully processed shape_id=67900710 | distance=6305.8m | confidence=[0.2308] | segments=1 | osm_nodes=990
[2026-07-31 10:21:20] [INFO] [Thread-ThreadPoolExecutor-0_10] Pre-matching filter removed 44 side-stub point(s) from shape_id=67900751
[2026-07-31 10:21:20] [INFO] [Thread-ThreadPoolExecutor-0_13] Successfully processed shape_id=67900750 | distance=4873.7m | confidence=[0.9783] | segments=1 | osm_nodes=816
[2026-07-31 10:21:20] [INFO] [Thread-ThreadPoolExecutor-0_10] Successfully processed shape_id=67900751 | distance=4863.4m | confidence=[0.9832] | segments=1 | osm_nodes=933
[2026-07-31 10:21:21] [INFO] [Thread-ThreadPoolExecutor-0_11] Pre-matching filter removed 66 side-stub point(s) from shape_id=67900711
[2026-07-31 10:21:21] [INFO] [Thread-ThreadPoolExecutor-0_11] Successfully processed shape_id=67900711 | distance=10846.0m | confidence=[0.9813] | segments=1 | osm_nodes=518
[2026-07-31 10:21:21] [INFO] [Thread-ThreadPoolExecutor-0_3] Pre-matching filter removed 72 side-stub point(s) from shape_id=67900420
[2026-07-31 10:21:21] [INFO] [Thread-ThreadPoolExecutor-0_7] Pre-matching filter removed 50 side-stub point(s) from shape_id=67900749
[2026-07-31 10:21:21] [INFO] [Thread-ThreadPoolExecutor-0_3] Successfully processed shape_id=67900420 | distance=9589.4m | confidence=[0.9858] | segments=1 | osm_nodes=483
[2026-07-31 10:21:21] [INFO] [Thread-ThreadPoolExecutor-0_7] Successfully processed shape_id=67900749 | distance=10594.9m | confidence=[0.9831] | segments=1 | osm_nodes=489
[2026-07-31 10:21:21] [INFO] [Thread-ThreadPoolExecutor-0_14] Pre-matching filter removed 80 side-stub point(s) from shape_id=67900717
[2026-07-31 10:21:21] [INFO] [Thread-ThreadPoolExecutor-0_12] Pre-matching filter removed 86 side-stub point(s) from shape_id=67900712
[2026-07-31 10:21:21] [INFO] [Thread-ThreadPoolExecutor-0_14] Successfully processed shape_id=67900717 | distance=10618.8m | confidence=[0.9859] | segments=1 | osm_nodes=483
[2026-07-31 10:21:21] [INFO] [Thread-ThreadPoolExecutor-0_14] Pre-matching filter removed 54 side-stub point(s) from shape_id=67900839
[2026-07-31 10:21:21] [INFO] [Thread-ThreadPoolExecutor-0_12] Successfully processed shape_id=67900712 | distance=12163.2m | confidence=[0.9749] | segments=1 | osm_nodes=577
[2026-07-31 10:21:21] [INFO] [Thread-ThreadPoolExecutor-0_15] Pre-matching filter removed 88 side-stub point(s) from shape_id=67900729
[2026-07-31 10:21:21] [INFO] [Thread-ThreadPoolExecutor-0_15] Successfully processed shape_id=67900729 | distance=8617.4m | confidence=[0.9834] | segments=1 | osm_nodes=408
[2026-07-31 10:21:21] [INFO] [Thread-ThreadPoolExecutor-0_9] Pre-matching filter removed 98 side-stub point(s) from shape_id=67900703
[2026-07-31 10:21:22] [INFO] [Thread-ThreadPoolExecutor-0_2] Pre-matching filter removed 103 side-stub point(s) from shape_id=67900246
[2026-07-31 10:21:22] [INFO] [Thread-ThreadPoolExecutor-0_9] Successfully processed shape_id=67900703 | distance=11723.9m | confidence=[0.9851] | segments=1 | osm_nodes=534
[2026-07-31 10:21:22] [INFO] [Thread-ThreadPoolExecutor-0_9] Pre-matching filter removed 11 side-stub point(s) from shape_id=67900896
[2026-07-31 10:21:22] [INFO] [Thread-ThreadPoolExecutor-0_14] Successfully processed shape_id=67900839 | distance=5815.7m | confidence=[0.9816] | segments=1 | osm_nodes=1105
[2026-07-31 10:21:22] [INFO] [Thread-ThreadPoolExecutor-0_6] Pre-matching filter removed 84 side-stub point(s) from shape_id=67900731
[2026-07-31 10:21:22] [INFO] [Thread-ThreadPoolExecutor-0_8] Pre-matching filter removed 105 side-stub point(s) from shape_id=67900701
[2026-07-31 10:21:22] [INFO] [Thread-ThreadPoolExecutor-0_6] Successfully processed shape_id=67900731 | distance=8579.9m | confidence=[0.9856] | segments=1 | osm_nodes=407
[2026-07-31 10:21:22] [INFO] [Thread-ThreadPoolExecutor-0_2] Successfully processed shape_id=67900246 | distance=18114.3m | confidence=[0.9674] | segments=1 | osm_nodes=1043
[2026-07-31 10:21:22] [INFO] [Thread-ThreadPoolExecutor-0_2] Pre-matching filter removed 57 side-stub point(s) from shape_id=67900904
[2026-07-31 10:21:22] [INFO] [Thread-ThreadPoolExecutor-0_8] Successfully processed shape_id=67900701 | distance=11691.4m | confidence=[0.9841] | segments=1 | osm_nodes=521
[2026-07-31 10:21:22] [INFO] [Thread-ThreadPoolExecutor-0_9] Successfully processed shape_id=67900896 | distance=5851.0m | confidence=[0.9746] | segments=1 | osm_nodes=839
[2026-07-31 10:21:22] [INFO] [Thread-ThreadPoolExecutor-0_9] Pre-matching filter removed 36 side-stub point(s) from shape_id=67900940
[2026-07-31 10:21:22] [INFO] [Thread-ThreadPoolExecutor-0_1] Pre-matching filter removed 115 side-stub point(s) from shape_id=67900096
[2026-07-31 10:21:22] [INFO] [Thread-ThreadPoolExecutor-0_9] Successfully processed shape_id=67900940 | distance=3167.5m | confidence=[0.9718] | segments=1 | osm_nodes=614
[2026-07-31 10:21:22] [INFO] [Thread-ThreadPoolExecutor-0_9] Pre-matching filter removed 28 side-stub point(s) from shape_id=67900941
[2026-07-31 10:21:22] [INFO] [Thread-ThreadPoolExecutor-0_1] Successfully processed shape_id=67900096 | distance=12872.2m | confidence=[0.9834] | segments=1 | osm_nodes=656
[2026-07-31 10:21:22] [INFO] [Thread-ThreadPoolExecutor-0_6] Pre-matching filter removed 15 side-stub point(s) from shape_id=67900903
[2026-07-31 10:21:22] [INFO] [Thread-ThreadPoolExecutor-0_9] Successfully processed shape_id=67900941 | distance=3184.6m | confidence=[0.9849] | segments=1 | osm_nodes=597
[2026-07-31 10:21:22] [INFO] [Thread-ThreadPoolExecutor-0_9] Pre-matching filter removed 5 side-stub point(s) from shape_id=67900949
[2026-07-31 10:21:22] [INFO] [Thread-ThreadPoolExecutor-0_6] Successfully processed shape_id=67900903 | distance=10287.6m | confidence=[0.9846] | segments=1 | osm_nodes=404
[2026-07-31 10:21:22] [INFO] [Thread-ThreadPoolExecutor-0_2] Successfully processed shape_id=67900904 | distance=5581.9m | confidence=[0.9831] | segments=1 | osm_nodes=1031
[2026-07-31 10:21:22] [INFO] [Thread-ThreadPoolExecutor-0_13] Pre-matching filter removed 65 side-stub point(s) from shape_id=67900752
[2026-07-31 10:21:23] [INFO] [Thread-ThreadPoolExecutor-0_13] Successfully processed shape_id=67900752 | distance=10778.0m | confidence=[0.9761] | segments=1 | osm_nodes=502
[2026-07-31 10:21:23] [INFO] [Thread-ThreadPoolExecutor-0_9] Successfully processed shape_id=67900949 | distance=4178.1m | confidence=[0.981] | segments=1 | osm_nodes=681
[2026-07-31 10:21:23] [INFO] [Thread-ThreadPoolExecutor-0_9] Pre-matching filter removed 20 side-stub point(s) from shape_id=67900956
[2026-07-31 10:21:23] [INFO] [Thread-ThreadPoolExecutor-0_8] Pre-matching filter removed 68 side-stub point(s) from shape_id=67900905
[2026-07-31 10:21:23] [INFO] [Thread-ThreadPoolExecutor-0_0] Pre-matching filter removed 140 side-stub point(s) from shape_id=67900095
[2026-07-31 10:21:23] [INFO] [Thread-ThreadPoolExecutor-0_15] Pre-matching filter removed 45 side-stub point(s) from shape_id=67900894
[2026-07-31 10:21:23] [INFO] [Thread-ThreadPoolExecutor-0_0] Successfully processed shape_id=67900095 | distance=14980.1m | confidence=[0.9819] | segments=1 | osm_nodes=764
[2026-07-31 10:21:23] [INFO] [Thread-ThreadPoolExecutor-0_15] Successfully processed shape_id=67900894 | distance=13732.8m | confidence=[0.98] | segments=1 | osm_nodes=566
[2026-07-31 10:21:23] [INFO] [Thread-ThreadPoolExecutor-0_9] Successfully processed shape_id=67900956 | distance=4380.4m | confidence=[0.3339] | segments=1 | osm_nodes=714
[2026-07-31 10:21:23] [INFO] [Thread-ThreadPoolExecutor-0_11] Pre-matching filter removed 82 side-stub point(s) from shape_id=67900755
[2026-07-31 10:21:23] [INFO] [Thread-ThreadPoolExecutor-0_10] Pre-matching filter removed 91 side-stub point(s) from shape_id=67900754
[2026-07-31 10:21:23] [INFO] [Thread-ThreadPoolExecutor-0_11] Successfully processed shape_id=67900755 | distance=8622.7m | confidence=[0.9839] | segments=1 | osm_nodes=425
[2026-07-31 10:21:23] [INFO] [Thread-ThreadPoolExecutor-0_14] Pre-matching filter removed 55 side-stub point(s) from shape_id=67900899
[2026-07-31 10:21:23] [INFO] [Thread-ThreadPoolExecutor-0_8] Successfully processed shape_id=67900905 | distance=6346.4m | confidence=[0.9787] | segments=1 | osm_nodes=1186
[2026-07-31 10:21:23] [INFO] [Thread-ThreadPoolExecutor-0_10] Successfully processed shape_id=67900754 | distance=10477.9m | confidence=[0.9832] | segments=1 | osm_nodes=525
[2026-07-31 10:21:23] [INFO] [Thread-ThreadPoolExecutor-0_14] Successfully processed shape_id=67900899 | distance=16135.3m | confidence=[0.9804] | segments=1 | osm_nodes=655
[2026-07-31 10:21:23] [INFO] [Thread-ThreadPoolExecutor-0_7] Pre-matching filter removed 82 side-stub point(s) from shape_id=67900758
[2026-07-31 10:21:24] [INFO] [Thread-ThreadPoolExecutor-0_7] Successfully processed shape_id=67900758 | distance=8743.2m | confidence=[0.9838] | segments=1 | osm_nodes=440
[2026-07-31 10:21:24] [INFO] [Thread-ThreadPoolExecutor-0_3] Pre-matching filter removed 95 side-stub point(s) from shape_id=67900757
[2026-07-31 10:21:24] [INFO] [Thread-ThreadPoolExecutor-0_7] Pre-matching filter removed 58 side-stub point(s) from shape_id=67901111
[2026-07-31 10:21:24] [INFO] [Thread-ThreadPoolExecutor-0_3] Successfully processed shape_id=67900757 | distance=10444.1m | confidence=[0.9841] | segments=1 | osm_nodes=528
[2026-07-31 10:21:24] [INFO] [Thread-ThreadPoolExecutor-0_2] Pre-matching filter removed 54 side-stub point(s) from shape_id=67900953
[2026-07-31 10:21:24] [INFO] [Thread-ThreadPoolExecutor-0_12] Pre-matching filter removed 89 side-stub point(s) from shape_id=67900890
[2026-07-31 10:21:24] [INFO] [Thread-ThreadPoolExecutor-0_7] Successfully processed shape_id=67901111 | distance=5817.2m | confidence=[0.9779] | segments=1 | osm_nodes=1092
[2026-07-31 10:21:24] [INFO] [Thread-ThreadPoolExecutor-0_6] Pre-matching filter removed 57 side-stub point(s) from shape_id=67900951
[2026-07-31 10:21:24] [INFO] [Thread-ThreadPoolExecutor-0_2] Successfully processed shape_id=67900953 | distance=8359.6m | confidence=[0.9802] | segments=1 | osm_nodes=438
[2026-07-31 10:21:24] [INFO] [Thread-ThreadPoolExecutor-0_2] Pre-matching filter removed 13 side-stub point(s) from shape_id=67901144
[2026-07-31 10:21:24] [INFO] [Thread-ThreadPoolExecutor-0_1] Pre-matching filter removed 66 side-stub point(s) from shape_id=67900947
[2026-07-31 10:21:24] [INFO] [Thread-ThreadPoolExecutor-0_6] Successfully processed shape_id=67900951 | distance=8703.3m | confidence=[0.9841] | segments=1 | osm_nodes=467
[2026-07-31 10:21:24] [INFO] [Thread-ThreadPoolExecutor-0_6] Pre-matching filter removed 9 side-stub point(s) from shape_id=67901145
[2026-07-31 10:21:24] [INFO] [Thread-ThreadPoolExecutor-0_2] Successfully processed shape_id=67901144 | distance=2783.1m | confidence=[0.3546] | segments=1 | osm_nodes=465
[2026-07-31 10:21:24] [INFO] [Thread-ThreadPoolExecutor-0_1] Successfully processed shape_id=67900947 | distance=12911.6m | confidence=[0.9835] | segments=1 | osm_nodes=661
[2026-07-31 10:21:25] [INFO] [Thread-ThreadPoolExecutor-0_1] Pre-matching filter removed 24 side-stub point(s) from shape_id=67901166
[2026-07-31 10:21:25] [INFO] [Thread-ThreadPoolExecutor-0_6] Successfully processed shape_id=67901145 | distance=2571.0m | confidence=[0.9857] | segments=1 | osm_nodes=428
[2026-07-31 10:21:25] [INFO] [Thread-ThreadPoolExecutor-0_6] Pre-matching filter removed 22 side-stub point(s) from shape_id=67901168
[2026-07-31 10:21:25] [INFO] [Thread-ThreadPoolExecutor-0_12] Successfully processed shape_id=67900890 | distance=21314.7m | confidence=[0.9505] | segments=1 | osm_nodes=1117
[2026-07-31 10:21:25] [INFO] [Thread-ThreadPoolExecutor-0_13] Pre-matching filter removed 60 side-stub point(s) from shape_id=67900954
[2026-07-31 10:21:25] [INFO] [Thread-ThreadPoolExecutor-0_1] Successfully processed shape_id=67901166 | distance=2652.6m | confidence=[0.8539] | segments=1 | osm_nodes=457
[2026-07-31 10:21:25] [INFO] [Thread-ThreadPoolExecutor-0_6] Successfully processed shape_id=67901168 | distance=2701.9m | confidence=[0.9525] | segments=1 | osm_nodes=499
[2026-07-31 10:21:25] [INFO] [Thread-ThreadPoolExecutor-0_6] Pre-matching filter removed 5 side-stub point(s) from shape_id=67901184
[2026-07-31 10:21:25] [INFO] [Thread-ThreadPoolExecutor-0_13] Successfully processed shape_id=67900954 | distance=12503.4m | confidence=[0.9824] | segments=1 | osm_nodes=640
[2026-07-31 10:21:25] [INFO] [Thread-ThreadPoolExecutor-0_13] Pre-matching filter removed 4 side-stub point(s) from shape_id=67901187
[2026-07-31 10:21:25] [INFO] [Thread-ThreadPoolExecutor-0_4] Pre-matching filter removed 185 side-stub point(s) from shape_id=67900582
[2026-07-31 10:21:25] [INFO] [Thread-ThreadPoolExecutor-0_6] Successfully processed shape_id=67901184 | distance=1175.7m | confidence=[0.7669] | segments=1 | osm_nodes=192
[2026-07-31 10:21:25] [INFO] [Thread-ThreadPoolExecutor-0_13] Successfully processed shape_id=67901187 | distance=1170.2m | confidence=[0.973] | segments=1 | osm_nodes=220
[2026-07-31 10:21:25] [INFO] [Thread-ThreadPoolExecutor-0_4] Successfully processed shape_id=67900582 | distance=30299.5m | confidence=[0.9844] | segments=1 | osm_nodes=1379
[2026-07-31 10:21:25] [INFO] [Thread-ThreadPoolExecutor-0_5] Pre-matching filter removed 197 side-stub point(s) from shape_id=67900593
[2026-07-31 10:21:25] [INFO] [Thread-ThreadPoolExecutor-0_15] Pre-matching filter removed 71 side-stub point(s) from shape_id=67900959
[2026-07-31 10:21:25] [INFO] [Thread-ThreadPoolExecutor-0_14] Pre-matching filter removed 66 side-stub point(s) from shape_id=67901110
[2026-07-31 10:21:25] [INFO] [Thread-ThreadPoolExecutor-0_0] Pre-matching filter removed 77 side-stub point(s) from shape_id=67900957
[2026-07-31 10:21:25] [INFO] [Thread-ThreadPoolExecutor-0_14] Successfully processed shape_id=67901110 | distance=6231.5m | confidence=[0.9859] | segments=1 | osm_nodes=267
[2026-07-31 10:21:25] [INFO] [Thread-ThreadPoolExecutor-0_5] Successfully processed shape_id=67900593 | distance=31585.9m | confidence=[0.9824] | segments=1 | osm_nodes=1471
[2026-07-31 10:21:25] [INFO] [Thread-ThreadPoolExecutor-0_15] Successfully processed shape_id=67900959 | distance=12341.6m | confidence=[0.9817] | segments=1 | osm_nodes=643
[2026-07-31 10:21:25] [INFO] [Thread-ThreadPoolExecutor-0_0] Successfully processed shape_id=67900957 | distance=12729.4m | confidence=[0.9828] | segments=1 | osm_nodes=663
[2026-07-31 10:21:26] [INFO] [Thread-ThreadPoolExecutor-0_10] Pre-matching filter removed 79 side-stub point(s) from shape_id=67901054
[2026-07-31 10:21:26] [INFO] [Thread-ThreadPoolExecutor-0_10] Successfully processed shape_id=67901054 | distance=17451.1m | confidence=[0.9792] | segments=1 | osm_nodes=920
[2026-07-31 10:21:26] [INFO] [Thread-ThreadPoolExecutor-0_2] Pre-matching filter removed 59 side-stub point(s) from shape_id=67901151
[2026-07-31 10:21:26] [INFO] [Thread-ThreadPoolExecutor-0_2] Successfully processed shape_id=67901151 | distance=18690.8m | confidence=[0.9829] | segments=1 | osm_nodes=1061
[2026-07-31 10:21:26] [INFO] [Thread-ThreadPoolExecutor-0_5] Pre-matching filter removed 36 side-stub point(s) from shape_id=67901275
[2026-07-31 10:21:27] [INFO] [Thread-ThreadPoolExecutor-0_5] Successfully processed shape_id=67901275 | distance=17695.7m | confidence=[0.9505] | segments=1 | osm_nodes=892
[2026-07-31 10:21:27] [INFO] [Thread-ThreadPoolExecutor-0_5] Pre-matching filter removed 43 side-stub point(s) from shape_id=67901295
[2026-07-31 10:21:27] [INFO] [Thread-ThreadPoolExecutor-0_9] Pre-matching filter removed 127 side-stub point(s) from shape_id=67901031
[2026-07-31 10:21:27] [INFO] [Thread-ThreadPoolExecutor-0_5] Successfully processed shape_id=67901295 | distance=4259.0m | confidence=[0.9792] | segments=1 | osm_nodes=800
[2026-07-31 10:21:27] [INFO] [Thread-ThreadPoolExecutor-0_14] Pre-matching filter removed 50 side-stub point(s) from shape_id=67901274
[2026-07-31 10:21:27] [INFO] [Thread-ThreadPoolExecutor-0_9] Successfully processed shape_id=67901031 | distance=13104.3m | confidence=[0.9804] | segments=1 | osm_nodes=609
[2026-07-31 10:21:27] [INFO] [Thread-ThreadPoolExecutor-0_9] Pre-matching filter removed 40 side-stub point(s) from shape_id=67901299
[2026-07-31 10:21:27] [INFO] [Thread-ThreadPoolExecutor-0_15] Pre-matching filter removed 55 side-stub point(s) from shape_id=67901277
[2026-07-31 10:21:27] [INFO] [Thread-ThreadPoolExecutor-0_0] Pre-matching filter removed 59 side-stub point(s) from shape_id=67901286
[2026-07-31 10:21:27] [INFO] [Thread-ThreadPoolExecutor-0_14] Successfully processed shape_id=67901274 | distance=16678.2m | confidence=[0.9829] | segments=1 | osm_nodes=818
[2026-07-31 10:21:27] [INFO] [Thread-ThreadPoolExecutor-0_9] Successfully processed shape_id=67901299 | distance=4223.0m | confidence=[0.8314] | segments=1 | osm_nodes=762
[2026-07-31 10:21:27] [INFO] [Thread-ThreadPoolExecutor-0_0] Successfully processed shape_id=67901286 | distance=14154.0m | confidence=[0.9783] | segments=1 | osm_nodes=734
[2026-07-31 10:21:28] [INFO] [Thread-ThreadPoolExecutor-0_0] Pre-matching filter removed 57 side-stub point(s) from shape_id=67901328
[2026-07-31 10:21:28] [INFO] [Thread-ThreadPoolExecutor-0_15] Successfully processed shape_id=67901277 | distance=14235.6m | confidence=[0.9665] | segments=1 | osm_nodes=751
[2026-07-31 10:21:28] [INFO] [Thread-ThreadPoolExecutor-0_0] Successfully processed shape_id=67901328 | distance=5911.2m | confidence=[0.9789] | segments=1 | osm_nodes=1108
[2026-07-31 10:21:28] [INFO] [Thread-ThreadPoolExecutor-0_13] Pre-matching filter removed 106 side-stub point(s) from shape_id=67901231
[2026-07-31 10:21:28] [INFO] [Thread-ThreadPoolExecutor-0_15] Pre-matching filter removed 58 side-stub point(s) from shape_id=67901333
[2026-07-31 10:21:28] [INFO] [Thread-ThreadPoolExecutor-0_13] Successfully processed shape_id=67901231 | distance=10919.7m | confidence=[0.9841] | segments=1 | osm_nodes=465
[2026-07-31 10:21:28] [INFO] [Thread-ThreadPoolExecutor-0_9] Pre-matching filter removed 69 side-stub point(s) from shape_id=67901326
[2026-07-31 10:21:28] [INFO] [Thread-ThreadPoolExecutor-0_10] Pre-matching filter removed 78 side-stub point(s) from shape_id=67901291
[2026-07-31 10:21:28] [INFO] [Thread-ThreadPoolExecutor-0_10] Successfully processed shape_id=67901291 | distance=7555.0m | confidence=[0.9824] | segments=1 | osm_nodes=368
[2026-07-31 10:21:29] [INFO] [Thread-ThreadPoolExecutor-0_3] Pre-matching filter removed 143 side-stub point(s) from shape_id=67901116
[2026-07-31 10:21:29] [INFO] [Thread-ThreadPoolExecutor-0_15] Successfully processed shape_id=67901333 | distance=6242.3m | confidence=[0.982] | segments=1 | osm_nodes=1140
[2026-07-31 10:21:29] [INFO] [Thread-ThreadPoolExecutor-0_4] Pre-matching filter removed 109 side-stub point(s) from shape_id=67901234
[2026-07-31 10:21:29] [INFO] [Thread-ThreadPoolExecutor-0_3] Successfully processed shape_id=67901116 | distance=13592.4m | confidence=[0.9789] | segments=1 | osm_nodes=622
[2026-07-31 10:21:29] [INFO] [Thread-ThreadPoolExecutor-0_4] Successfully processed shape_id=67901234 | distance=10997.8m | confidence=[0.9805] | segments=1 | osm_nodes=483
[2026-07-31 10:21:29] [INFO] [Thread-ThreadPoolExecutor-0_9] Successfully processed shape_id=67901326 | distance=6401.6m | confidence=[0.9713] | segments=1 | osm_nodes=1160
[2026-07-31 10:21:29] [INFO] [Thread-ThreadPoolExecutor-0_7] Pre-matching filter removed 145 side-stub point(s) from shape_id=67901117
[2026-07-31 10:21:29] [INFO] [Thread-ThreadPoolExecutor-0_7] Successfully processed shape_id=67901117 | distance=14648.1m | confidence=[0.9773] | segments=1 | osm_nodes=699
[2026-07-31 10:21:29] [INFO] [Thread-ThreadPoolExecutor-0_0] Pre-matching filter removed 56 side-stub point(s) from shape_id=67901334
[2026-07-31 10:21:30] [INFO] [Thread-ThreadPoolExecutor-0_0] Successfully processed shape_id=67901334 | distance=6656.4m | confidence=[0.9858] | segments=1 | osm_nodes=1196
[2026-07-31 10:21:30] [INFO] [Thread-ThreadPoolExecutor-0_5] Pre-matching filter removed 72 side-stub point(s) from shape_id=67901298
[2026-07-31 10:21:30] [INFO] [Thread-ThreadPoolExecutor-0_11] Pre-matching filter removed 190 side-stub point(s) from shape_id=67901039
[2026-07-31 10:21:30] [INFO] [Thread-ThreadPoolExecutor-0_5] Successfully processed shape_id=67901298 | distance=7174.0m | confidence=[0.9817] | segments=1 | osm_nodes=330
[2026-07-31 10:21:30] [INFO] [Thread-ThreadPoolExecutor-0_5] Pre-matching filter removed 35 side-stub point(s) from shape_id=67901449
[2026-07-31 10:21:30] [INFO] [Thread-ThreadPoolExecutor-0_8] Pre-matching filter removed 188 side-stub point(s) from shape_id=67901042
[2026-07-31 10:21:30] [INFO] [Thread-ThreadPoolExecutor-0_11] Successfully processed shape_id=67901039 | distance=20424.4m | confidence=[0.9813] | segments=1 | osm_nodes=856
[2026-07-31 10:21:30] [INFO] [Thread-ThreadPoolExecutor-0_11] Pre-matching filter removed 34 side-stub point(s) from shape_id=67901457
[2026-07-31 10:21:30] [INFO] [Thread-ThreadPoolExecutor-0_1] Pre-matching filter removed 158 side-stub point(s) from shape_id=67901180
[2026-07-31 10:21:30] [INFO] [Thread-ThreadPoolExecutor-0_5] Successfully processed shape_id=67901449 | distance=3258.6m | confidence=[0.9654] | segments=1 | osm_nodes=617
[2026-07-31 10:21:30] [INFO] [Thread-ThreadPoolExecutor-0_5] Pre-matching filter removed 50 side-stub point(s) from shape_id=67901463
[2026-07-31 10:21:30] [INFO] [Thread-ThreadPoolExecutor-0_8] Successfully processed shape_id=67901042 | distance=20512.2m | confidence=[0.982] | segments=1 | osm_nodes=870
[2026-07-31 10:21:30] [INFO] [Thread-ThreadPoolExecutor-0_11] Successfully processed shape_id=67901457 | distance=3289.4m | confidence=[0.9771] | segments=1 | osm_nodes=636
[2026-07-31 10:21:30] [INFO] [Thread-ThreadPoolExecutor-0_1] Successfully processed shape_id=67901180 | distance=25476.4m | confidence=[0.9817] | segments=1 | osm_nodes=1414
[2026-07-31 10:21:30] [INFO] [Thread-ThreadPoolExecutor-0_1] Pre-matching filter removed 39 side-stub point(s) from shape_id=67901499
[2026-07-31 10:21:30] [INFO] [Thread-ThreadPoolExecutor-0_5] Successfully processed shape_id=67901463 | distance=4794.8m | confidence=[0.9769] | segments=1 | osm_nodes=917
[2026-07-31 10:21:30] [INFO] [Thread-ThreadPoolExecutor-0_5] Pre-matching filter removed 40 side-stub point(s) from shape_id=67901500
[2026-07-31 10:21:30] [INFO] [Thread-ThreadPoolExecutor-0_12] Pre-matching filter removed 169 side-stub point(s) from shape_id=67901178
[2026-07-31 10:21:31] [INFO] [Thread-ThreadPoolExecutor-0_1] Successfully processed shape_id=67901499 | distance=4118.5m | confidence=[0.9811] | segments=1 | osm_nodes=725
[2026-07-31 10:21:31] [INFO] [Thread-ThreadPoolExecutor-0_1] Pre-matching filter removed 43 side-stub point(s) from shape_id=67901512
[2026-07-31 10:21:31] [INFO] [Thread-ThreadPoolExecutor-0_6] Pre-matching filter removed 170 side-stub point(s) from shape_id=67901192
[2026-07-31 10:21:31] [INFO] [Thread-ThreadPoolExecutor-0_5] Successfully processed shape_id=67901500 | distance=4038.1m | confidence=[0.9813] | segments=1 | osm_nodes=761
[2026-07-31 10:21:31] [INFO] [Thread-ThreadPoolExecutor-0_2] Pre-matching filter removed 122 side-stub point(s) from shape_id=67901293
[2026-07-31 10:21:31] [INFO] [Thread-ThreadPoolExecutor-0_12] Successfully processed shape_id=67901178 | distance=25619.0m | confidence=[0.9845] | segments=1 | osm_nodes=1409
[2026-07-31 10:21:31] [INFO] [Thread-ThreadPoolExecutor-0_12] Pre-matching filter removed 43 side-stub point(s) from shape_id=67901522
[2026-07-31 10:21:31] [INFO] [Thread-ThreadPoolExecutor-0_2] Successfully processed shape_id=67901293 | distance=11768.5m | confidence=[0.9829] | segments=1 | osm_nodes=549
[2026-07-31 10:21:31] [INFO] [Thread-ThreadPoolExecutor-0_6] Successfully processed shape_id=67901192 | distance=18651.0m | confidence=[0.9817] | segments=1 | osm_nodes=1027
[2026-07-31 10:21:31] [INFO] [Thread-ThreadPoolExecutor-0_14] Pre-matching filter removed 113 side-stub point(s) from shape_id=67901300
[2026-07-31 10:21:31] [INFO] [Thread-ThreadPoolExecutor-0_1] Successfully processed shape_id=67901512 | distance=4986.6m | confidence=[0.9798] | segments=1 | osm_nodes=910
[2026-07-31 10:21:31] [INFO] [Thread-ThreadPoolExecutor-0_14] Successfully processed shape_id=67901300 | distance=11212.8m | confidence=[0.9831] | segments=1 | osm_nodes=511
[2026-07-31 10:21:32] [INFO] [Thread-ThreadPoolExecutor-0_12] Successfully processed shape_id=67901522 | distance=4914.2m | confidence=[0.9846] | segments=1 | osm_nodes=918
[2026-07-31 10:21:32] [INFO] [Thread-ThreadPoolExecutor-0_15] Pre-matching filter removed 106 side-stub point(s) from shape_id=67901344
[2026-07-31 10:21:32] [INFO] [Thread-ThreadPoolExecutor-0_15] Successfully processed shape_id=67901344 | distance=13763.9m | confidence=[0.9858] | segments=1 | osm_nodes=651
[2026-07-31 10:21:32] [INFO] [Thread-ThreadPoolExecutor-0_13] Pre-matching filter removed 127 side-stub point(s) from shape_id=67901341
[2026-07-31 10:21:33] [INFO] [Thread-ThreadPoolExecutor-0_13] Successfully processed shape_id=67901341 | distance=14339.4m | confidence=[0.9856] | segments=1 | osm_nodes=702
[2026-07-31 10:21:33] [INFO] [Thread-ThreadPoolExecutor-0_13] Pre-matching filter removed 42 side-stub point(s) from shape_id=67901604
[2026-07-31 10:21:33] [INFO] [Thread-ThreadPoolExecutor-0_3] Pre-matching filter removed 117 side-stub point(s) from shape_id=67901345
[2026-07-31 10:21:33] [INFO] [Thread-ThreadPoolExecutor-0_4] Pre-matching filter removed 120 side-stub point(s) from shape_id=67901347
[2026-07-31 10:21:33] [INFO] [Thread-ThreadPoolExecutor-0_3] Successfully processed shape_id=67901345 | distance=14889.8m | confidence=[0.984] | segments=1 | osm_nodes=729
[2026-07-31 10:21:33] [INFO] [Thread-ThreadPoolExecutor-0_4] Successfully processed shape_id=67901347 | distance=15679.0m | confidence=[0.9854] | segments=1 | osm_nodes=755
[2026-07-31 10:21:33] [INFO] [Thread-ThreadPoolExecutor-0_9] Pre-matching filter removed 130 side-stub point(s) from shape_id=67901348
[2026-07-31 10:21:33] [INFO] [Thread-ThreadPoolExecutor-0_10] Pre-matching filter removed 140 side-stub point(s) from shape_id=67901342
[2026-07-31 10:21:33] [INFO] [Thread-ThreadPoolExecutor-0_5] Pre-matching filter removed 79 side-stub point(s) from shape_id=67901514
[2026-07-31 10:21:33] [INFO] [Thread-ThreadPoolExecutor-0_5] Successfully processed shape_id=67901514 | distance=7871.1m | confidence=[0.9807] | segments=1 | osm_nodes=369
[2026-07-31 10:21:33] [INFO] [Thread-ThreadPoolExecutor-0_13] Successfully processed shape_id=67901604 | distance=4648.5m | confidence=[0.9837] | segments=1 | osm_nodes=893
[2026-07-31 10:21:33] [INFO] [Thread-ThreadPoolExecutor-0_13] Pre-matching filter removed 47 side-stub point(s) from shape_id=67901627
[2026-07-31 10:21:33] [INFO] [Thread-ThreadPoolExecutor-0_9] Successfully processed shape_id=67901348 | distance=16931.6m | confidence=[0.9818] | segments=1 | osm_nodes=859
[2026-07-31 10:21:33] [INFO] [Thread-ThreadPoolExecutor-0_1] Pre-matching filter removed 66 side-stub point(s) from shape_id=67901597
[2026-07-31 10:21:33] [INFO] [Thread-ThreadPoolExecutor-0_10] Successfully processed shape_id=67901342 | distance=15992.8m | confidence=[0.9854] | segments=1 | osm_nodes=784
[2026-07-31 10:21:33] [INFO] [Thread-ThreadPoolExecutor-0_10] Pre-matching filter removed 65 side-stub point(s) from shape_id=67901654
[2026-07-31 10:21:33] [INFO] [Thread-ThreadPoolExecutor-0_1] Successfully processed shape_id=67901597 | distance=7251.9m | confidence=[0.9821] | segments=1 | osm_nodes=386
[2026-07-31 10:21:34] [INFO] [Thread-ThreadPoolExecutor-0_7] Pre-matching filter removed 140 side-stub point(s) from shape_id=67901350
[2026-07-31 10:21:34] [INFO] [Thread-ThreadPoolExecutor-0_10] Successfully processed shape_id=67901654 | distance=5864.4m | confidence=[0.9801] | segments=1 | osm_nodes=1057
[2026-07-31 10:21:34] [INFO] [Thread-ThreadPoolExecutor-0_10] Pre-matching filter removed 60 side-stub point(s) from shape_id=67901664
[2026-07-31 10:21:34] [INFO] [Thread-ThreadPoolExecutor-0_7] Successfully processed shape_id=67901350 | distance=15239.3m | confidence=[0.9846] | segments=1 | osm_nodes=784
[2026-07-31 10:21:34] [INFO] [Thread-ThreadPoolExecutor-0_8] Pre-matching filter removed 129 side-stub point(s) from shape_id=67901464
[2026-07-31 10:21:34] [INFO] [Thread-ThreadPoolExecutor-0_6] Pre-matching filter removed 105 side-stub point(s) from shape_id=67901526
[2026-07-31 10:21:34] [INFO] [Thread-ThreadPoolExecutor-0_8] Successfully processed shape_id=67901464 | distance=9831.8m | confidence=[0.9818] | segments=1 | osm_nodes=558
[2026-07-31 10:21:34] [INFO] [Thread-ThreadPoolExecutor-0_13] Successfully processed shape_id=67901627 | distance=4910.4m | confidence=[0.9786] | segments=1 | osm_nodes=884
[2026-07-31 10:21:34] [INFO] [Thread-ThreadPoolExecutor-0_10] Successfully processed shape_id=67901664 | distance=6225.4m | confidence=[0.6453] | segments=1 | osm_nodes=1051
[2026-07-31 10:21:34] [INFO] [Thread-ThreadPoolExecutor-0_13] Pre-matching filter removed 26 side-stub point(s) from shape_id=67901706
[2026-07-31 10:21:34] [INFO] [Thread-ThreadPoolExecutor-0_6] Successfully processed shape_id=67901526 | distance=11254.3m | confidence=[0.9811] | segments=1 | osm_nodes=509
[2026-07-31 10:21:34] [INFO] [Thread-ThreadPoolExecutor-0_6] Pre-matching filter removed 23 side-stub point(s) from shape_id=67901708
[2026-07-31 10:21:34] [INFO] [Thread-ThreadPoolExecutor-0_15] Pre-matching filter removed 64 side-stub point(s) from shape_id=67901603
[2026-07-31 10:21:34] [INFO] [Thread-ThreadPoolExecutor-0_11] Pre-matching filter removed 130 side-stub point(s) from shape_id=67901465
[2026-07-31 10:21:34] [INFO] [Thread-ThreadPoolExecutor-0_11] Successfully processed shape_id=67901465 | distance=10340.2m | confidence=[0.9795] | segments=1 | osm_nodes=615
[2026-07-31 10:21:34] [INFO] [Thread-ThreadPoolExecutor-0_15] Successfully processed shape_id=67901603 | distance=7442.2m | confidence=[0.9833] | segments=1 | osm_nodes=406
[2026-07-31 10:21:34] [INFO] [Thread-ThreadPoolExecutor-0_15] Pre-matching filter removed 12 side-stub point(s) from shape_id=67901728
[2026-07-31 10:21:34] [INFO] [Thread-ThreadPoolExecutor-0_0] Pre-matching filter removed 153 side-stub point(s) from shape_id=67901351
[2026-07-31 10:21:35] [INFO] [Thread-ThreadPoolExecutor-0_2] Pre-matching filter removed 121 side-stub point(s) from shape_id=67901523
[2026-07-31 10:21:35] [INFO] [Thread-ThreadPoolExecutor-0_0] Successfully processed shape_id=67901351 | distance=16892.7m | confidence=[0.9849] | segments=1 | osm_nodes=866
[2026-07-31 10:21:35] [INFO] [Thread-ThreadPoolExecutor-0_6] Successfully processed shape_id=67901708 | distance=3214.9m | confidence=[0.5447] | segments=1 | osm_nodes=618
[2026-07-31 10:21:35] [INFO] [Thread-ThreadPoolExecutor-0_13] Successfully processed shape_id=67901706 | distance=3201.7m | confidence=[0.7981] | segments=1 | osm_nodes=645
[2026-07-31 10:21:35] [INFO] [Thread-ThreadPoolExecutor-0_14] Pre-matching filter removed 109 side-stub point(s) from shape_id=67901598
[2026-07-31 10:21:35] [INFO] [Thread-ThreadPoolExecutor-0_2] Successfully processed shape_id=67901523 | distance=12750.5m | confidence=[0.9813] | segments=1 | osm_nodes=639
[2026-07-31 10:21:35] [INFO] [Thread-ThreadPoolExecutor-0_14] Successfully processed shape_id=67901598 | distance=11901.5m | confidence=[0.9819] | segments=1 | osm_nodes=657
[2026-07-31 10:21:36] [INFO] [Thread-ThreadPoolExecutor-0_3] Pre-matching filter removed 95 side-stub point(s) from shape_id=67901611
[2026-07-31 10:21:36] [INFO] [Thread-ThreadPoolExecutor-0_3] Successfully processed shape_id=67901611 | distance=11383.9m | confidence=[0.9824] | segments=1 | osm_nodes=603
[2026-07-31 10:21:36] [INFO] [Thread-ThreadPoolExecutor-0_13] Pre-matching filter removed 43 side-stub point(s) from shape_id=67901938
[2026-07-31 10:21:36] [INFO] [Thread-ThreadPoolExecutor-0_15] Successfully processed shape_id=67901728 | distance=6733.0m | confidence=[0.9852] | segments=1 | osm_nodes=1125
[2026-07-31 10:21:36] [INFO] [Thread-ThreadPoolExecutor-0_13] Successfully processed shape_id=67901938 | distance=10387.2m | confidence=[0.9798] | segments=1 | osm_nodes=458
[2026-07-31 10:21:36] [INFO] [Thread-ThreadPoolExecutor-0_8] Pre-matching filter removed 80 side-stub point(s) from shape_id=67901682
[2026-07-31 10:21:36] [INFO] [Thread-ThreadPoolExecutor-0_10] Pre-matching filter removed 78 side-stub point(s) from shape_id=67901707
[2026-07-31 10:21:36] [INFO] [Thread-ThreadPoolExecutor-0_8] Successfully processed shape_id=67901682 | distance=9284.0m | confidence=[0.9832] | segments=1 | osm_nodes=415
[2026-07-31 10:21:36] [INFO] [Thread-ThreadPoolExecutor-0_8] Pre-matching filter removed 23 side-stub point(s) from shape_id=67902105
[2026-07-31 10:21:36] [INFO] [Thread-ThreadPoolExecutor-0_10] Successfully processed shape_id=67901707 | distance=8149.0m | confidence=[0.9821] | segments=1 | osm_nodes=323
[2026-07-31 10:21:36] [INFO] [Thread-ThreadPoolExecutor-0_10] Pre-matching filter removed 48 side-stub point(s) from shape_id=67902106
[2026-07-31 10:21:36] [INFO] [Thread-ThreadPoolExecutor-0_7] Pre-matching filter removed 90 side-stub point(s) from shape_id=67901681
[2026-07-31 10:21:36] [INFO] [Thread-ThreadPoolExecutor-0_9] Pre-matching filter removed 108 side-stub point(s) from shape_id=67901628
[2026-07-31 10:21:36] [INFO] [Thread-ThreadPoolExecutor-0_11] Pre-matching filter removed 75 side-stub point(s) from shape_id=67901718
[2026-07-31 10:21:36] [INFO] [Thread-ThreadPoolExecutor-0_0] Pre-matching filter removed 60 side-stub point(s) from shape_id=67901748
[2026-07-31 10:21:36] [INFO] [Thread-ThreadPoolExecutor-0_11] Successfully processed shape_id=67901718 | distance=8358.5m | confidence=[0.9805] | segments=1 | osm_nodes=337
[2026-07-31 10:21:36] [INFO] [Thread-ThreadPoolExecutor-0_7] Successfully processed shape_id=67901681 | distance=10099.4m | confidence=[0.9835] | segments=1 | osm_nodes=463
[2026-07-31 10:21:36] [INFO] [Thread-ThreadPoolExecutor-0_9] Successfully processed shape_id=67901628 | distance=11861.2m | confidence=[0.983] | segments=1 | osm_nodes=650
[2026-07-31 10:21:36] [INFO] [Thread-ThreadPoolExecutor-0_13] Pre-matching filter removed 27 side-stub point(s) from shape_id=67902104
[2026-07-31 10:21:37] [INFO] [Thread-ThreadPoolExecutor-0_0] Successfully processed shape_id=67901748 | distance=7429.4m | confidence=[0.9814] | segments=1 | osm_nodes=386
[2026-07-31 10:21:37] [INFO] [Thread-ThreadPoolExecutor-0_6] Pre-matching filter removed 61 side-stub point(s) from shape_id=67901763
[2026-07-31 10:21:37] [INFO] [Thread-ThreadPoolExecutor-0_12] Pre-matching filter removed 168 side-stub point(s) from shape_id=67901599
[2026-07-31 10:21:37] [INFO] [Thread-ThreadPoolExecutor-0_6] Successfully processed shape_id=67901763 | distance=7670.2m | confidence=[0.986] | segments=1 | osm_nodes=412
[2026-07-31 10:21:37] [INFO] [Thread-ThreadPoolExecutor-0_8] Successfully processed shape_id=67902105 | distance=6797.4m | confidence=[0.9802] | segments=1 | osm_nodes=1045
[2026-07-31 10:21:37] [INFO] [Thread-ThreadPoolExecutor-0_10] Successfully processed shape_id=67902106 | distance=7227.9m | confidence=[0.0068] | segments=1 | osm_nodes=1086
[2026-07-31 10:21:37] [INFO] [Thread-ThreadPoolExecutor-0_12] Successfully processed shape_id=67901599 | distance=18274.1m | confidence=[0.9847] | segments=1 | osm_nodes=932
[2026-07-31 10:21:37] [INFO] [Thread-ThreadPoolExecutor-0_12] Pre-matching filter removed 30 side-stub point(s) from shape_id=67902292
[2026-07-31 10:21:37] [INFO] [Thread-ThreadPoolExecutor-0_2] Pre-matching filter removed 80 side-stub point(s) from shape_id=67901970
[2026-07-31 10:21:37] [INFO] [Thread-ThreadPoolExecutor-0_12] Successfully processed shape_id=67902292 | distance=2685.9m | confidence=[0.9749] | segments=1 | osm_nodes=534
[2026-07-31 10:21:37] [INFO] [Thread-ThreadPoolExecutor-0_13] Successfully processed shape_id=67902104 | distance=7564.3m | confidence=[0.9785, 0.9837] | segments=2 | osm_nodes=1211
[2026-07-31 10:21:37] [INFO] [Thread-ThreadPoolExecutor-0_4] Pre-matching filter removed 156 side-stub point(s) from shape_id=67901612
[2026-07-31 10:21:37] [INFO] [Thread-ThreadPoolExecutor-0_11] Pre-matching filter removed 51 side-stub point(s) from shape_id=67902107
[2026-07-31 10:21:37] [INFO] [Thread-ThreadPoolExecutor-0_4] Successfully processed shape_id=67901612 | distance=18392.4m | confidence=[0.9828] | segments=1 | osm_nodes=978
[2026-07-31 10:21:37] [INFO] [Thread-ThreadPoolExecutor-0_5] Pre-matching filter removed 153 side-stub point(s) from shape_id=67901618
[2026-07-31 10:21:38] [INFO] [Thread-ThreadPoolExecutor-0_2] Successfully processed shape_id=67901970 | distance=15866.8m | confidence=[0.9824] | segments=1 | osm_nodes=797
[2026-07-31 10:21:38] [INFO] [Thread-ThreadPoolExecutor-0_3] Pre-matching filter removed 64 side-stub point(s) from shape_id=67902062
[2026-07-31 10:21:38] [INFO] [Thread-ThreadPoolExecutor-0_5] Successfully processed shape_id=67901618 | distance=14507.1m | confidence=[0.9854] | segments=1 | osm_nodes=771
[2026-07-31 10:21:38] [INFO] [Thread-ThreadPoolExecutor-0_4] Pre-matching filter removed 8 side-stub point(s) from shape_id=67902671
[2026-07-31 10:21:38] [INFO] [Thread-ThreadPoolExecutor-0_3] Successfully processed shape_id=67902062 | distance=9755.9m | confidence=[0.9832] | segments=1 | osm_nodes=530
[2026-07-31 10:21:38] [INFO] [Thread-ThreadPoolExecutor-0_3] Pre-matching filter removed 36 side-stub point(s) from shape_id=67902862
[2026-07-31 10:21:38] [INFO] [Thread-ThreadPoolExecutor-0_7] Pre-matching filter removed 50 side-stub point(s) from shape_id=67902156
[2026-07-31 10:21:38] [INFO] [Thread-ThreadPoolExecutor-0_4] Successfully processed shape_id=67902671 | distance=13769.4m | confidence=[0.9833] | segments=1 | osm_nodes=590
[2026-07-31 10:21:38] [INFO] [Thread-ThreadPoolExecutor-0_4] Pre-matching filter removed 38 side-stub point(s) from shape_id=67902863
[2026-07-31 10:21:38] [INFO] [Thread-ThreadPoolExecutor-0_7] Successfully processed shape_id=67902156 | distance=12450.7m | confidence=[0.9859] | segments=1 | osm_nodes=632
[2026-07-31 10:21:38] [INFO] [Thread-ThreadPoolExecutor-0_11] Successfully processed shape_id=67902107 | distance=7220.7m | confidence=[0.9189, 0.8742] | segments=2 | osm_nodes=1219
[2026-07-31 10:21:38] [INFO] [Thread-ThreadPoolExecutor-0_14] Pre-matching filter removed 120 side-stub point(s) from shape_id=67901971
[2026-07-31 10:21:38] [INFO] [Thread-ThreadPoolExecutor-0_15] Pre-matching filter removed 84 side-stub point(s) from shape_id=67902063
[2026-07-31 10:21:39] [INFO] [Thread-ThreadPoolExecutor-0_15] Successfully processed shape_id=67902063 | distance=13757.6m | confidence=[0.9805] | segments=1 | osm_nodes=717
[2026-07-31 10:21:39] [INFO] [Thread-ThreadPoolExecutor-0_4] Successfully processed shape_id=67902863 | distance=4783.1m | confidence=[0.9625] | segments=1 | osm_nodes=976
[2026-07-31 10:21:39] [INFO] [Thread-ThreadPoolExecutor-0_12] Pre-matching filter removed 59 side-stub point(s) from shape_id=67902402
[2026-07-31 10:21:39] [INFO] [Thread-ThreadPoolExecutor-0_3] Successfully processed shape_id=67902862 | distance=4345.5m | confidence=[0.9841] | segments=1 | osm_nodes=874
[2026-07-31 10:21:39] [INFO] [Thread-ThreadPoolExecutor-0_14] Successfully processed shape_id=67901971 | distance=15940.8m | confidence=[0.9851] | segments=1 | osm_nodes=789
[2026-07-31 10:21:39] [INFO] [Thread-ThreadPoolExecutor-0_12] Successfully processed shape_id=67902402 | distance=9858.1m | confidence=[0.9745] | segments=1 | osm_nodes=576
[2026-07-31 10:21:39] [INFO] [Thread-ThreadPoolExecutor-0_5] Pre-matching filter removed 49 side-stub point(s) from shape_id=67902823
[2026-07-31 10:21:39] [INFO] [Thread-ThreadPoolExecutor-0_1] Pre-matching filter removed 204 side-stub point(s) from shape_id=67901656
[2026-07-31 10:21:39] [INFO] [Thread-ThreadPoolExecutor-0_5] Successfully processed shape_id=67902823 | distance=12311.2m | confidence=[0.9834] | segments=1 | osm_nodes=636
[2026-07-31 10:21:40] [INFO] [Thread-ThreadPoolExecutor-0_1] Successfully processed shape_id=67901656 | distance=19526.0m | confidence=[0.9837] | segments=1 | osm_nodes=861
[2026-07-31 10:21:40] [INFO] [Thread-ThreadPoolExecutor-0_13] Pre-matching filter removed 85 side-stub point(s) from shape_id=67902404
[2026-07-31 10:21:40] [INFO] [Thread-ThreadPoolExecutor-0_9] Pre-matching filter removed 115 side-stub point(s) from shape_id=67902162
[2026-07-31 10:21:40] [INFO] [Thread-ThreadPoolExecutor-0_2] Pre-matching filter removed 73 side-stub point(s) from shape_id=67902673
[2026-07-31 10:21:40] [INFO] [Thread-ThreadPoolExecutor-0_2] Successfully processed shape_id=67902673 | distance=12321.8m | confidence=[0.8749] | segments=1 | osm_nodes=627
[2026-07-31 10:21:40] [INFO] [Thread-ThreadPoolExecutor-0_13] Successfully processed shape_id=67902404 | distance=9869.0m | confidence=[0.9856] | segments=1 | osm_nodes=560
[2026-07-31 10:21:40] [INFO] [Thread-ThreadPoolExecutor-0_9] Successfully processed shape_id=67902162 | distance=14832.8m | confidence=[0.9296] | segments=1 | osm_nodes=744
[2026-07-31 10:21:40] [INFO] [Thread-ThreadPoolExecutor-0_0] Pre-matching filter removed 120 side-stub point(s) from shape_id=67902169
[2026-07-31 10:21:40] [INFO] [Thread-ThreadPoolExecutor-0_8] Pre-matching filter removed 113 side-stub point(s) from shape_id=67902289
[2026-07-31 10:21:40] [INFO] [Thread-ThreadPoolExecutor-0_7] Pre-matching filter removed 66 side-stub point(s) from shape_id=67902922
[2026-07-31 10:21:40] [INFO] [Thread-ThreadPoolExecutor-0_0] Successfully processed shape_id=67902169 | distance=12912.8m | confidence=[0.9853] | segments=1 | osm_nodes=664
[2026-07-31 10:21:40] [INFO] [Thread-ThreadPoolExecutor-0_8] Successfully processed shape_id=67902289 | distance=12546.9m | confidence=[0.9827] | segments=1 | osm_nodes=569
[2026-07-31 10:21:40] [INFO] [Thread-ThreadPoolExecutor-0_6] Pre-matching filter removed 127 side-stub point(s) from shape_id=67902170
[2026-07-31 10:21:40] [INFO] [Thread-ThreadPoolExecutor-0_7] Successfully processed shape_id=67902922 | distance=10870.7m | confidence=[0.972] | segments=1 | osm_nodes=540
[2026-07-31 10:21:40] [INFO] [Thread-ThreadPoolExecutor-0_6] Successfully processed shape_id=67902170 | distance=13339.0m | confidence=[0.9588] | segments=1 | osm_nodes=681
[2026-07-31 10:21:40] [INFO] [Thread-ThreadPoolExecutor-0_6] Pre-matching filter removed 54 side-stub point(s) from shape_id=67903411
[2026-07-31 10:21:40] [INFO] [Thread-ThreadPoolExecutor-0_10] Pre-matching filter removed 124 side-stub point(s) from shape_id=67902291
[2026-07-31 10:21:40] [INFO] [Thread-ThreadPoolExecutor-0_10] Successfully processed shape_id=67902291 | distance=12424.2m | confidence=[0.983] | segments=1 | osm_nodes=570
[2026-07-31 10:21:40] [INFO] [Thread-ThreadPoolExecutor-0_10] Pre-matching filter removed 37 side-stub point(s) from shape_id=67903449
[2026-07-31 10:21:40] [INFO] [Thread-ThreadPoolExecutor-0_3] Pre-matching filter removed 60 side-stub point(s) from shape_id=67903041
[2026-07-31 10:21:41] [INFO] [Thread-ThreadPoolExecutor-0_9] Pre-matching filter removed 28 side-stub point(s) from shape_id=67903213
[2026-07-31 10:21:41] [INFO] [Thread-ThreadPoolExecutor-0_9] Successfully processed shape_id=67903213 | distance=7803.8m | confidence=[0.9834] | segments=1 | osm_nodes=368
[2026-07-31 10:21:41] [INFO] [Thread-ThreadPoolExecutor-0_9] Pre-matching filter removed 49 side-stub point(s) from shape_id=67903466
[2026-07-31 10:21:41] [INFO] [Thread-ThreadPoolExecutor-0_3] Successfully processed shape_id=67903041 | distance=17024.1m | confidence=[0.9818] | segments=1 | osm_nodes=762
[2026-07-31 10:21:41] [INFO] [Thread-ThreadPoolExecutor-0_6] Successfully processed shape_id=67903411 | distance=5351.8m | confidence=[0.9751] | segments=1 | osm_nodes=1011
[2026-07-31 10:21:41] [INFO] [Thread-ThreadPoolExecutor-0_3] Pre-matching filter removed 53 side-stub point(s) from shape_id=67903467
[2026-07-31 10:21:41] [INFO] [Thread-ThreadPoolExecutor-0_10] Successfully processed shape_id=67903449 | distance=6229.3m | confidence=[0.9581] | segments=1 | osm_nodes=1123
[2026-07-31 10:21:41] [INFO] [Thread-ThreadPoolExecutor-0_10] Pre-matching filter removed 28 side-stub point(s) from shape_id=67903493
[2026-07-31 10:21:41] [INFO] [Thread-ThreadPoolExecutor-0_11] Pre-matching filter removed 109 side-stub point(s) from shape_id=67902944
[2026-07-31 10:21:41] [INFO] [Thread-ThreadPoolExecutor-0_11] Successfully processed shape_id=67902944 | distance=10980.3m | confidence=[0.9816] | segments=1 | osm_nodes=558
[2026-07-31 10:21:41] [INFO] [Thread-ThreadPoolExecutor-0_10] Successfully processed shape_id=67903493 | distance=2648.9m | confidence=[0.9434] | segments=1 | osm_nodes=491
[2026-07-31 10:21:42] [INFO] [Thread-ThreadPoolExecutor-0_6] Pre-matching filter removed 57 side-stub point(s) from shape_id=67903469
[2026-07-31 10:21:42] [INFO] [Thread-ThreadPoolExecutor-0_9] Successfully processed shape_id=67903466 | distance=5814.7m | confidence=[0.9779] | segments=1 | osm_nodes=1084
[2026-07-31 10:21:42] [INFO] [Thread-ThreadPoolExecutor-0_3] Successfully processed shape_id=67903467 | distance=6155.1m | confidence=[0.978] | segments=1 | osm_nodes=1147
[2026-07-31 10:21:42] [INFO] [Thread-ThreadPoolExecutor-0_7] Pre-matching filter removed 59 side-stub point(s) from shape_id=67903258
[2026-07-31 10:21:42] [INFO] [Thread-ThreadPoolExecutor-0_0] Pre-matching filter removed 62 side-stub point(s) from shape_id=67903214
[2026-07-31 10:21:42] [INFO] [Thread-ThreadPoolExecutor-0_8] Pre-matching filter removed 62 side-stub point(s) from shape_id=67903215
[2026-07-31 10:21:42] [INFO] [Thread-ThreadPoolExecutor-0_7] Successfully processed shape_id=67903258 | distance=7572.1m | confidence=[0.9821] | segments=1 | osm_nodes=344
[2026-07-31 10:21:42] [INFO] [Thread-ThreadPoolExecutor-0_7] Pre-matching filter removed 27 side-stub point(s) from shape_id=67903634
[2026-07-31 10:21:42] [INFO] [Thread-ThreadPoolExecutor-0_14] Pre-matching filter removed 111 side-stub point(s) from shape_id=67903082
[2026-07-31 10:21:42] [INFO] [Thread-ThreadPoolExecutor-0_3] Pre-matching filter removed 56 side-stub point(s) from shape_id=67903626
[2026-07-31 10:21:42] [INFO] [Thread-ThreadPoolExecutor-0_0] Successfully processed shape_id=67903214 | distance=7514.8m | confidence=[0.9843] | segments=1 | osm_nodes=288
[2026-07-31 10:21:42] [INFO] [Thread-ThreadPoolExecutor-0_0] Pre-matching filter removed 28 side-stub point(s) from shape_id=67903637
[2026-07-31 10:21:42] [INFO] [Thread-ThreadPoolExecutor-0_14] Successfully processed shape_id=67903082 | distance=10893.5m | confidence=[0.9825] | segments=1 | osm_nodes=528
[2026-07-31 10:21:42] [INFO] [Thread-ThreadPoolExecutor-0_14] Pre-matching filter removed 49 side-stub point(s) from shape_id=67903879
[2026-07-31 10:21:42] [INFO] [Thread-ThreadPoolExecutor-0_8] Successfully processed shape_id=67903215 | distance=7796.9m | confidence=[0.9859] | segments=1 | osm_nodes=334
[2026-07-31 10:21:42] [INFO] [Thread-ThreadPoolExecutor-0_8] Pre-matching filter removed 51 side-stub point(s) from shape_id=67903881
[2026-07-31 10:21:42] [INFO] [Thread-ThreadPoolExecutor-0_5] Pre-matching filter removed 92 side-stub point(s) from shape_id=67903086
[2026-07-31 10:21:42] [INFO] [Thread-ThreadPoolExecutor-0_7] Successfully processed shape_id=67903634 | distance=4280.5m | confidence=[0.9683] | segments=1 | osm_nodes=754
[2026-07-31 10:21:42] [INFO] [Thread-ThreadPoolExecutor-0_4] Pre-matching filter removed 128 side-stub point(s) from shape_id=67902946
[2026-07-31 10:21:42] [INFO] [Thread-ThreadPoolExecutor-0_5] Successfully processed shape_id=67903086 | distance=9542.3m | confidence=[0.9805] | segments=1 | osm_nodes=445
[2026-07-31 10:21:42] [INFO] [Thread-ThreadPoolExecutor-0_15] Pre-matching filter removed 131 side-stub point(s) from shape_id=67902945
[2026-07-31 10:21:42] [INFO] [Thread-ThreadPoolExecutor-0_3] Successfully processed shape_id=67903626 | distance=5261.1m | confidence=[0.9821] | segments=1 | osm_nodes=1086
[2026-07-31 10:21:42] [INFO] [Thread-ThreadPoolExecutor-0_6] Successfully processed shape_id=67903469 | distance=6331.4m | confidence=[0.9788] | segments=1 | osm_nodes=1230
[2026-07-31 10:21:43] [INFO] [Thread-ThreadPoolExecutor-0_13] Pre-matching filter removed 96 side-stub point(s) from shape_id=67903190
[2026-07-31 10:21:43] [INFO] [Thread-ThreadPoolExecutor-0_0] Successfully processed shape_id=67903637 | distance=4454.2m | confidence=[0.9695] | segments=1 | osm_nodes=806
[2026-07-31 10:21:43] [INFO] [Thread-ThreadPoolExecutor-0_2] Pre-matching filter removed 99 side-stub point(s) from shape_id=67903189
[2026-07-31 10:21:43] [INFO] [Thread-ThreadPoolExecutor-0_13] Successfully processed shape_id=67903190 | distance=9828.3m | confidence=[0.9837] | segments=1 | osm_nodes=391
[2026-07-31 10:21:43] [INFO] [Thread-ThreadPoolExecutor-0_2] Successfully processed shape_id=67903189 | distance=10145.0m | confidence=[0.984] | segments=1 | osm_nodes=433
[2026-07-31 10:21:43] [INFO] [Thread-ThreadPoolExecutor-0_4] Successfully processed shape_id=67902946 | distance=13073.6m | confidence=[0.9824] | segments=1 | osm_nodes=560
[2026-07-31 10:21:43] [INFO] [Thread-ThreadPoolExecutor-0_15] Successfully processed shape_id=67902945 | distance=13245.7m | confidence=[0.9853] | segments=1 | osm_nodes=567
[2026-07-31 10:21:43] [INFO] [Thread-ThreadPoolExecutor-0_14] Successfully processed shape_id=67903879 | distance=5750.2m | confidence=[0.9856] | segments=1 | osm_nodes=1109
[2026-07-31 10:21:43] [INFO] [Thread-ThreadPoolExecutor-0_8] Successfully processed shape_id=67903881 | distance=5887.9m | confidence=[0.979] | segments=1 | osm_nodes=1143
[2026-07-31 10:21:43] [INFO] [Thread-ThreadPoolExecutor-0_1] Pre-matching filter removed 145 side-stub point(s) from shape_id=67903090
[2026-07-31 10:21:44] [INFO] [Thread-ThreadPoolExecutor-0_7] Pre-matching filter removed 61 side-stub point(s) from shape_id=67903910
[2026-07-31 10:21:44] [INFO] [Thread-ThreadPoolExecutor-0_1] Successfully processed shape_id=67903090 | distance=14540.3m | confidence=[0.9829] | segments=1 | osm_nodes=683
[2026-07-31 10:21:44] [INFO] [Thread-ThreadPoolExecutor-0_12] Pre-matching filter removed 170 side-stub point(s) from shape_id=67903084
[2026-07-31 10:21:44] [INFO] [Thread-ThreadPoolExecutor-0_7] Successfully processed shape_id=67903910 | distance=15005.5m | confidence=[0.9791] | segments=1 | osm_nodes=694
[2026-07-31 10:21:44] [INFO] [Thread-ThreadPoolExecutor-0_7] Pre-matching filter removed 44 side-stub point(s) from shape_id=67904106
[2026-07-31 10:21:44] [INFO] [Thread-ThreadPoolExecutor-0_5] Pre-matching filter removed 67 side-stub point(s) from shape_id=67903915
[2026-07-31 10:21:44] [INFO] [Thread-ThreadPoolExecutor-0_12] Successfully processed shape_id=67903084 | distance=16808.3m | confidence=[0.982] | segments=1 | osm_nodes=784
[2026-07-31 10:21:44] [INFO] [Thread-ThreadPoolExecutor-0_12] Pre-matching filter removed 49 side-stub point(s) from shape_id=67904107
[2026-07-31 10:21:44] [INFO] [Thread-ThreadPoolExecutor-0_5] Successfully processed shape_id=67903915 | distance=9512.9m | confidence=[0.9699] | segments=1 | osm_nodes=462
[2026-07-31 10:21:44] [INFO] [Thread-ThreadPoolExecutor-0_5] Pre-matching filter removed 52 side-stub point(s) from shape_id=67904108
[2026-07-31 10:21:45] [INFO] [Thread-ThreadPoolExecutor-0_7] Successfully processed shape_id=67904106 | distance=4885.6m | confidence=[0.9418] | segments=1 | osm_nodes=946
[2026-07-31 10:21:45] [INFO] [Thread-ThreadPoolExecutor-0_8] Pre-matching filter removed 60 side-stub point(s) from shape_id=67904095
[2026-07-31 10:21:45] [INFO] [Thread-ThreadPoolExecutor-0_12] Successfully processed shape_id=67904107 | distance=6055.7m | confidence=[0.9493] | segments=1 | osm_nodes=1164
[2026-07-31 10:21:45] [INFO] [Thread-ThreadPoolExecutor-0_5] Successfully processed shape_id=67904108 | distance=5963.4m | confidence=[0.9749] | segments=1 | osm_nodes=1100
[2026-07-31 10:21:45] [INFO] [Thread-ThreadPoolExecutor-0_8] Successfully processed shape_id=67904095 | distance=9023.2m | confidence=[0.9844] | segments=1 | osm_nodes=469
[2026-07-31 10:21:45] [INFO] [Thread-ThreadPoolExecutor-0_2] Pre-matching filter removed 78 side-stub point(s) from shape_id=67903934
[2026-07-31 10:21:45] [INFO] [Thread-ThreadPoolExecutor-0_0] Pre-matching filter removed 91 side-stub point(s) from shape_id=67903929
[2026-07-31 10:21:45] [INFO] [Thread-ThreadPoolExecutor-0_2] Successfully processed shape_id=67903934 | distance=8414.9m | confidence=[0.9678] | segments=1 | osm_nodes=436
[2026-07-31 10:21:45] [INFO] [Thread-ThreadPoolExecutor-0_14] Pre-matching filter removed 75 side-stub point(s) from shape_id=67904080
[2026-07-31 10:21:45] [INFO] [Thread-ThreadPoolExecutor-0_0] Successfully processed shape_id=67903929 | distance=12107.3m | confidence=[0.9812] | segments=1 | osm_nodes=662
[2026-07-31 10:21:45] [INFO] [Thread-ThreadPoolExecutor-0_3] Pre-matching filter removed 103 side-stub point(s) from shape_id=67903916
[2026-07-31 10:21:46] [INFO] [Thread-ThreadPoolExecutor-0_14] Successfully processed shape_id=67904080 | distance=16722.8m | confidence=[0.9846] | segments=1 | osm_nodes=757
[2026-07-31 10:21:46] [INFO] [Thread-ThreadPoolExecutor-0_3] Successfully processed shape_id=67903916 | distance=12707.7m | confidence=[0.9731] | segments=1 | osm_nodes=622
[2026-07-31 10:21:46] [INFO] [Thread-ThreadPoolExecutor-0_4] Pre-matching filter removed 99 side-stub point(s) from shape_id=67903935
[2026-07-31 10:21:46] [INFO] [Thread-ThreadPoolExecutor-0_6] Pre-matching filter removed 107 side-stub point(s) from shape_id=67903918
[2026-07-31 10:21:46] [INFO] [Thread-ThreadPoolExecutor-0_9] Pre-matching filter removed 135 side-stub point(s) from shape_id=67903527
[2026-07-31 10:21:46] [INFO] [Thread-ThreadPoolExecutor-0_7] Pre-matching filter removed 69 side-stub point(s) from shape_id=67904116
[2026-07-31 10:21:46] [INFO] [Thread-ThreadPoolExecutor-0_6] Successfully processed shape_id=67903918 | distance=11845.9m | confidence=[0.9743] | segments=1 | osm_nodes=561
[2026-07-31 10:21:46] [INFO] [Thread-ThreadPoolExecutor-0_4] Successfully processed shape_id=67903935 | distance=14742.6m | confidence=[0.9811] | segments=1 | osm_nodes=812
[2026-07-31 10:21:46] [INFO] [Thread-ThreadPoolExecutor-0_13] Pre-matching filter removed 103 side-stub point(s) from shape_id=67903932
[2026-07-31 10:21:46] [INFO] [Thread-ThreadPoolExecutor-0_1] Pre-matching filter removed 66 side-stub point(s) from shape_id=67904096
[2026-07-31 10:21:46] [INFO] [Thread-ThreadPoolExecutor-0_9] Successfully processed shape_id=67903527 | distance=14241.2m | confidence=[0.9845] | segments=1 | osm_nodes=656
[2026-07-31 10:21:46] [INFO] [Thread-ThreadPoolExecutor-0_1] Successfully processed shape_id=67904096 | distance=13167.0m | confidence=[0.985] | segments=1 | osm_nodes=671
[2026-07-31 10:21:46] [INFO] [Thread-ThreadPoolExecutor-0_13] Successfully processed shape_id=67903932 | distance=17856.0m | confidence=[0.9699] | segments=1 | osm_nodes=1019
[2026-07-31 10:21:46] [INFO] [Thread-ThreadPoolExecutor-0_1] Pre-matching filter removed 9 side-stub point(s) from shape_id=67904335
[2026-07-31 10:21:46] [INFO] [Thread-ThreadPoolExecutor-0_15] Pre-matching filter removed 106 side-stub point(s) from shape_id=67903936
[2026-07-31 10:21:46] [INFO] [Thread-ThreadPoolExecutor-0_11] Pre-matching filter removed 169 side-stub point(s) from shape_id=67903498
[2026-07-31 10:21:47] [INFO] [Thread-ThreadPoolExecutor-0_11] Successfully processed shape_id=67903498 | distance=18281.1m | confidence=[0.9849] | segments=1 | osm_nodes=926
[2026-07-31 10:21:47] [INFO] [Thread-ThreadPoolExecutor-0_10] Pre-matching filter removed 171 side-stub point(s) from shape_id=67903501
[2026-07-31 10:21:47] [INFO] [Thread-ThreadPoolExecutor-0_7] Successfully processed shape_id=67904116 | distance=6489.8m | confidence=[0.9796] | segments=1 | osm_nodes=1177
[2026-07-31 10:21:47] [INFO] [Thread-ThreadPoolExecutor-0_10] Successfully processed shape_id=67903501 | distance=18639.6m | confidence=[0.9824] | segments=1 | osm_nodes=980
[2026-07-31 10:21:47] [INFO] [Thread-ThreadPoolExecutor-0_1] Successfully processed shape_id=67904335 | distance=5636.9m | confidence=[0.824] | segments=1 | osm_nodes=841
[2026-07-31 10:21:47] [INFO] [Thread-ThreadPoolExecutor-0_15] Successfully processed shape_id=67903936 | distance=17226.8m | confidence=[0.9803] | segments=1 | osm_nodes=965
[2026-07-31 10:21:47] [INFO] [Thread-ThreadPoolExecutor-0_5] Pre-matching filter removed 71 side-stub point(s) from shape_id=67904275
[2026-07-31 10:21:47] [INFO] [Thread-ThreadPoolExecutor-0_8] Pre-matching filter removed 71 side-stub point(s) from shape_id=67904276
[2026-07-31 10:21:47] [INFO] [Thread-ThreadPoolExecutor-0_2] Pre-matching filter removed 65 side-stub point(s) from shape_id=67904277
[2026-07-31 10:21:47] [INFO] [Thread-ThreadPoolExecutor-0_5] Successfully processed shape_id=67904275 | distance=25565.0m | confidence=[0.9821] | segments=1 | osm_nodes=1081
[2026-07-31 10:21:47] [INFO] [Thread-ThreadPoolExecutor-0_2] Successfully processed shape_id=67904277 | distance=25263.7m | confidence=[0.9826] | segments=1 | osm_nodes=1051
[2026-07-31 10:21:48] [INFO] [Thread-ThreadPoolExecutor-0_8] Successfully processed shape_id=67904276 | distance=25820.1m | confidence=[0.9832] | segments=1 | osm_nodes=1090
[2026-07-31 10:21:48] [INFO] [Thread-ThreadPoolExecutor-0_13] Pre-matching filter removed 71 side-stub point(s) from shape_id=67904338
[2026-07-31 10:21:48] [INFO] [Thread-ThreadPoolExecutor-0_13] Successfully processed shape_id=67904338 | distance=7473.4m | confidence=[0.9827] | segments=1 | osm_nodes=377
[2026-07-31 10:21:48] [INFO] [Thread-ThreadPoolExecutor-0_8] Pre-matching filter removed 30 side-stub point(s) from shape_id=67904371
[2026-07-31 10:21:48] [INFO] [Thread-ThreadPoolExecutor-0_5] Pre-matching filter removed 40 side-stub point(s) from shape_id=67904369
[2026-07-31 10:21:49] [INFO] [Thread-ThreadPoolExecutor-0_12] Pre-matching filter removed 124 side-stub point(s) from shape_id=67904135
[2026-07-31 10:21:49] [INFO] [Thread-ThreadPoolExecutor-0_7] Pre-matching filter removed 66 side-stub point(s) from shape_id=67904355
[2026-07-31 10:21:49] [INFO] [Thread-ThreadPoolExecutor-0_8] Successfully processed shape_id=67904371 | distance=9852.5m | confidence=[0.9801] | segments=1 | osm_nodes=509
[2026-07-31 10:21:49] [INFO] [Thread-ThreadPoolExecutor-0_2] Pre-matching filter removed 36 side-stub point(s) from shape_id=67904370
[2026-07-31 10:21:49] [INFO] [Thread-ThreadPoolExecutor-0_5] Successfully processed shape_id=67904369 | distance=13554.8m | confidence=[0.9839] | segments=1 | osm_nodes=744
[2026-07-31 10:21:49] [INFO] [Thread-ThreadPoolExecutor-0_5] Pre-matching filter removed 43 side-stub point(s) from shape_id=67904490
[2026-07-31 10:21:49] [INFO] [Thread-ThreadPoolExecutor-0_12] Successfully processed shape_id=67904135 | distance=13624.6m | confidence=[0.9844] | segments=1 | osm_nodes=640
[2026-07-31 10:21:49] [INFO] [Thread-ThreadPoolExecutor-0_2] Successfully processed shape_id=67904370 | distance=10195.5m | confidence=[0.9856] | segments=1 | osm_nodes=555
[2026-07-31 10:21:49] [INFO] [Thread-ThreadPoolExecutor-0_7] Successfully processed shape_id=67904355 | distance=9617.5m | confidence=[0.981] | segments=1 | osm_nodes=516
[2026-07-31 10:21:49] [INFO] [Thread-ThreadPoolExecutor-0_12] Pre-matching filter removed 39 side-stub point(s) from shape_id=67904491
[2026-07-31 10:21:49] [INFO] [Thread-ThreadPoolExecutor-0_2] Pre-matching filter removed 31 side-stub point(s) from shape_id=67904492
[2026-07-31 10:21:49] [INFO] [Thread-ThreadPoolExecutor-0_3] Pre-matching filter removed 124 side-stub point(s) from shape_id=67904318
[2026-07-31 10:21:49] [INFO] [Thread-ThreadPoolExecutor-0_4] Pre-matching filter removed 124 side-stub point(s) from shape_id=67904320
[2026-07-31 10:21:49] [INFO] [Thread-ThreadPoolExecutor-0_11] Pre-matching filter removed 86 side-stub point(s) from shape_id=67904340
[2026-07-31 10:21:49] [INFO] [Thread-ThreadPoolExecutor-0_3] Successfully processed shape_id=67904318 | distance=13986.2m | confidence=[0.9845] | segments=1 | osm_nodes=548
[2026-07-31 10:21:49] [INFO] [Thread-ThreadPoolExecutor-0_5] Successfully processed shape_id=67904490 | distance=7481.4m | confidence=[0.9791] | segments=1 | osm_nodes=1204
[2026-07-31 10:21:49] [INFO] [Thread-ThreadPoolExecutor-0_4] Successfully processed shape_id=67904320 | distance=11489.0m | confidence=[0.9735] | segments=1 | osm_nodes=464
[2026-07-31 10:21:49] [INFO] [Thread-ThreadPoolExecutor-0_12] Successfully processed shape_id=67904491 | distance=5462.2m | confidence=[0.9799] | segments=1 | osm_nodes=908
[2026-07-31 10:21:49] [INFO] [Thread-ThreadPoolExecutor-0_6] Pre-matching filter removed 122 side-stub point(s) from shape_id=67904319
[2026-07-31 10:21:49] [INFO] [Thread-ThreadPoolExecutor-0_15] Pre-matching filter removed 81 side-stub point(s) from shape_id=67904362
[2026-07-31 10:21:49] [INFO] [Thread-ThreadPoolExecutor-0_2] Successfully processed shape_id=67904492 | distance=5732.5m | confidence=[0.8727] | segments=1 | osm_nodes=1039
[2026-07-31 10:21:49] [INFO] [Thread-ThreadPoolExecutor-0_11] Successfully processed shape_id=67904340 | distance=8108.8m | confidence=[0.9847] | segments=1 | osm_nodes=433
[2026-07-31 10:21:50] [INFO] [Thread-ThreadPoolExecutor-0_9] Pre-matching filter removed 112 side-stub point(s) from shape_id=67904321
[2026-07-31 10:21:50] [INFO] [Thread-ThreadPoolExecutor-0_6] Successfully processed shape_id=67904319 | distance=13888.5m | confidence=[0.9848] | segments=1 | osm_nodes=550
[2026-07-31 10:21:50] [INFO] [Thread-ThreadPoolExecutor-0_9] Successfully processed shape_id=67904321 | distance=11162.8m | confidence=[0.9849] | segments=1 | osm_nodes=454
[2026-07-31 10:21:50] [INFO] [Thread-ThreadPoolExecutor-0_15] Successfully processed shape_id=67904362 | distance=8104.5m | confidence=[0.9847] | segments=1 | osm_nodes=414
[2026-07-31 10:21:50] [INFO] [Thread-ThreadPoolExecutor-0_10] Pre-matching filter removed 95 side-stub point(s) from shape_id=67904357
[2026-07-31 10:21:50] [INFO] [Thread-ThreadPoolExecutor-0_7] Pre-matching filter removed 35 side-stub point(s) from shape_id=67904493
[2026-07-31 10:21:50] [INFO] [Thread-ThreadPoolExecutor-0_10] Successfully processed shape_id=67904357 | distance=10944.9m | confidence=[0.9841] | segments=1 | osm_nodes=540
[2026-07-31 10:21:50] [INFO] [Thread-ThreadPoolExecutor-0_12] Pre-matching filter removed 27 side-stub point(s) from shape_id=67904509
[2026-07-31 10:21:50] [INFO] [Thread-ThreadPoolExecutor-0_13] Pre-matching filter removed 63 side-stub point(s) from shape_id=67904372
[2026-07-31 10:21:50] [INFO] [Thread-ThreadPoolExecutor-0_12] Successfully processed shape_id=67904509 | distance=9325.9m | confidence=[0.9761] | segments=1 | osm_nodes=449
[2026-07-31 10:21:50] [INFO] [Thread-ThreadPoolExecutor-0_4] Pre-matching filter removed 37 side-stub point(s) from shape_id=67904508
[2026-07-31 10:21:50] [INFO] [Thread-ThreadPoolExecutor-0_7] Successfully processed shape_id=67904493 | distance=8044.1m | confidence=[0.8819] | segments=1 | osm_nodes=1363
[2026-07-31 10:21:50] [INFO] [Thread-ThreadPoolExecutor-0_13] Successfully processed shape_id=67904372 | distance=12290.1m | confidence=[0.9795] | segments=1 | osm_nodes=635
[2026-07-31 10:21:50] [INFO] [Thread-ThreadPoolExecutor-0_4] Successfully processed shape_id=67904508 | distance=9700.7m | confidence=[0.9858] | segments=1 | osm_nodes=478
[2026-07-31 10:21:51] [INFO] [Thread-ThreadPoolExecutor-0_8] Pre-matching filter removed 71 side-stub point(s) from shape_id=67904466
[2026-07-31 10:21:51] [INFO] [Thread-ThreadPoolExecutor-0_0] Pre-matching filter removed 177 side-stub point(s) from shape_id=67904287
[2026-07-31 10:21:51] [INFO] [Thread-ThreadPoolExecutor-0_8] Successfully processed shape_id=67904466 | distance=7068.7m | confidence=[0.9786] | segments=1 | osm_nodes=320
[2026-07-31 10:21:51] [INFO] [Thread-ThreadPoolExecutor-0_14] Pre-matching filter removed 172 side-stub point(s) from shape_id=67904288
[2026-07-31 10:21:51] [INFO] [Thread-ThreadPoolExecutor-0_1] Pre-matching filter removed 137 side-stub point(s) from shape_id=67904361
[2026-07-31 10:21:51] [INFO] [Thread-ThreadPoolExecutor-0_11] Pre-matching filter removed 47 side-stub point(s) from shape_id=67904511
[2026-07-31 10:21:51] [INFO] [Thread-ThreadPoolExecutor-0_0] Successfully processed shape_id=67904287 | distance=18337.1m | confidence=[0.9828] | segments=1 | osm_nodes=877
[2026-07-31 10:21:51] [INFO] [Thread-ThreadPoolExecutor-0_6] Pre-matching filter removed 43 side-stub point(s) from shape_id=67904512
[2026-07-31 10:21:51] [INFO] [Thread-ThreadPoolExecutor-0_14] Successfully processed shape_id=67904288 | distance=18469.2m | confidence=[0.9508] | segments=1 | osm_nodes=845
[2026-07-31 10:21:51] [INFO] [Thread-ThreadPoolExecutor-0_2] Pre-matching filter removed 56 side-stub point(s) from shape_id=67904510
[2026-07-31 10:21:51] [INFO] [Thread-ThreadPoolExecutor-0_11] Successfully processed shape_id=67904511 | distance=8121.3m | confidence=[0.9764] | segments=1 | osm_nodes=410
[2026-07-31 10:21:51] [INFO] [Thread-ThreadPoolExecutor-0_6] Successfully processed shape_id=67904512 | distance=7458.2m | confidence=[0.9689] | segments=1 | osm_nodes=363
[2026-07-31 10:21:51] [INFO] [Thread-ThreadPoolExecutor-0_6] Pre-matching filter removed 22 side-stub point(s) from shape_id=67904585
[2026-07-31 10:21:51] [INFO] [Thread-ThreadPoolExecutor-0_1] Successfully processed shape_id=67904361 | distance=13504.8m | confidence=[0.9856] | segments=1 | osm_nodes=631
[2026-07-31 10:21:51] [INFO] [Thread-ThreadPoolExecutor-0_1] Pre-matching filter removed 8 side-stub point(s) from shape_id=67904586
[2026-07-31 10:21:51] [INFO] [Thread-ThreadPoolExecutor-0_2] Successfully processed shape_id=67904510 | distance=12568.2m | confidence=[0.9858] | segments=1 | osm_nodes=604
[2026-07-31 10:21:51] [INFO] [Thread-ThreadPoolExecutor-0_2] Pre-matching filter removed 11 side-stub point(s) from shape_id=67904587
[2026-07-31 10:21:51] [INFO] [Thread-ThreadPoolExecutor-0_9] Pre-matching filter removed 62 side-stub point(s) from shape_id=67904522
[2026-07-31 10:21:52] [INFO] [Thread-ThreadPoolExecutor-0_9] Successfully processed shape_id=67904522 | distance=14821.8m | confidence=[0.9763] | segments=1 | osm_nodes=576
[2026-07-31 10:21:52] [INFO] [Thread-ThreadPoolExecutor-0_3] Pre-matching filter removed 84 side-stub point(s) from shape_id=67904504
[2026-07-31 10:21:52] [INFO] [Thread-ThreadPoolExecutor-0_6] Successfully processed shape_id=67904585 | distance=5558.5m | confidence=[0.9602] | segments=1 | osm_nodes=984
[2026-07-31 10:21:52] [INFO] [Thread-ThreadPoolExecutor-0_6] Pre-matching filter removed 29 side-stub point(s) from shape_id=67904589
[2026-07-31 10:21:52] [INFO] [Thread-ThreadPoolExecutor-0_3] Successfully processed shape_id=67904504 | distance=7860.3m | confidence=[0.9765] | segments=1 | osm_nodes=407
[2026-07-31 10:21:52] [INFO] [Thread-ThreadPoolExecutor-0_14] Pre-matching filter removed 63 side-stub point(s) from shape_id=67904577
[2026-07-31 10:21:52] [INFO] [Thread-ThreadPoolExecutor-0_2] Successfully processed shape_id=67904587 | distance=5403.9m | confidence=[0.9821] | segments=1 | osm_nodes=945
[2026-07-31 10:21:52] [INFO] [Thread-ThreadPoolExecutor-0_2] Pre-matching filter removed 20 side-stub point(s) from shape_id=67904595
[2026-07-31 10:21:52] [INFO] [Thread-ThreadPoolExecutor-0_1] Successfully processed shape_id=67904586 | distance=7338.9m | confidence=[0.9835] | segments=1 | osm_nodes=1226
[2026-07-31 10:21:52] [INFO] [Thread-ThreadPoolExecutor-0_1] Pre-matching filter removed 15 side-stub point(s) from shape_id=67904596
[2026-07-31 10:21:52] [INFO] [Thread-ThreadPoolExecutor-0_10] Pre-matching filter removed 81 side-stub point(s) from shape_id=67904526
[2026-07-31 10:21:52] [INFO] [Thread-ThreadPoolExecutor-0_9] Pre-matching filter removed 19 side-stub point(s) from shape_id=67904588
[2026-07-31 10:21:52] [INFO] [Thread-ThreadPoolExecutor-0_15] Pre-matching filter removed 90 side-stub point(s) from shape_id=67904524
[2026-07-31 10:21:53] [INFO] [Thread-ThreadPoolExecutor-0_14] Successfully processed shape_id=67904577 | distance=6540.4m | confidence=[0.9836] | segments=1 | osm_nodes=1211
[2026-07-31 10:21:53] [INFO] [Thread-ThreadPoolExecutor-0_14] Pre-matching filter removed 27 side-stub point(s) from shape_id=67904597
[2026-07-31 10:21:53] [INFO] [Thread-ThreadPoolExecutor-0_2] Successfully processed shape_id=67904595 | distance=7136.3m | confidence=[0.985] | segments=1 | osm_nodes=1066
[2026-07-31 10:21:53] [INFO] [Thread-ThreadPoolExecutor-0_2] Pre-matching filter removed 24 side-stub point(s) from shape_id=67904598
[2026-07-31 10:21:53] [INFO] [Thread-ThreadPoolExecutor-0_10] Successfully processed shape_id=67904526 | distance=18120.6m | confidence=[0.9787] | segments=1 | osm_nodes=752
[2026-07-31 10:21:53] [INFO] [Thread-ThreadPoolExecutor-0_15] Successfully processed shape_id=67904524 | distance=18773.6m | confidence=[0.9836] | segments=1 | osm_nodes=795
[2026-07-31 10:21:53] [INFO] [Thread-ThreadPoolExecutor-0_1] Successfully processed shape_id=67904596 | distance=7114.6m | confidence=[0.7594] | segments=1 | osm_nodes=1127
[2026-07-31 10:21:53] [INFO] [Thread-ThreadPoolExecutor-0_15] Pre-matching filter removed 27 side-stub point(s) from shape_id=67904601
[2026-07-31 10:21:53] [INFO] [Thread-ThreadPoolExecutor-0_11] Pre-matching filter removed 73 side-stub point(s) from shape_id=67904582
[2026-07-31 10:21:53] [INFO] [Thread-ThreadPoolExecutor-0_6] Successfully processed shape_id=67904589 | distance=7406.0m | confidence=[0.9828] | segments=1 | osm_nodes=1301
[2026-07-31 10:21:53] [INFO] [Thread-ThreadPoolExecutor-0_15] Successfully processed shape_id=67904601 | distance=3312.0m | confidence=[0.9708] | segments=1 | osm_nodes=679
[2026-07-31 10:21:53] [INFO] [Thread-ThreadPoolExecutor-0_11] Successfully processed shape_id=67904582 | distance=7510.9m | confidence=[0.9836] | segments=1 | osm_nodes=340
[2026-07-31 10:21:53] [INFO] [Thread-ThreadPoolExecutor-0_5] Pre-matching filter removed 136 side-stub point(s) from shape_id=67904505
[2026-07-31 10:21:53] [INFO] [Thread-ThreadPoolExecutor-0_9] Successfully processed shape_id=67904588 | distance=12748.6m | confidence=[0.9837] | segments=1 | osm_nodes=741
[2026-07-31 10:21:53] [INFO] [Thread-ThreadPoolExecutor-0_2] Successfully processed shape_id=67904598 | distance=7478.9m | confidence=[0.0434] | segments=1 | osm_nodes=1122
[2026-07-31 10:21:53] [INFO] [Thread-ThreadPoolExecutor-0_14] Successfully processed shape_id=67904597 | distance=7104.7m | confidence=[0.9792] | segments=1 | osm_nodes=1130
[2026-07-31 10:21:53] [INFO] [Thread-ThreadPoolExecutor-0_5] Successfully processed shape_id=67904505 | distance=12816.8m | confidence=[0.9758] | segments=1 | osm_nodes=541
[2026-07-31 10:21:53] [INFO] [Thread-ThreadPoolExecutor-0_13] Pre-matching filter removed 105 side-stub point(s) from shape_id=67904556
[2026-07-31 10:21:53] [INFO] [Thread-ThreadPoolExecutor-0_3] Pre-matching filter removed 51 side-stub point(s) from shape_id=67904590
[2026-07-31 10:21:53] [INFO] [Thread-ThreadPoolExecutor-0_10] Pre-matching filter removed 57 side-stub point(s) from shape_id=67904599
[2026-07-31 10:21:53] [INFO] [Thread-ThreadPoolExecutor-0_13] Successfully processed shape_id=67904556 | distance=12547.7m | confidence=[0.9823] | segments=1 | osm_nodes=712
[2026-07-31 10:21:53] [INFO] [Thread-ThreadPoolExecutor-0_12] Pre-matching filter removed 113 side-stub point(s) from shape_id=67904554
[2026-07-31 10:21:54] [INFO] [Thread-ThreadPoolExecutor-0_8] Pre-matching filter removed 103 side-stub point(s) from shape_id=67904561
[2026-07-31 10:21:54] [INFO] [Thread-ThreadPoolExecutor-0_3] Successfully processed shape_id=67904590 | distance=12844.7m | confidence=[0.9843] | segments=1 | osm_nodes=773
[2026-07-31 10:21:54] [INFO] [Thread-ThreadPoolExecutor-0_12] Successfully processed shape_id=67904554 | distance=13398.4m | confidence=[0.985] | segments=1 | osm_nodes=741
[2026-07-31 10:21:54] [INFO] [Thread-ThreadPoolExecutor-0_8] Successfully processed shape_id=67904561 | distance=13606.8m | confidence=[0.9821] | segments=1 | osm_nodes=670
[2026-07-31 10:21:54] [INFO] [Thread-ThreadPoolExecutor-0_10] Successfully processed shape_id=67904599 | distance=6755.0m | confidence=[0.8947] | segments=1 | osm_nodes=1125
[2026-07-31 10:21:54] [INFO] [Thread-ThreadPoolExecutor-0_10] Pre-matching filter removed 41 side-stub point(s) from shape_id=67904663
[2026-07-31 10:21:54] [INFO] [Thread-ThreadPoolExecutor-0_0] Pre-matching filter removed 123 side-stub point(s) from shape_id=67904573
[2026-07-31 10:21:54] [INFO] [Thread-ThreadPoolExecutor-0_0] Successfully processed shape_id=67904573 | distance=13360.1m | confidence=[0.9842] | segments=1 | osm_nodes=658
[2026-07-31 10:21:54] [INFO] [Thread-ThreadPoolExecutor-0_4] Pre-matching filter removed 136 side-stub point(s) from shape_id=67904557
[2026-07-31 10:21:55] [INFO] [Thread-ThreadPoolExecutor-0_7] Pre-matching filter removed 147 side-stub point(s) from shape_id=67904555
[2026-07-31 10:21:55] [INFO] [Thread-ThreadPoolExecutor-0_4] Successfully processed shape_id=67904557 | distance=17258.4m | confidence=[0.9833] | segments=1 | osm_nodes=970
[2026-07-31 10:21:55] [INFO] [Thread-ThreadPoolExecutor-0_4] Pre-matching filter removed 37 side-stub point(s) from shape_id=67904665
[2026-07-31 10:21:55] [INFO] [Thread-ThreadPoolExecutor-0_7] Successfully processed shape_id=67904555 | distance=17620.7m | confidence=[0.9842] | segments=1 | osm_nodes=952
[2026-07-31 10:21:55] [INFO] [Thread-ThreadPoolExecutor-0_15] Pre-matching filter removed 63 side-stub point(s) from shape_id=67904608
[2026-07-31 10:21:55] [INFO] [Thread-ThreadPoolExecutor-0_8] Pre-matching filter removed 43 side-stub point(s) from shape_id=67904662
[2026-07-31 10:21:55] [INFO] [Thread-ThreadPoolExecutor-0_15] Successfully processed shape_id=67904608 | distance=7517.4m | confidence=[0.9848] | segments=1 | osm_nodes=329
[2026-07-31 10:21:55] [INFO] [Thread-ThreadPoolExecutor-0_10] Successfully processed shape_id=67904663 | distance=6385.7m | confidence=[0.9769] | segments=1 | osm_nodes=1116
[2026-07-31 10:21:55] [INFO] [Thread-ThreadPoolExecutor-0_15] Pre-matching filter removed 27 side-stub point(s) from shape_id=67904672
[2026-07-31 10:21:55] [INFO] [Thread-ThreadPoolExecutor-0_8] Successfully processed shape_id=67904662 | distance=6515.7m | confidence=[0.9854] | segments=1 | osm_nodes=274
[2026-07-31 10:21:55] [INFO] [Thread-ThreadPoolExecutor-0_8] Pre-matching filter removed 23 side-stub point(s) from shape_id=67904708
[2026-07-31 10:21:55] [INFO] [Thread-ThreadPoolExecutor-0_4] Successfully processed shape_id=67904665 | distance=5940.2m | confidence=[0.9827] | segments=1 | osm_nodes=1049
[2026-07-31 10:21:55] [INFO] [Thread-ThreadPoolExecutor-0_1] Pre-matching filter removed 95 side-stub point(s) from shape_id=67904604
[2026-07-31 10:21:55] [INFO] [Thread-ThreadPoolExecutor-0_7] Pre-matching filter removed 62 side-stub point(s) from shape_id=67904671
[2026-07-31 10:21:55] [INFO] [Thread-ThreadPoolExecutor-0_1] Successfully processed shape_id=67904604 | distance=10567.5m | confidence=[0.985] | segments=1 | osm_nodes=517
[2026-07-31 10:21:55] [INFO] [Thread-ThreadPoolExecutor-0_0] Pre-matching filter removed 45 side-stub point(s) from shape_id=67904664
[2026-07-31 10:21:56] [INFO] [Thread-ThreadPoolExecutor-0_5] Pre-matching filter removed 83 side-stub point(s) from shape_id=67904618
[2026-07-31 10:21:56] [INFO] [Thread-ThreadPoolExecutor-0_8] Successfully processed shape_id=67904708 | distance=4123.7m | confidence=[0.8515] | segments=1 | osm_nodes=748
[2026-07-31 10:21:56] [INFO] [Thread-ThreadPoolExecutor-0_5] Successfully processed shape_id=67904618 | distance=8204.1m | confidence=[0.9782] | segments=1 | osm_nodes=343
[2026-07-31 10:21:56] [INFO] [Thread-ThreadPoolExecutor-0_4] Pre-matching filter removed 16 side-stub point(s) from shape_id=67904718
[2026-07-31 10:21:56] [INFO] [Thread-ThreadPoolExecutor-0_14] Pre-matching filter removed 90 side-stub point(s) from shape_id=67904615
[2026-07-31 10:21:56] [INFO] [Thread-ThreadPoolExecutor-0_11] Pre-matching filter removed 98 side-stub point(s) from shape_id=67904609
[2026-07-31 10:21:56] [INFO] [Thread-ThreadPoolExecutor-0_12] Pre-matching filter removed 72 side-stub point(s) from shape_id=67904658
[2026-07-31 10:21:56] [INFO] [Thread-ThreadPoolExecutor-0_7] Successfully processed shape_id=67904671 | distance=6832.6m | confidence=[0.8379] | segments=1 | osm_nodes=1115
[2026-07-31 10:21:56] [INFO] [Thread-ThreadPoolExecutor-0_7] Pre-matching filter removed 22 side-stub point(s) from shape_id=67905019
[2026-07-31 10:21:56] [INFO] [Thread-ThreadPoolExecutor-0_4] Successfully processed shape_id=67904718 | distance=11166.2m | confidence=[0.9832] | segments=1 | osm_nodes=648
[2026-07-31 10:21:56] [INFO] [Thread-ThreadPoolExecutor-0_14] Successfully processed shape_id=67904615 | distance=8558.6m | confidence=[0.9827] | segments=1 | osm_nodes=379
[2026-07-31 10:21:56] [INFO] [Thread-ThreadPoolExecutor-0_11] Successfully processed shape_id=67904609 | distance=10767.0m | confidence=[0.9858] | segments=1 | osm_nodes=515
[2026-07-31 10:21:56] [INFO] [Thread-ThreadPoolExecutor-0_12] Successfully processed shape_id=67904658 | distance=27761.0m | confidence=[0.9823] | segments=1 | osm_nodes=1295
[2026-07-31 10:21:56] [INFO] [Thread-ThreadPoolExecutor-0_0] Successfully processed shape_id=67904664 | distance=6526.1m | confidence=[0.9856] | segments=1 | osm_nodes=1202
[2026-07-31 10:21:56] [INFO] [Thread-ThreadPoolExecutor-0_1] Pre-matching filter removed 25 side-stub point(s) from shape_id=67904720
[2026-07-31 10:21:56] [INFO] [Thread-ThreadPoolExecutor-0_7] Successfully processed shape_id=67905019 | distance=2792.3m | confidence=[0.973] | segments=1 | osm_nodes=535
[2026-07-31 10:21:56] [INFO] [Thread-ThreadPoolExecutor-0_1] Successfully processed shape_id=67904720 | distance=11101.6m | confidence=[0.9859] | segments=1 | osm_nodes=651
[2026-07-31 10:21:57] [INFO] [Thread-ThreadPoolExecutor-0_15] Successfully processed shape_id=67904672 | distance=7503.5m | confidence=[0.6605] | segments=1 | osm_nodes=1166
[2026-07-31 10:21:57] [INFO] [Thread-ThreadPoolExecutor-0_4] Pre-matching filter removed 51 side-stub point(s) from shape_id=67905020
[2026-07-31 10:21:57] [INFO] [Thread-ThreadPoolExecutor-0_8] Pre-matching filter removed 60 side-stub point(s) from shape_id=67904726
[2026-07-31 10:21:58] [INFO] [Thread-ThreadPoolExecutor-0_4] Successfully processed shape_id=67905020 | distance=7468.9m | confidence=[0.9859] | segments=1 | osm_nodes=388
[2026-07-31 10:21:58] [INFO] [Thread-ThreadPoolExecutor-0_14] Pre-matching filter removed 57 side-stub point(s) from shape_id=67905021
[2026-07-31 10:21:58] [INFO] [Thread-ThreadPoolExecutor-0_6] Pre-matching filter removed 165 side-stub point(s) from shape_id=67904605
[2026-07-31 10:21:58] [INFO] [Thread-ThreadPoolExecutor-0_8] Successfully processed shape_id=67904726 | distance=14411.8m | confidence=[0.9794] | segments=1 | osm_nodes=730
[2026-07-31 10:21:58] [INFO] [Thread-ThreadPoolExecutor-0_13] Pre-matching filter removed 145 side-stub point(s) from shape_id=67904619
[2026-07-31 10:21:58] [INFO] [Thread-ThreadPoolExecutor-0_14] Successfully processed shape_id=67905021 | distance=7223.8m | confidence=[0.9831] | segments=1 | osm_nodes=354
[2026-07-31 10:21:58] [INFO] [Thread-ThreadPoolExecutor-0_6] Successfully processed shape_id=67904605 | distance=15856.7m | confidence=[0.9787] | segments=1 | osm_nodes=850
[2026-07-31 10:21:58] [INFO] [Thread-ThreadPoolExecutor-0_13] Successfully processed shape_id=67904619 | distance=14886.1m | confidence=[0.9806] | segments=1 | osm_nodes=671
[2026-07-31 10:21:58] [INFO] [Thread-ThreadPoolExecutor-0_5] Pre-matching filter removed 70 side-stub point(s) from shape_id=67904729
[2026-07-31 10:21:58] [INFO] [Thread-ThreadPoolExecutor-0_3] Pre-matching filter removed 150 side-stub point(s) from shape_id=67904621
[2026-07-31 10:21:58] [INFO] [Thread-ThreadPoolExecutor-0_3] Successfully processed shape_id=67904621 | distance=15383.5m | confidence=[0.9834] | segments=1 | osm_nodes=717
[2026-07-31 10:21:58] [INFO] [Thread-ThreadPoolExecutor-0_15] Pre-matching filter removed 54 side-stub point(s) from shape_id=67905422
[2026-07-31 10:21:58] [INFO] [Thread-ThreadPoolExecutor-0_9] Pre-matching filter removed 177 side-stub point(s) from shape_id=67904610
[2026-07-31 10:21:58] [INFO] [Thread-ThreadPoolExecutor-0_15] Successfully processed shape_id=67905422 | distance=7433.4m | confidence=[0.9819] | segments=1 | osm_nodes=423
[2026-07-31 10:21:58] [INFO] [Thread-ThreadPoolExecutor-0_5] Successfully processed shape_id=67904729 | distance=14267.7m | confidence=[0.967] | segments=1 | osm_nodes=750
[2026-07-31 10:21:58] [INFO] [Thread-ThreadPoolExecutor-0_11] Pre-matching filter removed 74 side-stub point(s) from shape_id=67905057
[2026-07-31 10:21:58] [INFO] [Thread-ThreadPoolExecutor-0_2] Pre-matching filter removed 178 side-stub point(s) from shape_id=67904611
[2026-07-31 10:21:58] [INFO] [Thread-ThreadPoolExecutor-0_9] Successfully processed shape_id=67904610 | distance=15782.1m | confidence=[0.9846] | segments=1 | osm_nodes=811
[2026-07-31 10:21:58] [INFO] [Thread-ThreadPoolExecutor-0_11] Successfully processed shape_id=67905057 | distance=7696.9m | confidence=[0.9852] | segments=1 | osm_nodes=452
[2026-07-31 10:21:58] [INFO] [Thread-ThreadPoolExecutor-0_9] Pre-matching filter removed 42 side-stub point(s) from shape_id=67905566
[2026-07-31 10:21:59] [INFO] [Thread-ThreadPoolExecutor-0_2] Successfully processed shape_id=67904611 | distance=16290.5m | confidence=[0.9833] | segments=1 | osm_nodes=868
[2026-07-31 10:21:59] [INFO] [Thread-ThreadPoolExecutor-0_9] Successfully processed shape_id=67905566 | distance=5507.5m | confidence=[0.8349] | segments=1 | osm_nodes=1039
[2026-07-31 10:22:00] [INFO] [Thread-ThreadPoolExecutor-0_14] Pre-matching filter removed 69 side-stub point(s) from shape_id=67905426
[2026-07-31 10:22:00] [INFO] [Thread-ThreadPoolExecutor-0_13] Pre-matching filter removed 64 side-stub point(s) from shape_id=67905529
[2026-07-31 10:22:00] [INFO] [Thread-ThreadPoolExecutor-0_14] Successfully processed shape_id=67905426 | distance=7802.5m | confidence=[0.9832] | segments=1 | osm_nodes=355
[2026-07-31 10:22:00] [INFO] [Thread-ThreadPoolExecutor-0_13] Successfully processed shape_id=67905529 | distance=17583.3m | confidence=[0.9854] | segments=1 | osm_nodes=806
[2026-07-31 10:22:00] [INFO] [Thread-ThreadPoolExecutor-0_13] Pre-matching filter removed 42 side-stub point(s) from shape_id=67905572
[2026-07-31 10:22:01] [INFO] [Thread-ThreadPoolExecutor-0_0] Pre-matching filter removed 137 side-stub point(s) from shape_id=67905210
[2026-07-31 10:22:01] [INFO] [Thread-ThreadPoolExecutor-0_0] Successfully processed shape_id=67905210 | distance=15056.9m | confidence=[0.9847] | segments=1 | osm_nodes=788
[2026-07-31 10:22:01] [INFO] [Thread-ThreadPoolExecutor-0_0] Pre-matching filter removed 54 side-stub point(s) from shape_id=67905603
[2026-07-31 10:22:01] [INFO] [Thread-ThreadPoolExecutor-0_15] Pre-matching filter removed 71 side-stub point(s) from shape_id=67905531
[2026-07-31 10:22:01] [INFO] [Thread-ThreadPoolExecutor-0_3] Pre-matching filter removed 78 side-stub point(s) from shape_id=67905530
[2026-07-31 10:22:01] [INFO] [Thread-ThreadPoolExecutor-0_6] Pre-matching filter removed 90 side-stub point(s) from shape_id=67905528
[2026-07-31 10:22:01] [INFO] [Thread-ThreadPoolExecutor-0_13] Successfully processed shape_id=67905572 | distance=4880.9m | confidence=[0.965] | segments=1 | osm_nodes=1006
[2026-07-31 10:22:01] [INFO] [Thread-ThreadPoolExecutor-0_15] Successfully processed shape_id=67905531 | distance=17279.8m | confidence=[0.9839] | segments=1 | osm_nodes=758
[2026-07-31 10:22:01] [INFO] [Thread-ThreadPoolExecutor-0_1] Pre-matching filter removed 142 side-stub point(s) from shape_id=67905364
[2026-07-31 10:22:01] [INFO] [Thread-ThreadPoolExecutor-0_6] Successfully processed shape_id=67905528 | distance=16631.4m | confidence=[0.9852] | segments=1 | osm_nodes=802
[2026-07-31 10:22:01] [INFO] [Thread-ThreadPoolExecutor-0_3] Successfully processed shape_id=67905530 | distance=16491.0m | confidence=[0.9851] | segments=1 | osm_nodes=730
[2026-07-31 10:22:01] [INFO] [Thread-ThreadPoolExecutor-0_3] Pre-matching filter removed 24 side-stub point(s) from shape_id=67905670
[2026-07-31 10:22:01] [INFO] [Thread-ThreadPoolExecutor-0_1] Successfully processed shape_id=67905364 | distance=14031.6m | confidence=[0.9841] | segments=1 | osm_nodes=641
[2026-07-31 10:22:02] [INFO] [Thread-ThreadPoolExecutor-0_3] Successfully processed shape_id=67905670 | distance=2388.0m | confidence=[0.9797] | segments=1 | osm_nodes=460
[2026-07-31 10:22:02] [INFO] [Thread-ThreadPoolExecutor-0_10] Pre-matching filter removed 191 side-stub point(s) from shape_id=67904680
[2026-07-31 10:22:02] [INFO] [Thread-ThreadPoolExecutor-0_7] Pre-matching filter removed 156 side-stub point(s) from shape_id=67905211
[2026-07-31 10:22:02] [INFO] [Thread-ThreadPoolExecutor-0_0] Successfully processed shape_id=67905603 | distance=5654.3m | confidence=[0.9217] | segments=1 | osm_nodes=1020
[2026-07-31 10:22:02] [INFO] [Thread-ThreadPoolExecutor-0_0] Pre-matching filter removed 52 side-stub point(s) from shape_id=67905676
[2026-07-31 10:22:02] [INFO] [Thread-ThreadPoolExecutor-0_10] Successfully processed shape_id=67904680 | distance=27766.0m | confidence=[0.9834] | segments=1 | osm_nodes=1348
[2026-07-31 10:22:02] [INFO] [Thread-ThreadPoolExecutor-0_7] Successfully processed shape_id=67905211 | distance=15618.8m | confidence=[0.9854] | segments=1 | osm_nodes=866
[2026-07-31 10:22:02] [INFO] [Thread-ThreadPoolExecutor-0_4] Pre-matching filter removed 139 side-stub point(s) from shape_id=67905424
[2026-07-31 10:22:03] [INFO] [Thread-ThreadPoolExecutor-0_4] Successfully processed shape_id=67905424 | distance=14946.8m | confidence=[0.9817] | segments=1 | osm_nodes=684
[2026-07-31 10:22:03] [INFO] [Thread-ThreadPoolExecutor-0_11] Pre-matching filter removed 128 side-stub point(s) from shape_id=67905567
[2026-07-31 10:22:03] [INFO] [Thread-ThreadPoolExecutor-0_8] Pre-matching filter removed 148 side-stub point(s) from shape_id=67905425
[2026-07-31 10:22:03] [INFO] [Thread-ThreadPoolExecutor-0_5] Pre-matching filter removed 131 side-stub point(s) from shape_id=67905555
[2026-07-31 10:22:03] [INFO] [Thread-ThreadPoolExecutor-0_11] Successfully processed shape_id=67905567 | distance=12709.3m | confidence=[0.9823] | segments=1 | osm_nodes=650
[2026-07-31 10:22:03] [INFO] [Thread-ThreadPoolExecutor-0_2] Pre-matching filter removed 121 side-stub point(s) from shape_id=67905569
[2026-07-31 10:22:03] [INFO] [Thread-ThreadPoolExecutor-0_1] Pre-matching filter removed 68 side-stub point(s) from shape_id=67905671
[2026-07-31 10:22:03] [INFO] [Thread-ThreadPoolExecutor-0_8] Successfully processed shape_id=67905425 | distance=15357.0m | confidence=[0.983] | segments=1 | osm_nodes=721
[2026-07-31 10:22:03] [INFO] [Thread-ThreadPoolExecutor-0_5] Successfully processed shape_id=67905555 | distance=15421.3m | confidence=[0.98] | segments=1 | osm_nodes=827
[2026-07-31 10:22:03] [INFO] [Thread-ThreadPoolExecutor-0_2] Successfully processed shape_id=67905569 | distance=11719.4m | confidence=[0.9827] | segments=1 | osm_nodes=615
[2026-07-31 10:22:03] [INFO] [Thread-ThreadPoolExecutor-0_12] Pre-matching filter removed 201 side-stub point(s) from shape_id=67905069
[2026-07-31 10:22:03] [INFO] [Thread-ThreadPoolExecutor-0_0] Successfully processed shape_id=67905676 | distance=5218.8m | confidence=[0.9784] | segments=1 | osm_nodes=885
[2026-07-31 10:22:03] [INFO] [Thread-ThreadPoolExecutor-0_8] Pre-matching filter removed 17 side-stub point(s) from shape_id=67905897
[2026-07-31 10:22:03] [INFO] [Thread-ThreadPoolExecutor-0_12] Successfully processed shape_id=67905069 | distance=20965.4m | confidence=[0.9853] | segments=1 | osm_nodes=903
[2026-07-31 10:22:04] [INFO] [Thread-ThreadPoolExecutor-0_8] Successfully processed shape_id=67905897 | distance=5638.1m | confidence=[0.9842] | segments=1 | osm_nodes=312
[2026-07-31 10:22:04] [INFO] [Thread-ThreadPoolExecutor-0_3] Pre-matching filter removed 77 side-stub point(s) from shape_id=67905675
[2026-07-31 10:22:04] [INFO] [Thread-ThreadPoolExecutor-0_3] Successfully processed shape_id=67905675 | distance=7046.6m | confidence=[0.9818] | segments=1 | osm_nodes=324
[2026-07-31 10:22:04] [INFO] [Thread-ThreadPoolExecutor-0_1] Successfully processed shape_id=67905671 | distance=7296.1m | confidence=[0.924] | segments=1 | osm_nodes=1300
[2026-07-31 10:22:04] [INFO] [Thread-ThreadPoolExecutor-0_15] Pre-matching filter removed 104 side-stub point(s) from shape_id=67905613
[2026-07-31 10:22:04] [INFO] [Thread-ThreadPoolExecutor-0_15] Successfully processed shape_id=67905613 | distance=9728.2m | confidence=[0.9829] | segments=1 | osm_nodes=484
[2026-07-31 10:22:04] [INFO] [Thread-ThreadPoolExecutor-0_6] Pre-matching filter removed 103 side-stub point(s) from shape_id=67905666
[2026-07-31 10:22:04] [INFO] [Thread-ThreadPoolExecutor-0_10] Pre-matching filter removed 91 side-stub point(s) from shape_id=67905680
[2026-07-31 10:22:05] [INFO] [Thread-ThreadPoolExecutor-0_6] Successfully processed shape_id=67905666 | distance=11868.2m | confidence=[0.9816] | segments=1 | osm_nodes=544
[2026-07-31 10:22:05] [INFO] [Thread-ThreadPoolExecutor-0_10] Successfully processed shape_id=67905680 | distance=8543.9m | confidence=[0.9828] | segments=1 | osm_nodes=430
[2026-07-31 10:22:05] [INFO] [Thread-ThreadPoolExecutor-0_4] Pre-matching filter removed 85 side-stub point(s) from shape_id=67905725
[2026-07-31 10:22:05] [INFO] [Thread-ThreadPoolExecutor-0_9] Pre-matching filter removed 173 side-stub point(s) from shape_id=67905570
[2026-07-31 10:22:05] [INFO] [Thread-ThreadPoolExecutor-0_4] Successfully processed shape_id=67905725 | distance=13003.3m | confidence=[0.9526] | segments=1 | osm_nodes=722
[2026-07-31 10:22:05] [INFO] [Thread-ThreadPoolExecutor-0_7] Pre-matching filter removed 100 side-stub point(s) from shape_id=67905693
[2026-07-31 10:22:05] [INFO] [Thread-ThreadPoolExecutor-0_9] Successfully processed shape_id=67905570 | distance=16835.4m | confidence=[0.9828] | segments=1 | osm_nodes=763
[2026-07-31 10:22:05] [INFO] [Thread-ThreadPoolExecutor-0_13] Pre-matching filter removed 145 side-stub point(s) from shape_id=67905610
[2026-07-31 10:22:06] [INFO] [Thread-ThreadPoolExecutor-0_7] Successfully processed shape_id=67905693 | distance=26133.0m | confidence=[0.9567] | segments=1 | osm_nodes=1363
[2026-07-31 10:22:06] [INFO] [Thread-ThreadPoolExecutor-0_13] Successfully processed shape_id=67905610 | distance=14213.1m | confidence=[0.9823] | segments=1 | osm_nodes=665
[2026-07-31 10:22:06] [INFO] [Thread-ThreadPoolExecutor-0_7] Pre-matching filter removed 9 side-stub point(s) from shape_id=67906136
[2026-07-31 10:22:06] [INFO] [Thread-ThreadPoolExecutor-0_13] Pre-matching filter removed 10 side-stub point(s) from shape_id=67906137
[2026-07-31 10:22:06] [INFO] [Thread-ThreadPoolExecutor-0_7] Successfully processed shape_id=67906136 | distance=9773.0m | confidence=[0.9833] | segments=1 | osm_nodes=523
[2026-07-31 10:22:06] [INFO] [Thread-ThreadPoolExecutor-0_6] Pre-matching filter removed 46 side-stub point(s) from shape_id=67906125
[2026-07-31 10:22:06] [INFO] [Thread-ThreadPoolExecutor-0_13] Successfully processed shape_id=67906137 | distance=9719.1m | confidence=[0.9858] | segments=1 | osm_nodes=518
[2026-07-31 10:22:06] [INFO] [Thread-ThreadPoolExecutor-0_5] Pre-matching filter removed 106 side-stub point(s) from shape_id=67905901
[2026-07-31 10:22:06] [INFO] [Thread-ThreadPoolExecutor-0_14] Pre-matching filter removed 180 side-stub point(s) from shape_id=67905571
[2026-07-31 10:22:06] [INFO] [Thread-ThreadPoolExecutor-0_8] Pre-matching filter removed 83 side-stub point(s) from shape_id=67905911
[2026-07-31 10:22:06] [INFO] [Thread-ThreadPoolExecutor-0_5] Successfully processed shape_id=67905901 | distance=12696.6m | confidence=[0.9847] | segments=1 | osm_nodes=811
[2026-07-31 10:22:06] [INFO] [Thread-ThreadPoolExecutor-0_6] Successfully processed shape_id=67906125 | distance=10544.3m | confidence=[0.9514] | segments=1 | osm_nodes=615
[2026-07-31 10:22:06] [INFO] [Thread-ThreadPoolExecutor-0_14] Successfully processed shape_id=67905571 | distance=18087.1m | confidence=[0.9821] | segments=1 | osm_nodes=815
[2026-07-31 10:22:06] [INFO] [Thread-ThreadPoolExecutor-0_8] Successfully processed shape_id=67905911 | distance=8773.7m | confidence=[0.9656] | segments=1 | osm_nodes=470
[2026-07-31 10:22:06] [INFO] [Thread-ThreadPoolExecutor-0_8] Pre-matching filter removed 9 side-stub point(s) from shape_id=67906361
[2026-07-31 10:22:07] [INFO] [Thread-ThreadPoolExecutor-0_0] Pre-matching filter removed 106 side-stub point(s) from shape_id=67905906
[2026-07-31 10:22:07] [INFO] [Thread-ThreadPoolExecutor-0_13] Pre-matching filter removed 16 side-stub point(s) from shape_id=67906354
[2026-07-31 10:22:07] [INFO] [Thread-ThreadPoolExecutor-0_13] Successfully processed shape_id=67906354 | distance=10282.1m | confidence=[0.9846] | segments=1 | osm_nodes=472
[2026-07-31 10:22:07] [INFO] [Thread-ThreadPoolExecutor-0_13] Pre-matching filter removed 2 side-stub point(s) from shape_id=67906362
[2026-07-31 10:22:07] [INFO] [Thread-ThreadPoolExecutor-0_0] Successfully processed shape_id=67905906 | distance=15749.4m | confidence=[0.9859] | segments=1 | osm_nodes=1002
[2026-07-31 10:22:07] [INFO] [Thread-ThreadPoolExecutor-0_0] Pre-matching filter removed 12 side-stub point(s) from shape_id=67906363
[2026-07-31 10:22:07] [INFO] [Thread-ThreadPoolExecutor-0_12] Pre-matching filter removed 109 side-stub point(s) from shape_id=67905907
[2026-07-31 10:22:07] [INFO] [Thread-ThreadPoolExecutor-0_6] Pre-matching filter removed 23 side-stub point(s) from shape_id=67906357
[2026-07-31 10:22:07] [INFO] [Thread-ThreadPoolExecutor-0_5] Pre-matching filter removed 23 side-stub point(s) from shape_id=67906356
[2026-07-31 10:22:07] [INFO] [Thread-ThreadPoolExecutor-0_11] Pre-matching filter removed 143 side-stub point(s) from shape_id=67905857
[2026-07-31 10:22:07] [INFO] [Thread-ThreadPoolExecutor-0_6] Successfully processed shape_id=67906357 | distance=10858.4m | confidence=[0.986] | segments=1 | osm_nodes=501
[2026-07-31 10:22:07] [INFO] [Thread-ThreadPoolExecutor-0_6] Pre-matching filter removed 5 side-stub point(s) from shape_id=67906364
[2026-07-31 10:22:07] [INFO] [Thread-ThreadPoolExecutor-0_12] Successfully processed shape_id=67905907 | distance=15975.8m | confidence=[0.9855] | segments=1 | osm_nodes=1036
[2026-07-31 10:22:07] [INFO] [Thread-ThreadPoolExecutor-0_10] Pre-matching filter removed 84 side-stub point(s) from shape_id=67906126
[2026-07-31 10:22:07] [INFO] [Thread-ThreadPoolExecutor-0_12] Pre-matching filter removed 35 side-stub point(s) from shape_id=67906369
[2026-07-31 10:22:07] [INFO] [Thread-ThreadPoolExecutor-0_8] Successfully processed shape_id=67906361 | distance=3216.0m | confidence=[0.8707] | segments=1 | osm_nodes=662
[2026-07-31 10:22:07] [INFO] [Thread-ThreadPoolExecutor-0_11] Successfully processed shape_id=67905857 | distance=14174.7m | confidence=[0.9789] | segments=1 | osm_nodes=640
[2026-07-31 10:22:07] [INFO] [Thread-ThreadPoolExecutor-0_5] Successfully processed shape_id=67906356 | distance=10882.6m | confidence=[0.9828] | segments=1 | osm_nodes=457
[2026-07-31 10:22:07] [INFO] [Thread-ThreadPoolExecutor-0_2] Pre-matching filter removed 143 side-stub point(s) from shape_id=67905905
[2026-07-31 10:22:08] [INFO] [Thread-ThreadPoolExecutor-0_0] Successfully processed shape_id=67906363 | distance=3569.2m | confidence=[0.001] | segments=1 | osm_nodes=633
[2026-07-31 10:22:08] [INFO] [Thread-ThreadPoolExecutor-0_14] Pre-matching filter removed 39 side-stub point(s) from shape_id=67906358
[2026-07-31 10:22:08] [INFO] [Thread-ThreadPoolExecutor-0_7] Pre-matching filter removed 48 side-stub point(s) from shape_id=67906351
[2026-07-31 10:22:08] [INFO] [Thread-ThreadPoolExecutor-0_10] Successfully processed shape_id=67906126 | distance=16619.0m | confidence=[0.9724] | segments=1 | osm_nodes=956
[2026-07-31 10:22:08] [INFO] [Thread-ThreadPoolExecutor-0_15] Pre-matching filter removed 107 side-stub point(s) from shape_id=67905917
[2026-07-31 10:22:08] [INFO] [Thread-ThreadPoolExecutor-0_2] Successfully processed shape_id=67905905 | distance=16220.6m | confidence=[0.9851] | segments=1 | osm_nodes=1037
[2026-07-31 10:22:08] [INFO] [Thread-ThreadPoolExecutor-0_14] Successfully processed shape_id=67906358 | distance=11570.2m | confidence=[0.9791] | segments=1 | osm_nodes=507
[2026-07-31 10:22:08] [INFO] [Thread-ThreadPoolExecutor-0_4] Pre-matching filter removed 91 side-stub point(s) from shape_id=67906127
[2026-07-31 10:22:08] [INFO] [Thread-ThreadPoolExecutor-0_13] Successfully processed shape_id=67906362 | distance=3234.5m | confidence=[0.8977] | segments=1 | osm_nodes=662
[2026-07-31 10:22:08] [INFO] [Thread-ThreadPoolExecutor-0_15] Successfully processed shape_id=67905917 | distance=11376.9m | confidence=[0.9841] | segments=1 | osm_nodes=572
[2026-07-31 10:22:08] [INFO] [Thread-ThreadPoolExecutor-0_6] Successfully processed shape_id=67906364 | distance=3543.1m | confidence=[0.0] | segments=1 | osm_nodes=589
[2026-07-31 10:22:08] [INFO] [Thread-ThreadPoolExecutor-0_6] Pre-matching filter removed 43 side-stub point(s) from shape_id=67906492
[2026-07-31 10:22:08] [INFO] [Thread-ThreadPoolExecutor-0_4] Successfully processed shape_id=67906127 | distance=10318.2m | confidence=[0.9842] | segments=1 | osm_nodes=594
[2026-07-31 10:22:08] [INFO] [Thread-ThreadPoolExecutor-0_4] Pre-matching filter removed 17 side-stub point(s) from shape_id=67906508
[2026-07-31 10:22:08] [INFO] [Thread-ThreadPoolExecutor-0_12] Successfully processed shape_id=67906369 | distance=4672.7m | confidence=[0.9571] | segments=1 | osm_nodes=952
[2026-07-31 10:22:08] [INFO] [Thread-ThreadPoolExecutor-0_12] Pre-matching filter removed 21 side-stub point(s) from shape_id=67906509
[2026-07-31 10:22:08] [INFO] [Thread-ThreadPoolExecutor-0_5] Pre-matching filter removed 34 side-stub point(s) from shape_id=67906398
[2026-07-31 10:22:08] [INFO] [Thread-ThreadPoolExecutor-0_3] Pre-matching filter removed 135 side-stub point(s) from shape_id=67905912
[2026-07-31 10:22:08] [INFO] [Thread-ThreadPoolExecutor-0_4] Successfully processed shape_id=67906508 | distance=6017.1m | confidence=[0.9765] | segments=1 | osm_nodes=876
[2026-07-31 10:22:08] [INFO] [Thread-ThreadPoolExecutor-0_1] Pre-matching filter removed 142 side-stub point(s) from shape_id=67905915
[2026-07-31 10:22:08] [INFO] [Thread-ThreadPoolExecutor-0_5] Successfully processed shape_id=67906398 | distance=8375.7m | confidence=[0.9852] | segments=1 | osm_nodes=385
[2026-07-31 10:22:09] [INFO] [Thread-ThreadPoolExecutor-0_3] Successfully processed shape_id=67905912 | distance=13864.8m | confidence=[0.977] | segments=1 | osm_nodes=711
[2026-07-31 10:22:09] [INFO] [Thread-ThreadPoolExecutor-0_12] Successfully processed shape_id=67906509 | distance=6100.5m | confidence=[0.9772] | segments=1 | osm_nodes=944
[2026-07-31 10:22:09] [INFO] [Thread-ThreadPoolExecutor-0_1] Successfully processed shape_id=67905915 | distance=15895.2m | confidence=[0.9823] | segments=1 | osm_nodes=844
[2026-07-31 10:22:09] [INFO] [Thread-ThreadPoolExecutor-0_6] Successfully processed shape_id=67906492 | distance=4476.6m | confidence=[0.9767] | segments=1 | osm_nodes=803
[2026-07-31 10:22:09] [INFO] [Thread-ThreadPoolExecutor-0_8] Pre-matching filter removed 62 side-stub point(s) from shape_id=67906394
[2026-07-31 10:22:09] [INFO] [Thread-ThreadPoolExecutor-0_4] Pre-matching filter removed 29 side-stub point(s) from shape_id=67906546
[2026-07-31 10:22:09] [INFO] [Thread-ThreadPoolExecutor-0_8] Successfully processed shape_id=67906394 | distance=12336.2m | confidence=[0.9856] | segments=1 | osm_nodes=585
[2026-07-31 10:22:09] [INFO] [Thread-ThreadPoolExecutor-0_11] Pre-matching filter removed 75 side-stub point(s) from shape_id=67906395
[2026-07-31 10:22:09] [INFO] [Thread-ThreadPoolExecutor-0_2] Pre-matching filter removed 60 side-stub point(s) from shape_id=67906402
[2026-07-31 10:22:09] [INFO] [Thread-ThreadPoolExecutor-0_8] Pre-matching filter removed 51 side-stub point(s) from shape_id=67906652
[2026-07-31 10:22:09] [INFO] [Thread-ThreadPoolExecutor-0_0] Pre-matching filter removed 69 side-stub point(s) from shape_id=67906399
[2026-07-31 10:22:09] [INFO] [Thread-ThreadPoolExecutor-0_9] Pre-matching filter removed 142 side-stub point(s) from shape_id=67906128
[2026-07-31 10:22:09] [INFO] [Thread-ThreadPoolExecutor-0_14] Pre-matching filter removed 65 side-stub point(s) from shape_id=67906403
[2026-07-31 10:22:10] [INFO] [Thread-ThreadPoolExecutor-0_4] Successfully processed shape_id=67906546 | distance=10722.8m | confidence=[0.9814] | segments=1 | osm_nodes=537
[2026-07-31 10:22:10] [INFO] [Thread-ThreadPoolExecutor-0_4] Pre-matching filter removed 36 side-stub point(s) from shape_id=67906653
[2026-07-31 10:22:10] [INFO] [Thread-ThreadPoolExecutor-0_10] Pre-matching filter removed 76 side-stub point(s) from shape_id=67906400
[2026-07-31 10:22:10] [INFO] [Thread-ThreadPoolExecutor-0_2] Successfully processed shape_id=67906402 | distance=12173.2m | confidence=[0.9849] | segments=1 | osm_nodes=548
[2026-07-31 10:22:10] [INFO] [Thread-ThreadPoolExecutor-0_2] Pre-matching filter removed 5 side-stub point(s) from shape_id=67906655
[2026-07-31 10:22:10] [INFO] [Thread-ThreadPoolExecutor-0_9] Successfully processed shape_id=67906128 | distance=16476.8m | confidence=[0.9837] | segments=1 | osm_nodes=932
[2026-07-31 10:22:10] [INFO] [Thread-ThreadPoolExecutor-0_5] Pre-matching filter removed 47 side-stub point(s) from shape_id=67906547
[2026-07-31 10:22:10] [INFO] [Thread-ThreadPoolExecutor-0_11] Successfully processed shape_id=67906395 | distance=13893.2m | confidence=[0.9851] | segments=1 | osm_nodes=687
[2026-07-31 10:22:10] [INFO] [Thread-ThreadPoolExecutor-0_0] Successfully processed shape_id=67906399 | distance=11765.8m | confidence=[0.9845] | segments=1 | osm_nodes=576
[2026-07-31 10:22:10] [INFO] [Thread-ThreadPoolExecutor-0_14] Successfully processed shape_id=67906403 | distance=12377.3m | confidence=[0.9846] | segments=1 | osm_nodes=556
[2026-07-31 10:22:10] [INFO] [Thread-ThreadPoolExecutor-0_10] Successfully processed shape_id=67906400 | distance=12822.8m | confidence=[0.9844] | segments=1 | osm_nodes=633
[2026-07-31 10:22:10] [INFO] [Thread-ThreadPoolExecutor-0_8] Successfully processed shape_id=67906652 | distance=6785.3m | confidence=[0.9759] | segments=1 | osm_nodes=1120
[2026-07-31 10:22:10] [INFO] [Thread-ThreadPoolExecutor-0_13] Pre-matching filter removed 93 side-stub point(s) from shape_id=67906410
[2026-07-31 10:22:10] [INFO] [Thread-ThreadPoolExecutor-0_4] Successfully processed shape_id=67906653 | distance=4943.3m | confidence=[0.9725] | segments=1 | osm_nodes=800
[2026-07-31 10:22:10] [INFO] [Thread-ThreadPoolExecutor-0_4] Pre-matching filter removed 32 side-stub point(s) from shape_id=67906771
[2026-07-31 10:22:10] [INFO] [Thread-ThreadPoolExecutor-0_5] Successfully processed shape_id=67906547 | distance=10746.6m | confidence=[0.9822] | segments=1 | osm_nodes=522
[2026-07-31 10:22:10] [INFO] [Thread-ThreadPoolExecutor-0_2] Successfully processed shape_id=67906655 | distance=6714.1m | confidence=[0.9852] | segments=1 | osm_nodes=1083
[2026-07-31 10:22:10] [INFO] [Thread-ThreadPoolExecutor-0_2] Pre-matching filter removed 25 side-stub point(s) from shape_id=67906773
[2026-07-31 10:22:11] [INFO] [Thread-ThreadPoolExecutor-0_9] Pre-matching filter removed 33 side-stub point(s) from shape_id=67906656
[2026-07-31 10:22:11] [INFO] [Thread-ThreadPoolExecutor-0_4] Successfully processed shape_id=67906771 | distance=3988.6m | confidence=[0.9814] | segments=1 | osm_nodes=815
[2026-07-31 10:22:11] [INFO] [Thread-ThreadPoolExecutor-0_9] Successfully processed shape_id=67906656 | distance=17019.0m | confidence=[0.9825] | segments=1 | osm_nodes=804
[2026-07-31 10:22:11] [INFO] [Thread-ThreadPoolExecutor-0_2] Successfully processed shape_id=67906773 | distance=4028.8m | confidence=[0.9714] | segments=1 | osm_nodes=789
[2026-07-31 10:22:11] [INFO] [Thread-ThreadPoolExecutor-0_13] Successfully processed shape_id=67906410 | distance=8837.1m | confidence=[0.9856] | segments=1 | osm_nodes=544
[2026-07-31 10:22:11] [INFO] [Thread-ThreadPoolExecutor-0_6] Pre-matching filter removed 81 side-stub point(s) from shape_id=67906643
[2026-07-31 10:22:11] [INFO] [Thread-ThreadPoolExecutor-0_3] Pre-matching filter removed 97 side-stub point(s) from shape_id=67906581
[2026-07-31 10:22:11] [INFO] [Thread-ThreadPoolExecutor-0_7] Successfully processed shape_id=67906351 | distance=7206.1m | confidence=[0.9802] | segments=1 | osm_nodes=1269
[2026-07-31 10:22:11] [INFO] [Thread-ThreadPoolExecutor-0_1] Pre-matching filter removed 90 side-stub point(s) from shape_id=67906586
[2026-07-31 10:22:11] [INFO] [Thread-ThreadPoolExecutor-0_12] Pre-matching filter removed 101 side-stub point(s) from shape_id=67906582
[2026-07-31 10:22:12] [INFO] [Thread-ThreadPoolExecutor-0_3] Successfully processed shape_id=67906581 | distance=15726.3m | confidence=[0.985] | segments=1 | osm_nodes=776
[2026-07-31 10:22:12] [INFO] [Thread-ThreadPoolExecutor-0_1] Successfully processed shape_id=67906586 | distance=13970.7m | confidence=[0.9854] | segments=1 | osm_nodes=694
[2026-07-31 10:22:12] [INFO] [Thread-ThreadPoolExecutor-0_6] Successfully processed shape_id=67906643 | distance=22622.9m | confidence=[0.9836] | segments=1 | osm_nodes=1024
[2026-07-31 10:22:12] [INFO] [Thread-ThreadPoolExecutor-0_6] Pre-matching filter removed 7 side-stub point(s) from shape_id=67906982
[2026-07-31 10:22:12] [INFO] [Thread-ThreadPoolExecutor-0_12] Successfully processed shape_id=67906582 | distance=15989.2m | confidence=[0.9855] | segments=1 | osm_nodes=797
[2026-07-31 10:22:12] [INFO] [Thread-ThreadPoolExecutor-0_6] Successfully processed shape_id=67906982 | distance=4104.6m | confidence=[0.9512] | segments=1 | osm_nodes=638
[2026-07-31 10:22:12] [INFO] [Thread-ThreadPoolExecutor-0_4] Pre-matching filter removed 52 side-stub point(s) from shape_id=67906775
[2026-07-31 10:22:12] [INFO] [Thread-ThreadPoolExecutor-0_10] Pre-matching filter removed 79 side-stub point(s) from shape_id=67906662
[2026-07-31 10:22:12] [INFO] [Thread-ThreadPoolExecutor-0_1] Pre-matching filter removed 18 side-stub point(s) from shape_id=67906980
[2026-07-31 10:22:12] [INFO] [Thread-ThreadPoolExecutor-0_14] Pre-matching filter removed 81 side-stub point(s) from shape_id=67906661
[2026-07-31 10:22:13] [INFO] [Thread-ThreadPoolExecutor-0_1] Successfully processed shape_id=67906980 | distance=15598.2m | confidence=[0.9828] | segments=1 | osm_nodes=587
[2026-07-31 10:22:13] [INFO] [Thread-ThreadPoolExecutor-0_10] Successfully processed shape_id=67906662 | distance=15348.0m | confidence=[0.9841] | segments=1 | osm_nodes=807
[2026-07-31 10:22:13] [INFO] [Thread-ThreadPoolExecutor-0_1] Pre-matching filter removed 11 side-stub point(s) from shape_id=67907010
[2026-07-31 10:22:13] [INFO] [Thread-ThreadPoolExecutor-0_10] Pre-matching filter removed 15 side-stub point(s) from shape_id=67907012
[2026-07-31 10:22:13] [INFO] [Thread-ThreadPoolExecutor-0_4] Successfully processed shape_id=67906775 | distance=16583.6m | confidence=[0.9618] | segments=1 | osm_nodes=703
[2026-07-31 10:22:13] [INFO] [Thread-ThreadPoolExecutor-0_14] Successfully processed shape_id=67906661 | distance=16281.1m | confidence=[0.982] | segments=1 | osm_nodes=877
[2026-07-31 10:22:13] [INFO] [Thread-ThreadPoolExecutor-0_6] Pre-matching filter removed 17 side-stub point(s) from shape_id=67907006
[2026-07-31 10:22:13] [INFO] [Thread-ThreadPoolExecutor-0_12] Pre-matching filter removed 22 side-stub point(s) from shape_id=67907005
[2026-07-31 10:22:13] [INFO] [Thread-ThreadPoolExecutor-0_1] Successfully processed shape_id=67907010 | distance=4015.6m | confidence=[0.0832] | segments=1 | osm_nodes=660
[2026-07-31 10:22:13] [INFO] [Thread-ThreadPoolExecutor-0_10] Successfully processed shape_id=67907012 | distance=3845.3m | confidence=[0.9829] | segments=1 | osm_nodes=653
[2026-07-31 10:22:13] [INFO] [Thread-ThreadPoolExecutor-0_5] Pre-matching filter removed 77 side-stub point(s) from shape_id=67906772
[2026-07-31 10:22:13] [INFO] [Thread-ThreadPoolExecutor-0_6] Successfully processed shape_id=67907006 | distance=27127.7m | confidence=[0.9831] | segments=1 | osm_nodes=1143
[2026-07-31 10:22:13] [INFO] [Thread-ThreadPoolExecutor-0_12] Successfully processed shape_id=67907005 | distance=25990.2m | confidence=[0.9839] | segments=1 | osm_nodes=1152
[2026-07-31 10:22:13] [INFO] [Thread-ThreadPoolExecutor-0_5] Successfully processed shape_id=67906772 | distance=19738.0m | confidence=[0.9751] | segments=1 | osm_nodes=914
[2026-07-31 10:22:14] [INFO] [Thread-ThreadPoolExecutor-0_15] Pre-matching filter removed 184 side-stub point(s) from shape_id=67906414
[2026-07-31 10:22:14] [INFO] [Thread-ThreadPoolExecutor-0_11] Pre-matching filter removed 135 side-stub point(s) from shape_id=67906657
[2026-07-31 10:22:14] [INFO] [Thread-ThreadPoolExecutor-0_11] Successfully processed shape_id=67906657 | distance=16935.1m | confidence=[0.9813] | segments=1 | osm_nodes=812
[2026-07-31 10:22:14] [INFO] [Thread-ThreadPoolExecutor-0_2] Pre-matching filter removed 90 side-stub point(s) from shape_id=67906777
[2026-07-31 10:22:14] [INFO] [Thread-ThreadPoolExecutor-0_0] Pre-matching filter removed 137 side-stub point(s) from shape_id=67906658
[2026-07-31 10:22:14] [INFO] [Thread-ThreadPoolExecutor-0_9] Pre-matching filter removed 104 side-stub point(s) from shape_id=67906776
[2026-07-31 10:22:14] [INFO] [Thread-ThreadPoolExecutor-0_14] Pre-matching filter removed 47 side-stub point(s) from shape_id=67907015
[2026-07-31 10:22:14] [INFO] [Thread-ThreadPoolExecutor-0_0] Successfully processed shape_id=67906658 | distance=16100.1m | confidence=[0.9851] | segments=1 | osm_nodes=833
[2026-07-31 10:22:14] [INFO] [Thread-ThreadPoolExecutor-0_15] Successfully processed shape_id=67906414 | distance=17588.6m | confidence=[0.986] | segments=1 | osm_nodes=1032
[2026-07-31 10:22:14] [INFO] [Thread-ThreadPoolExecutor-0_2] Successfully processed shape_id=67906777 | distance=15957.7m | confidence=[0.9821] | segments=1 | osm_nodes=747
[2026-07-31 10:22:15] [INFO] [Thread-ThreadPoolExecutor-0_2] Pre-matching filter removed 48 side-stub point(s) from shape_id=67907027
[2026-07-31 10:22:15] [INFO] [Thread-ThreadPoolExecutor-0_14] Successfully processed shape_id=67907015 | distance=15216.0m | confidence=[0.9845] | segments=1 | osm_nodes=799
[2026-07-31 10:22:15] [INFO] [Thread-ThreadPoolExecutor-0_12] Pre-matching filter removed 44 side-stub point(s) from shape_id=67907021
[2026-07-31 10:22:15] [INFO] [Thread-ThreadPoolExecutor-0_9] Successfully processed shape_id=67906776 | distance=19000.7m | confidence=[0.9822] | segments=1 | osm_nodes=931
[2026-07-31 10:22:15] [INFO] [Thread-ThreadPoolExecutor-0_7] Pre-matching filter removed 98 side-stub point(s) from shape_id=67906779
[2026-07-31 10:22:15] [INFO] [Thread-ThreadPoolExecutor-0_4] Pre-matching filter removed 55 side-stub point(s) from shape_id=67907014
[2026-07-31 10:22:15] [INFO] [Thread-ThreadPoolExecutor-0_12] Successfully processed shape_id=67907021 | distance=7488.1m | confidence=[0.9836] | segments=1 | osm_nodes=379
[2026-07-31 10:22:15] [INFO] [Thread-ThreadPoolExecutor-0_8] Pre-matching filter removed 131 side-stub point(s) from shape_id=67906665
[2026-07-31 10:22:15] [INFO] [Thread-ThreadPoolExecutor-0_4] Successfully processed shape_id=67907014 | distance=15145.7m | confidence=[0.9849] | segments=1 | osm_nodes=771
[2026-07-31 10:22:15] [INFO] [Thread-ThreadPoolExecutor-0_4] Pre-matching filter removed 39 side-stub point(s) from shape_id=67907031
[2026-07-31 10:22:15] [INFO] [Thread-ThreadPoolExecutor-0_6] Pre-matching filter removed 51 side-stub point(s) from shape_id=67907020
[2026-07-31 10:22:15] [INFO] [Thread-ThreadPoolExecutor-0_8] Successfully processed shape_id=67906665 | distance=15087.5m | confidence=[0.9843] | segments=1 | osm_nodes=755
[2026-07-31 10:22:15] [INFO] [Thread-ThreadPoolExecutor-0_13] Pre-matching filter removed 112 side-stub point(s) from shape_id=67906778
[2026-07-31 10:22:15] [INFO] [Thread-ThreadPoolExecutor-0_6] Successfully processed shape_id=67907020 | distance=7489.4m | confidence=[0.9843] | segments=1 | osm_nodes=407
[2026-07-31 10:22:15] [INFO] [Thread-ThreadPoolExecutor-0_7] Successfully processed shape_id=67906779 | distance=16899.9m | confidence=[0.9844] | segments=1 | osm_nodes=845
[2026-07-31 10:22:15] [INFO] [Thread-ThreadPoolExecutor-0_2] Successfully processed shape_id=67907027 | distance=6090.5m | confidence=[0.9538] | segments=1 | osm_nodes=1182
[2026-07-31 10:22:15] [INFO] [Thread-ThreadPoolExecutor-0_1] Pre-matching filter removed 63 side-stub point(s) from shape_id=67907016
[2026-07-31 10:22:15] [INFO] [Thread-ThreadPoolExecutor-0_10] Pre-matching filter removed 67 side-stub point(s) from shape_id=67907018
[2026-07-31 10:22:15] [INFO] [Thread-ThreadPoolExecutor-0_10] Successfully processed shape_id=67907018 | distance=6907.6m | confidence=[0.985] | segments=1 | osm_nodes=331
[2026-07-31 10:22:15] [INFO] [Thread-ThreadPoolExecutor-0_1] Successfully processed shape_id=67907016 | distance=6711.2m | confidence=[0.9802] | segments=1 | osm_nodes=320
[2026-07-31 10:22:15] [INFO] [Thread-ThreadPoolExecutor-0_13] Successfully processed shape_id=67906778 | distance=19942.9m | confidence=[0.9842] | segments=1 | osm_nodes=1029
[2026-07-31 10:22:15] [INFO] [Thread-ThreadPoolExecutor-0_4] Successfully processed shape_id=67907031 | distance=5912.5m | confidence=[0.979] | segments=1 | osm_nodes=1136
[2026-07-31 10:22:15] [INFO] [Thread-ThreadPoolExecutor-0_3] Pre-matching filter removed 122 side-stub point(s) from shape_id=67906872
[2026-07-31 10:22:16] [INFO] [Thread-ThreadPoolExecutor-0_3] Successfully processed shape_id=67906872 | distance=12788.0m | confidence=[0.9829] | segments=1 | osm_nodes=513
[2026-07-31 10:22:16] [INFO] [Thread-ThreadPoolExecutor-0_5] Pre-matching filter removed 91 side-stub point(s) from shape_id=67907022
[2026-07-31 10:22:16] [INFO] [Thread-ThreadPoolExecutor-0_5] Successfully processed shape_id=67907022 | distance=8600.4m | confidence=[0.9858] | segments=1 | osm_nodes=390
[2026-07-31 10:22:16] [INFO] [Thread-ThreadPoolExecutor-0_7] Pre-matching filter removed 56 side-stub point(s) from shape_id=67907101
[2026-07-31 10:22:16] [INFO] [Thread-ThreadPoolExecutor-0_7] Successfully processed shape_id=67907101 | distance=9036.2m | confidence=[0.9257] | segments=1 | osm_nodes=544
[2026-07-31 10:22:17] [INFO] [Thread-ThreadPoolExecutor-0_0] Pre-matching filter removed 97 side-stub point(s) from shape_id=67907024
[2026-07-31 10:22:17] [INFO] [Thread-ThreadPoolExecutor-0_6] Pre-matching filter removed 79 side-stub point(s) from shape_id=67907100
[2026-07-31 10:22:17] [INFO] [Thread-ThreadPoolExecutor-0_0] Successfully processed shape_id=67907024 | distance=9055.3m | confidence=[0.9839] | segments=1 | osm_nodes=427
[2026-07-31 10:22:17] [INFO] [Thread-ThreadPoolExecutor-0_2] Pre-matching filter removed 81 side-stub point(s) from shape_id=67907103
[2026-07-31 10:22:17] [INFO] [Thread-ThreadPoolExecutor-0_6] Successfully processed shape_id=67907100 | distance=8930.9m | confidence=[0.9834] | segments=1 | osm_nodes=515
[2026-07-31 10:22:17] [INFO] [Thread-ThreadPoolExecutor-0_2] Successfully processed shape_id=67907103 | distance=14339.3m | confidence=[0.9587] | segments=1 | osm_nodes=793
[2026-07-31 10:22:18] [INFO] [Thread-ThreadPoolExecutor-0_1] Pre-matching filter removed 88 side-stub point(s) from shape_id=67907105
[2026-07-31 10:22:18] [INFO] [Thread-ThreadPoolExecutor-0_14] Pre-matching filter removed 119 side-stub point(s) from shape_id=67907028
[2026-07-31 10:22:18] [INFO] [Thread-ThreadPoolExecutor-0_1] Successfully processed shape_id=67907105 | distance=9857.9m | confidence=[0.9835] | segments=1 | osm_nodes=546
[2026-07-31 10:22:18] [INFO] [Thread-ThreadPoolExecutor-0_14] Successfully processed shape_id=67907028 | distance=13822.4m | confidence=[0.9821] | segments=1 | osm_nodes=729
[2026-07-31 10:22:18] [INFO] [Thread-ThreadPoolExecutor-0_12] Pre-matching filter removed 117 side-stub point(s) from shape_id=67907030
[2026-07-31 10:22:18] [INFO] [Thread-ThreadPoolExecutor-0_12] Successfully processed shape_id=67907030 | distance=13857.4m | confidence=[0.985] | segments=1 | osm_nodes=728
[2026-07-31 10:22:19] [INFO] [Thread-ThreadPoolExecutor-0_11] Pre-matching filter removed 150 side-stub point(s) from shape_id=67907023
[2026-07-31 10:22:19] [INFO] [Thread-ThreadPoolExecutor-0_9] Pre-matching filter removed 136 side-stub point(s) from shape_id=67907029
[2026-07-31 10:22:19] [INFO] [Thread-ThreadPoolExecutor-0_11] Successfully processed shape_id=67907023 | distance=14839.3m | confidence=[0.9846] | segments=1 | osm_nodes=666
[2026-07-31 10:22:19] [INFO] [Thread-ThreadPoolExecutor-0_9] Successfully processed shape_id=67907029 | distance=15387.7m | confidence=[0.9832] | segments=1 | osm_nodes=792
[2026-07-31 10:22:19] [INFO] [Thread-ThreadPoolExecutor-0_8] Pre-matching filter removed 132 side-stub point(s) from shape_id=67907032
[2026-07-31 10:22:19] [INFO] [Thread-ThreadPoolExecutor-0_8] Successfully processed shape_id=67907032 | distance=15387.4m | confidence=[0.9855] | segments=1 | osm_nodes=782
[2026-07-31 10:22:19] [INFO] [Thread-ThreadPoolExecutor-0_8] Pre-matching filter removed 9 side-stub point(s) from shape_id=67907134
[2026-07-31 10:22:19] [INFO] [Thread-ThreadPoolExecutor-0_10] Pre-matching filter removed 123 side-stub point(s) from shape_id=67907104
[2026-07-31 10:22:19] [INFO] [Thread-ThreadPoolExecutor-0_4] Pre-matching filter removed 113 side-stub point(s) from shape_id=67907108
[2026-07-31 10:22:19] [INFO] [Thread-ThreadPoolExecutor-0_10] Successfully processed shape_id=67907104 | distance=14304.6m | confidence=[0.9842] | segments=1 | osm_nodes=763
[2026-07-31 10:22:19] [INFO] [Thread-ThreadPoolExecutor-0_10] Pre-matching filter removed 1 side-stub point(s) from shape_id=67907135
[2026-07-31 10:22:19] [INFO] [Thread-ThreadPoolExecutor-0_15] Pre-matching filter removed 154 side-stub point(s) from shape_id=67907025
[2026-07-31 10:22:20] [INFO] [Thread-ThreadPoolExecutor-0_8] Successfully processed shape_id=67907134 | distance=5703.0m | confidence=[0.7723] | segments=1 | osm_nodes=917
[2026-07-31 10:22:20] [INFO] [Thread-ThreadPoolExecutor-0_13] Pre-matching filter removed 125 side-stub point(s) from shape_id=67907107
[2026-07-31 10:22:20] [INFO] [Thread-ThreadPoolExecutor-0_15] Successfully processed shape_id=67907025 | distance=15690.8m | confidence=[0.9857] | segments=1 | osm_nodes=731
[2026-07-31 10:22:20] [INFO] [Thread-ThreadPoolExecutor-0_4] Successfully processed shape_id=67907108 | distance=19490.7m | confidence=[0.9623] | segments=1 | osm_nodes=972
[2026-07-31 10:22:20] [INFO] [Thread-ThreadPoolExecutor-0_10] Successfully processed shape_id=67907135 | distance=4663.6m | confidence=[0.9852] | segments=1 | osm_nodes=717
[2026-07-31 10:22:20] [INFO] [Thread-ThreadPoolExecutor-0_5] Pre-matching filter removed 106 side-stub point(s) from shape_id=67907110
[2026-07-31 10:22:20] [INFO] [Thread-ThreadPoolExecutor-0_13] Successfully processed shape_id=67907107 | distance=21218.0m | confidence=[0.9851] | segments=1 | osm_nodes=1047
[2026-07-31 10:22:20] [INFO] [Thread-ThreadPoolExecutor-0_3] Pre-matching filter removed 119 side-stub point(s) from shape_id=67907109
[2026-07-31 10:22:20] [INFO] [Thread-ThreadPoolExecutor-0_1] Pre-matching filter removed 58 side-stub point(s) from shape_id=67907124
[2026-07-31 10:22:20] [INFO] [Thread-ThreadPoolExecutor-0_5] Successfully processed shape_id=67907110 | distance=22310.9m | confidence=[0.9716] | segments=1 | osm_nodes=1126
[2026-07-31 10:22:20] [INFO] [Thread-ThreadPoolExecutor-0_7] Pre-matching filter removed 98 side-stub point(s) from shape_id=67907111
[2026-07-31 10:22:20] [INFO] [Thread-ThreadPoolExecutor-0_6] Pre-matching filter removed 87 side-stub point(s) from shape_id=67907119
[2026-07-31 10:22:20] [INFO] [Thread-ThreadPoolExecutor-0_1] Successfully processed shape_id=67907124 | distance=17318.3m | confidence=[0.9305] | segments=1 | osm_nodes=924
[2026-07-31 10:22:21] [INFO] [Thread-ThreadPoolExecutor-0_7] Successfully processed shape_id=67907111 | distance=21596.1m | confidence=[0.9712] | segments=1 | osm_nodes=1116
[2026-07-31 10:22:21] [INFO] [Thread-ThreadPoolExecutor-0_3] Successfully processed shape_id=67907109 | distance=26377.6m | confidence=[0.9724] | segments=1 | osm_nodes=1344
[2026-07-31 10:22:21] [INFO] [Thread-ThreadPoolExecutor-0_6] Successfully processed shape_id=67907119 | distance=16541.4m | confidence=[0.9207] | segments=1 | osm_nodes=868
[2026-07-31 10:22:21] [INFO] [Thread-ThreadPoolExecutor-0_2] Pre-matching filter removed 89 side-stub point(s) from shape_id=67907120
[2026-07-31 10:22:21] [INFO] [Thread-ThreadPoolExecutor-0_0] Pre-matching filter removed 100 side-stub point(s) from shape_id=67907112
[2026-07-31 10:22:21] [INFO] [Thread-ThreadPoolExecutor-0_2] Successfully processed shape_id=67907120 | distance=21314.7m | confidence=[0.9505] | segments=1 | osm_nodes=1117
[2026-07-31 10:22:21] [INFO] [Thread-ThreadPoolExecutor-0_0] Successfully processed shape_id=67907112 | distance=16779.2m | confidence=[0.9573] | segments=1 | osm_nodes=867
[2026-07-31 10:22:21] [INFO] [Thread-ThreadPoolExecutor-0_14] Pre-matching filter removed 98 side-stub point(s) from shape_id=67907127
[2026-07-31 10:22:21] [INFO] [Thread-ThreadPoolExecutor-0_8] Pre-matching filter removed 65 side-stub point(s) from shape_id=67907170
[2026-07-31 10:22:21] [INFO] [Thread-ThreadPoolExecutor-0_14] Successfully processed shape_id=67907127 | distance=9994.1m | confidence=[0.9839] | segments=1 | osm_nodes=483
[2026-07-31 10:22:22] [INFO] [Thread-ThreadPoolExecutor-0_8] Successfully processed shape_id=67907170 | distance=7383.0m | confidence=[0.9822] | segments=1 | osm_nodes=477
[2026-07-31 10:22:22] [INFO] [Thread-ThreadPoolExecutor-0_13] Pre-matching filter removed 64 side-stub point(s) from shape_id=67907175
[2026-07-31 10:22:22] [INFO] [Thread-ThreadPoolExecutor-0_15] Pre-matching filter removed 70 side-stub point(s) from shape_id=67907171
[2026-07-31 10:22:22] [INFO] [Thread-ThreadPoolExecutor-0_2] Pre-matching filter removed 26 side-stub point(s) from shape_id=67907443
[2026-07-31 10:22:22] [INFO] [Thread-ThreadPoolExecutor-0_10] Pre-matching filter removed 71 side-stub point(s) from shape_id=67907174
[2026-07-31 10:22:22] [INFO] [Thread-ThreadPoolExecutor-0_15] Successfully processed shape_id=67907171 | distance=7362.9m | confidence=[0.9798] | segments=1 | osm_nodes=472
[2026-07-31 10:22:22] [INFO] [Thread-ThreadPoolExecutor-0_5] Pre-matching filter removed 61 side-stub point(s) from shape_id=67907176
[2026-07-31 10:22:22] [INFO] [Thread-ThreadPoolExecutor-0_9] Pre-matching filter removed 100 side-stub point(s) from shape_id=67907131
[2026-07-31 10:22:22] [INFO] [Thread-ThreadPoolExecutor-0_10] Successfully processed shape_id=67907174 | distance=7194.0m | confidence=[0.9858] | segments=1 | osm_nodes=420
[2026-07-31 10:22:22] [INFO] [Thread-ThreadPoolExecutor-0_2] Successfully processed shape_id=67907443 | distance=10827.0m | confidence=[0.9834] | segments=1 | osm_nodes=480
[2026-07-31 10:22:22] [INFO] [Thread-ThreadPoolExecutor-0_5] Successfully processed shape_id=67907176 | distance=6681.7m | confidence=[0.9826] | segments=1 | osm_nodes=332
[2026-07-31 10:22:22] [INFO] [Thread-ThreadPoolExecutor-0_13] Successfully processed shape_id=67907175 | distance=7632.7m | confidence=[0.9808] | segments=1 | osm_nodes=449
[2026-07-31 10:22:22] [INFO] [Thread-ThreadPoolExecutor-0_13] Pre-matching filter removed 22 side-stub point(s) from shape_id=67907455
[2026-07-31 10:22:22] [INFO] [Thread-ThreadPoolExecutor-0_12] Pre-matching filter removed 116 side-stub point(s) from shape_id=67907128
[2026-07-31 10:22:22] [INFO] [Thread-ThreadPoolExecutor-0_9] Successfully processed shape_id=67907131 | distance=9888.0m | confidence=[0.9843] | segments=1 | osm_nodes=489
[2026-07-31 10:22:22] [INFO] [Thread-ThreadPoolExecutor-0_12] Successfully processed shape_id=67907128 | distance=11589.9m | confidence=[0.9856] | segments=1 | osm_nodes=548
[2026-07-31 10:22:22] [INFO] [Thread-ThreadPoolExecutor-0_12] Pre-matching filter removed 25 side-stub point(s) from shape_id=67907457
[2026-07-31 10:22:22] [INFO] [Thread-ThreadPoolExecutor-0_1] Pre-matching filter removed 60 side-stub point(s) from shape_id=67907177
[2026-07-31 10:22:22] [INFO] [Thread-ThreadPoolExecutor-0_4] Pre-matching filter removed 90 side-stub point(s) from shape_id=67907172
[2026-07-31 10:22:22] [INFO] [Thread-ThreadPoolExecutor-0_11] Pre-matching filter removed 116 side-stub point(s) from shape_id=67907129
[2026-07-31 10:22:22] [INFO] [Thread-ThreadPoolExecutor-0_7] Pre-matching filter removed 65 side-stub point(s) from shape_id=67907204
[2026-07-31 10:22:22] [INFO] [Thread-ThreadPoolExecutor-0_1] Successfully processed shape_id=67907177 | distance=6810.4m | confidence=[0.9734] | segments=1 | osm_nodes=342
[2026-07-31 10:22:22] [INFO] [Thread-ThreadPoolExecutor-0_6] Pre-matching filter removed 61 side-stub point(s) from shape_id=67907385
[2026-07-31 10:22:22] [INFO] [Thread-ThreadPoolExecutor-0_11] Successfully processed shape_id=67907129 | distance=11564.8m | confidence=[0.9849] | segments=1 | osm_nodes=557
[2026-07-31 10:22:22] [INFO] [Thread-ThreadPoolExecutor-0_7] Successfully processed shape_id=67907204 | distance=12407.1m | confidence=[0.7427] | segments=1 | osm_nodes=714
[2026-07-31 10:22:22] [INFO] [Thread-ThreadPoolExecutor-0_4] Successfully processed shape_id=67907172 | distance=9505.4m | confidence=[0.9829] | segments=1 | osm_nodes=438
[2026-07-31 10:22:22] [INFO] [Thread-ThreadPoolExecutor-0_0] Pre-matching filter removed 47 side-stub point(s) from shape_id=67907444
[2026-07-31 10:22:23] [INFO] [Thread-ThreadPoolExecutor-0_13] Successfully processed shape_id=67907455 | distance=6199.8m | confidence=[0.9831] | segments=1 | osm_nodes=1157
[2026-07-31 10:22:23] [INFO] [Thread-ThreadPoolExecutor-0_12] Successfully processed shape_id=67907457 | distance=6350.4m | confidence=[0.9803] | segments=1 | osm_nodes=1149
[2026-07-31 10:22:23] [INFO] [Thread-ThreadPoolExecutor-0_0] Successfully processed shape_id=67907444 | distance=12318.2m | confidence=[0.9822] | segments=1 | osm_nodes=567
[2026-07-31 10:22:23] [INFO] [Thread-ThreadPoolExecutor-0_6] Successfully processed shape_id=67907385 | distance=16488.6m | confidence=[0.9831] | segments=1 | osm_nodes=717
[2026-07-31 10:22:23] [INFO] [Thread-ThreadPoolExecutor-0_8] Pre-matching filter removed 46 side-stub point(s) from shape_id=67907448
[2026-07-31 10:22:23] [INFO] [Thread-ThreadPoolExecutor-0_3] Pre-matching filter removed 89 side-stub point(s) from shape_id=67907205
[2026-07-31 10:22:23] [INFO] [Thread-ThreadPoolExecutor-0_5] Pre-matching filter removed 40 side-stub point(s) from shape_id=67907452
[2026-07-31 10:22:23] [INFO] [Thread-ThreadPoolExecutor-0_3] Successfully processed shape_id=67907205 | distance=16702.0m | confidence=[0.8706] | segments=1 | osm_nodes=922
[2026-07-31 10:22:23] [INFO] [Thread-ThreadPoolExecutor-0_14] Pre-matching filter removed 68 side-stub point(s) from shape_id=67907445
[2026-07-31 10:22:23] [INFO] [Thread-ThreadPoolExecutor-0_5] Successfully processed shape_id=67907452 | distance=9458.0m | confidence=[0.9825] | segments=1 | osm_nodes=471
[2026-07-31 10:22:23] [INFO] [Thread-ThreadPoolExecutor-0_8] Successfully processed shape_id=67907448 | distance=10359.9m | confidence=[0.9829] | segments=1 | osm_nodes=535
[2026-07-31 10:22:23] [INFO] [Thread-ThreadPoolExecutor-0_4] Pre-matching filter removed 33 side-stub point(s) from shape_id=67907555
[2026-07-31 10:22:23] [INFO] [Thread-ThreadPoolExecutor-0_4] Successfully processed shape_id=67907555 | distance=13665.8m | confidence=[0.9376] | segments=1 | osm_nodes=707
[2026-07-31 10:22:23] [INFO] [Thread-ThreadPoolExecutor-0_9] Pre-matching filter removed 50 side-stub point(s) from shape_id=67907456
[2026-07-31 10:22:23] [INFO] [Thread-ThreadPoolExecutor-0_15] Pre-matching filter removed 63 side-stub point(s) from shape_id=67907449
[2026-07-31 10:22:24] [INFO] [Thread-ThreadPoolExecutor-0_14] Successfully processed shape_id=67907445 | distance=12183.9m | confidence=[0.9823] | segments=1 | osm_nodes=624
[2026-07-31 10:22:24] [INFO] [Thread-ThreadPoolExecutor-0_9] Successfully processed shape_id=67907456 | distance=15000.2m | confidence=[0.984] | segments=1 | osm_nodes=757
[2026-07-31 10:22:24] [INFO] [Thread-ThreadPoolExecutor-0_9] Pre-matching filter removed 33 side-stub point(s) from shape_id=67907741
[2026-07-31 10:22:24] [INFO] [Thread-ThreadPoolExecutor-0_13] Pre-matching filter removed 41 side-stub point(s) from shape_id=67907556
[2026-07-31 10:22:24] [INFO] [Thread-ThreadPoolExecutor-0_13] Successfully processed shape_id=67907556 | distance=13699.7m | confidence=[0.9838] | segments=1 | osm_nodes=683
[2026-07-31 10:22:24] [INFO] [Thread-ThreadPoolExecutor-0_13] Pre-matching filter removed 18 side-stub point(s) from shape_id=67907742
[2026-07-31 10:22:24] [INFO] [Thread-ThreadPoolExecutor-0_15] Successfully processed shape_id=67907449 | distance=13177.8m | confidence=[0.9853] | segments=1 | osm_nodes=672
[2026-07-31 10:22:24] [INFO] [Thread-ThreadPoolExecutor-0_10] Pre-matching filter removed 82 side-stub point(s) from shape_id=67907450
[2026-07-31 10:22:24] [INFO] [Thread-ThreadPoolExecutor-0_9] Successfully processed shape_id=67907741 | distance=3722.9m | confidence=[0.965] | segments=1 | osm_nodes=695
[2026-07-31 10:22:24] [INFO] [Thread-ThreadPoolExecutor-0_2] Pre-matching filter removed 91 side-stub point(s) from shape_id=67907451
[2026-07-31 10:22:25] [INFO] [Thread-ThreadPoolExecutor-0_10] Successfully processed shape_id=67907450 | distance=13693.7m | confidence=[0.9834] | segments=1 | osm_nodes=701
[2026-07-31 10:22:25] [INFO] [Thread-ThreadPoolExecutor-0_4] Pre-matching filter removed 49 side-stub point(s) from shape_id=67907727
[2026-07-31 10:22:25] [INFO] [Thread-ThreadPoolExecutor-0_2] Successfully processed shape_id=67907451 | distance=15625.3m | confidence=[0.9856] | segments=1 | osm_nodes=808
[2026-07-31 10:22:25] [INFO] [Thread-ThreadPoolExecutor-0_4] Successfully processed shape_id=67907727 | distance=11292.8m | confidence=[0.9754] | segments=1 | osm_nodes=552
[2026-07-31 10:22:25] [INFO] [Thread-ThreadPoolExecutor-0_13] Successfully processed shape_id=67907742 | distance=4140.8m | confidence=[0.8366] | segments=1 | osm_nodes=770
[2026-07-31 10:22:25] [INFO] [Thread-ThreadPoolExecutor-0_13] Pre-matching filter removed 7 side-stub point(s) from shape_id=67907901
[2026-07-31 10:22:25] [INFO] [Thread-ThreadPoolExecutor-0_1] Pre-matching filter removed 107 side-stub point(s) from shape_id=67907458
[2026-07-31 10:22:25] [INFO] [Thread-ThreadPoolExecutor-0_7] Pre-matching filter removed 96 side-stub point(s) from shape_id=67907532
[2026-07-31 10:22:25] [INFO] [Thread-ThreadPoolExecutor-0_13] Successfully processed shape_id=67907901 | distance=3269.5m | confidence=[0.9858] | segments=1 | osm_nodes=614
[2026-07-31 10:22:25] [INFO] [Thread-ThreadPoolExecutor-0_12] Pre-matching filter removed 91 side-stub point(s) from shape_id=67907557
[2026-07-31 10:22:25] [INFO] [Thread-ThreadPoolExecutor-0_6] Pre-matching filter removed 89 side-stub point(s) from shape_id=67907560
[2026-07-31 10:22:25] [INFO] [Thread-ThreadPoolExecutor-0_1] Successfully processed shape_id=67907458 | distance=15138.2m | confidence=[0.9852] | segments=1 | osm_nodes=759
[2026-07-31 10:22:25] [INFO] [Thread-ThreadPoolExecutor-0_12] Successfully processed shape_id=67907557 | distance=10638.9m | confidence=[0.9721] | segments=1 | osm_nodes=560
[2026-07-31 10:22:25] [INFO] [Thread-ThreadPoolExecutor-0_7] Successfully processed shape_id=67907532 | distance=9791.5m | confidence=[0.9847] | segments=1 | osm_nodes=478
[2026-07-31 10:22:25] [INFO] [Thread-ThreadPoolExecutor-0_8] Pre-matching filter removed 75 side-stub point(s) from shape_id=67907724
[2026-07-31 10:22:25] [INFO] [Thread-ThreadPoolExecutor-0_6] Successfully processed shape_id=67907560 | distance=11747.0m | confidence=[0.9843] | segments=1 | osm_nodes=559
[2026-07-31 10:22:26] [INFO] [Thread-ThreadPoolExecutor-0_6] Pre-matching filter removed 8 side-stub point(s) from shape_id=67908086
[2026-07-31 10:22:26] [INFO] [Thread-ThreadPoolExecutor-0_8] Successfully processed shape_id=67907724 | distance=16884.5m | confidence=[0.9755] | segments=1 | osm_nodes=688
[2026-07-31 10:22:26] [INFO] [Thread-ThreadPoolExecutor-0_8] Pre-matching filter removed 1 side-stub point(s) from shape_id=67908087
[2026-07-31 10:22:26] [INFO] [Thread-ThreadPoolExecutor-0_0] Pre-matching filter removed 110 side-stub point(s) from shape_id=67907559
[2026-07-31 10:22:26] [INFO] [Thread-ThreadPoolExecutor-0_11] Pre-matching filter removed 132 side-stub point(s) from shape_id=67907471
[2026-07-31 10:22:26] [INFO] [Thread-ThreadPoolExecutor-0_14] Pre-matching filter removed 89 side-stub point(s) from shape_id=67907740
[2026-07-31 10:22:26] [INFO] [Thread-ThreadPoolExecutor-0_0] Successfully processed shape_id=67907559 | distance=15570.2m | confidence=[0.9824] | segments=1 | osm_nodes=677
[2026-07-31 10:22:26] [INFO] [Thread-ThreadPoolExecutor-0_0] Pre-matching filter removed 15 side-stub point(s) from shape_id=67908088
[2026-07-31 10:22:26] [INFO] [Thread-ThreadPoolExecutor-0_11] Successfully processed shape_id=67907471 | distance=14075.9m | confidence=[0.9845] | segments=1 | osm_nodes=709
[2026-07-31 10:22:26] [INFO] [Thread-ThreadPoolExecutor-0_11] Pre-matching filter removed 19 side-stub point(s) from shape_id=67908089
[2026-07-31 10:22:26] [INFO] [Thread-ThreadPoolExecutor-0_14] Successfully processed shape_id=67907740 | distance=14360.9m | confidence=[0.9855] | segments=1 | osm_nodes=699
[2026-07-31 10:22:26] [INFO] [Thread-ThreadPoolExecutor-0_14] Pre-matching filter removed 12 side-stub point(s) from shape_id=67908091
[2026-07-31 10:22:26] [INFO] [Thread-ThreadPoolExecutor-0_3] Pre-matching filter removed 110 side-stub point(s) from shape_id=67907561
[2026-07-31 10:22:26] [INFO] [Thread-ThreadPoolExecutor-0_15] Pre-matching filter removed 84 side-stub point(s) from shape_id=67907743
[2026-07-31 10:22:27] [INFO] [Thread-ThreadPoolExecutor-0_15] Successfully processed shape_id=67907743 | distance=14819.0m | confidence=[0.9783] | segments=1 | osm_nodes=735
[2026-07-31 10:22:27] [INFO] [Thread-ThreadPoolExecutor-0_15] Pre-matching filter removed 37 side-stub point(s) from shape_id=67908094
[2026-07-31 10:22:27] [INFO] [Thread-ThreadPoolExecutor-0_7] Pre-matching filter removed 48 side-stub point(s) from shape_id=67908085
[2026-07-31 10:22:27] [INFO] [Thread-ThreadPoolExecutor-0_3] Successfully processed shape_id=67907561 | distance=15297.0m | confidence=[0.9833] | segments=1 | osm_nodes=698
[2026-07-31 10:22:27] [INFO] [Thread-ThreadPoolExecutor-0_7] Successfully processed shape_id=67908085 | distance=7653.2m | confidence=[0.9819] | segments=1 | osm_nodes=401
[2026-07-31 10:22:27] [INFO] [Thread-ThreadPoolExecutor-0_9] Pre-matching filter removed 87 side-stub point(s) from shape_id=67907804
[2026-07-31 10:22:27] [INFO] [Thread-ThreadPoolExecutor-0_4] Pre-matching filter removed 66 side-stub point(s) from shape_id=67907873
[2026-07-31 10:22:27] [INFO] [Thread-ThreadPoolExecutor-0_5] Pre-matching filter removed 140 side-stub point(s) from shape_id=67907570
[2026-07-31 10:22:27] [INFO] [Thread-ThreadPoolExecutor-0_2] Pre-matching filter removed 75 side-stub point(s) from shape_id=67907871
[2026-07-31 10:22:27] [INFO] [Thread-ThreadPoolExecutor-0_13] Pre-matching filter removed 71 side-stub point(s) from shape_id=67907904
[2026-07-31 10:22:27] [INFO] [Thread-ThreadPoolExecutor-0_10] Pre-matching filter removed 92 side-stub point(s) from shape_id=67907805
[2026-07-31 10:22:27] [INFO] [Thread-ThreadPoolExecutor-0_4] Successfully processed shape_id=67907873 | distance=25476.7m | confidence=[0.9818] | segments=1 | osm_nodes=1414
[2026-07-31 10:22:28] [INFO] [Thread-ThreadPoolExecutor-0_10] Successfully processed shape_id=67907805 | distance=9443.1m | confidence=[0.9846] | segments=1 | osm_nodes=440
[2026-07-31 10:22:28] [INFO] [Thread-ThreadPoolExecutor-0_13] Successfully processed shape_id=67907904 | distance=16185.4m | confidence=[0.983] | segments=1 | osm_nodes=759
[2026-07-31 10:22:28] [INFO] [Thread-ThreadPoolExecutor-0_2] Successfully processed shape_id=67907871 | distance=25617.4m | confidence=[0.9843] | segments=1 | osm_nodes=1407
[2026-07-31 10:22:28] [INFO] [Thread-ThreadPoolExecutor-0_12] Pre-matching filter removed 83 side-stub point(s) from shape_id=67907911
[2026-07-31 10:22:28] [INFO] [Thread-ThreadPoolExecutor-0_1] Pre-matching filter removed 89 side-stub point(s) from shape_id=67907910
[2026-07-31 10:22:28] [INFO] [Thread-ThreadPoolExecutor-0_10] Pre-matching filter removed 21 side-stub point(s) from shape_id=67908108
[2026-07-31 10:22:28] [INFO] [Thread-ThreadPoolExecutor-0_1] Successfully processed shape_id=67907910 | distance=15117.2m | confidence=[0.1916, 0.9856] | segments=2 | osm_nodes=768
[2026-07-31 10:22:28] [INFO] [Thread-ThreadPoolExecutor-0_3] Pre-matching filter removed 71 side-stub point(s) from shape_id=67908097
[2026-07-31 10:22:28] [INFO] [Thread-ThreadPoolExecutor-0_5] Successfully processed shape_id=67907570 | distance=13901.1m | confidence=[0.9856] | segments=1 | osm_nodes=672
[2026-07-31 10:22:28] [INFO] [Thread-ThreadPoolExecutor-0_4] Pre-matching filter removed 50 side-stub point(s) from shape_id=67908106
[2026-07-31 10:22:28] [INFO] [Thread-ThreadPoolExecutor-0_12] Successfully processed shape_id=67907911 | distance=15042.4m | confidence=[0.9833, 0.9572] | segments=2 | osm_nodes=741
[2026-07-31 10:22:28] [INFO] [Thread-ThreadPoolExecutor-0_13] Pre-matching filter removed 74 side-stub point(s) from shape_id=67908110
[2026-07-31 10:22:28] [INFO] [Thread-ThreadPoolExecutor-0_10] Successfully processed shape_id=67908108 | distance=6286.9m | confidence=[0.9818] | segments=1 | osm_nodes=363
[2026-07-31 10:22:29] [INFO] [Thread-ThreadPoolExecutor-0_3] Successfully processed shape_id=67908097 | distance=7132.5m | confidence=[0.9838] | segments=1 | osm_nodes=422
[2026-07-31 10:22:29] [INFO] [Thread-ThreadPoolExecutor-0_2] Pre-matching filter removed 99 side-stub point(s) from shape_id=67908113
[2026-07-31 10:22:29] [INFO] [Thread-ThreadPoolExecutor-0_4] Successfully processed shape_id=67908106 | distance=8847.4m | confidence=[0.9817] | segments=1 | osm_nodes=516
[2026-07-31 10:22:29] [INFO] [Thread-ThreadPoolExecutor-0_2] Successfully processed shape_id=67908113 | distance=10325.7m | confidence=[0.9746] | segments=1 | osm_nodes=438
[2026-07-31 10:22:29] [INFO] [Thread-ThreadPoolExecutor-0_0] Successfully processed shape_id=67908088 | distance=3473.6m | confidence=[0.9374] | segments=1 | osm_nodes=629
[2026-07-31 10:22:29] [INFO] [Thread-ThreadPoolExecutor-0_9] Successfully processed shape_id=67907804 | distance=9298.9m | confidence=[0.9847] | segments=1 | osm_nodes=431
[2026-07-31 10:22:29] [INFO] [Thread-ThreadPoolExecutor-0_9] Pre-matching filter removed 16 side-stub point(s) from shape_id=67908124
[2026-07-31 10:22:29] [INFO] [Thread-ThreadPoolExecutor-0_9] Successfully processed shape_id=67908124 | distance=2635.8m | confidence=[0.9588] | segments=1 | osm_nodes=514
[2026-07-31 10:22:29] [INFO] [Thread-ThreadPoolExecutor-0_5] Pre-matching filter removed 94 side-stub point(s) from shape_id=67908116
[2026-07-31 10:22:30] [INFO] [Thread-ThreadPoolExecutor-0_5] Successfully processed shape_id=67908116 | distance=9973.3m | confidence=[0.9756] | segments=1 | osm_nodes=393
[2026-07-31 10:22:30] [INFO] [Thread-ThreadPoolExecutor-0_5] Pre-matching filter removed 10 side-stub point(s) from shape_id=67908127
[2026-07-31 10:22:30] [INFO] [Thread-ThreadPoolExecutor-0_9] Pre-matching filter removed 23 side-stub point(s) from shape_id=67908125
[2026-07-31 10:22:30] [INFO] [Thread-ThreadPoolExecutor-0_1] Pre-matching filter removed 113 side-stub point(s) from shape_id=67908114
[2026-07-31 10:22:30] [INFO] [Thread-ThreadPoolExecutor-0_13] Successfully processed shape_id=67908110 | distance=8777.6m | confidence=[0.9855] | segments=1 | osm_nodes=520
[2026-07-31 10:22:30] [INFO] [Thread-ThreadPoolExecutor-0_9] Successfully processed shape_id=67908125 | distance=7641.8m | confidence=[0.0709] | segments=1 | osm_nodes=417
[2026-07-31 10:22:30] [INFO] [Thread-ThreadPoolExecutor-0_9] Pre-matching filter removed 40 side-stub point(s) from shape_id=67908143
[2026-07-31 10:22:30] [INFO] [Thread-ThreadPoolExecutor-0_1] Successfully processed shape_id=67908114 | distance=10675.5m | confidence=[0.9858] | segments=1 | osm_nodes=465
[2026-07-31 10:22:30] [INFO] [Thread-ThreadPoolExecutor-0_12] Pre-matching filter removed 108 side-stub point(s) from shape_id=67908117
[2026-07-31 10:22:31] [INFO] [Thread-ThreadPoolExecutor-0_7] Pre-matching filter removed 185 side-stub point(s) from shape_id=67908102
[2026-07-31 10:22:31] [INFO] [Thread-ThreadPoolExecutor-0_12] Successfully processed shape_id=67908117 | distance=10323.1m | confidence=[0.985] | segments=1 | osm_nodes=420
[2026-07-31 10:22:31] [INFO] [Thread-ThreadPoolExecutor-0_12] Pre-matching filter removed 32 side-stub point(s) from shape_id=67908146
[2026-07-31 10:22:31] [INFO] [Thread-ThreadPoolExecutor-0_9] Successfully processed shape_id=67908143 | distance=4192.3m | confidence=[0.6738] | segments=1 | osm_nodes=774
[2026-07-31 10:22:31] [INFO] [Thread-ThreadPoolExecutor-0_5] Successfully processed shape_id=67908127 | distance=4676.8m | confidence=[0.0277] | segments=1 | osm_nodes=922
[2026-07-31 10:22:31] [INFO] [Thread-ThreadPoolExecutor-0_5] Pre-matching filter removed 37 side-stub point(s) from shape_id=67908179
[2026-07-31 10:22:31] [INFO] [Thread-ThreadPoolExecutor-0_13] Pre-matching filter removed 27 side-stub point(s) from shape_id=67908128
[2026-07-31 10:22:31] [INFO] [Thread-ThreadPoolExecutor-0_13] Successfully processed shape_id=67908128 | distance=7451.4m | confidence=[0.619] | segments=1 | osm_nodes=413
[2026-07-31 10:22:31] [INFO] [Thread-ThreadPoolExecutor-0_13] Pre-matching filter removed 27 side-stub point(s) from shape_id=67908180
[2026-07-31 10:22:31] [INFO] [Thread-ThreadPoolExecutor-0_12] Successfully processed shape_id=67908146 | distance=4237.4m | confidence=[0.9842] | segments=1 | osm_nodes=839
[2026-07-31 10:22:31] [INFO] [Thread-ThreadPoolExecutor-0_15] Successfully processed shape_id=67908094 | distance=6546.2m | confidence=[0.0224] | segments=1 | osm_nodes=1134
[2026-07-31 10:22:31] [INFO] [Thread-ThreadPoolExecutor-0_7] Successfully processed shape_id=67908102 | distance=17689.5m | confidence=[0.9838] | segments=1 | osm_nodes=1018
[2026-07-31 10:22:32] [INFO] [Thread-ThreadPoolExecutor-0_5] Successfully processed shape_id=67908179 | distance=6299.3m | confidence=[0.8535] | segments=1 | osm_nodes=1108
[2026-07-31 10:22:32] [INFO] [Thread-ThreadPoolExecutor-0_11] Successfully processed shape_id=67908089 | distance=3863.8m | confidence=[0.9196] | segments=1 | osm_nodes=702
[2026-07-31 10:22:32] [INFO] [Thread-ThreadPoolExecutor-0_13] Successfully processed shape_id=67908180 | distance=6957.9m | confidence=[0.7405] | segments=1 | osm_nodes=1142
[2026-07-31 10:22:32] [INFO] [Thread-ThreadPoolExecutor-0_14] Successfully processed shape_id=67908091 | distance=3837.7m | confidence=[0.2134] | segments=1 | osm_nodes=658
[2026-07-31 10:22:32] [INFO] [Thread-ThreadPoolExecutor-0_1] Pre-matching filter removed 66 side-stub point(s) from shape_id=67908144
[2026-07-31 10:22:32] [INFO] [Thread-ThreadPoolExecutor-0_1] Successfully processed shape_id=67908144 | distance=8028.5m | confidence=[0.9854] | segments=1 | osm_nodes=442
[2026-07-31 10:22:33] [INFO] [Thread-ThreadPoolExecutor-0_6] Successfully processed shape_id=67908086 | distance=3610.7m | confidence=[0.9841] | segments=1 | osm_nodes=756
[2026-07-31 10:22:33] [INFO] [Thread-ThreadPoolExecutor-0_6] Pre-matching filter removed 24 side-stub point(s) from shape_id=67908414
[2026-07-31 10:22:33] [INFO] [Thread-ThreadPoolExecutor-0_8] Successfully processed shape_id=67908087 | distance=3629.2m | confidence=[0.9848] | segments=1 | osm_nodes=756
[2026-07-31 10:22:33] [INFO] [Thread-ThreadPoolExecutor-0_8] Pre-matching filter removed 23 side-stub point(s) from shape_id=67908415
[2026-07-31 10:22:33] [INFO] [Thread-ThreadPoolExecutor-0_6] Successfully processed shape_id=67908414 | distance=2666.3m | confidence=[0.9845] | segments=1 | osm_nodes=488
[2026-07-31 10:22:33] [INFO] [Thread-ThreadPoolExecutor-0_12] Pre-matching filter removed 55 side-stub point(s) from shape_id=67908184
[2026-07-31 10:22:33] [INFO] [Thread-ThreadPoolExecutor-0_8] Successfully processed shape_id=67908415 | distance=2727.9m | confidence=[0.9355] | segments=1 | osm_nodes=486
[2026-07-31 10:22:33] [INFO] [Thread-ThreadPoolExecutor-0_12] Successfully processed shape_id=67908184 | distance=10727.1m | confidence=[0.983] | segments=1 | osm_nodes=528
[2026-07-31 10:22:34] [INFO] [Thread-ThreadPoolExecutor-0_8] Pre-matching filter removed 19 side-stub point(s) from shape_id=67908419
[2026-07-31 10:22:34] [INFO] [Thread-ThreadPoolExecutor-0_8] Successfully processed shape_id=67908419 | distance=11222.0m | confidence=[0.9796] | segments=1 | osm_nodes=530
[2026-07-31 10:22:34] [INFO] [Thread-ThreadPoolExecutor-0_8] Pre-matching filter removed 6 side-stub point(s) from shape_id=67908421
[2026-07-31 10:22:34] [INFO] [Thread-ThreadPoolExecutor-0_2] Pre-matching filter removed 150 side-stub point(s) from shape_id=67908122
[2026-07-31 10:22:34] [INFO] [Thread-ThreadPoolExecutor-0_10] Pre-matching filter removed 180 side-stub point(s) from shape_id=67908119
[2026-07-31 10:22:34] [INFO] [Thread-ThreadPoolExecutor-0_12] Pre-matching filter removed 26 side-stub point(s) from shape_id=67908420
[2026-07-31 10:22:35] [INFO] [Thread-ThreadPoolExecutor-0_9] Pre-matching filter removed 106 side-stub point(s) from shape_id=67908147
[2026-07-31 10:22:35] [INFO] [Thread-ThreadPoolExecutor-0_6] Pre-matching filter removed 33 side-stub point(s) from shape_id=67908418
[2026-07-31 10:22:35] [INFO] [Thread-ThreadPoolExecutor-0_0] Pre-matching filter removed 152 side-stub point(s) from shape_id=67908123
[2026-07-31 10:22:35] [INFO] [Thread-ThreadPoolExecutor-0_3] Pre-matching filter removed 179 side-stub point(s) from shape_id=67908120
[2026-07-31 10:22:35] [INFO] [Thread-ThreadPoolExecutor-0_12] Successfully processed shape_id=67908420 | distance=12708.1m | confidence=[0.9795] | segments=1 | osm_nodes=631
[2026-07-31 10:22:35] [INFO] [Thread-ThreadPoolExecutor-0_10] Successfully processed shape_id=67908119 | distance=30679.9m | confidence=[0.9836] | segments=1 | osm_nodes=1383
[2026-07-31 10:22:35] [INFO] [Thread-ThreadPoolExecutor-0_10] Pre-matching filter removed 17 side-stub point(s) from shape_id=67908423
[2026-07-31 10:22:35] [INFO] [Thread-ThreadPoolExecutor-0_9] Successfully processed shape_id=67908147 | distance=15675.6m | confidence=[0.9857] | segments=1 | osm_nodes=801
[2026-07-31 10:22:35] [INFO] [Thread-ThreadPoolExecutor-0_6] Successfully processed shape_id=67908418 | distance=12714.7m | confidence=[0.9852] | segments=1 | osm_nodes=596
[2026-07-31 10:22:35] [INFO] [Thread-ThreadPoolExecutor-0_6] Pre-matching filter removed 30 side-stub point(s) from shape_id=67908467
[2026-07-31 10:22:35] [INFO] [Thread-ThreadPoolExecutor-0_2] Successfully processed shape_id=67908122 | distance=25168.7m | confidence=[0.9661] | segments=1 | osm_nodes=1119
[2026-07-31 10:22:35] [INFO] [Thread-ThreadPoolExecutor-0_11] Pre-matching filter removed 74 side-stub point(s) from shape_id=67908381
[2026-07-31 10:22:35] [INFO] [Thread-ThreadPoolExecutor-0_3] Successfully processed shape_id=67908120 | distance=30383.6m | confidence=[0.9854] | segments=1 | osm_nodes=1344
[2026-07-31 10:22:35] [INFO] [Thread-ThreadPoolExecutor-0_8] Successfully processed shape_id=67908421 | distance=6214.7m | confidence=[0.9846] | segments=1 | osm_nodes=1099
[2026-07-31 10:22:35] [INFO] [Thread-ThreadPoolExecutor-0_8] Pre-matching filter removed 11 side-stub point(s) from shape_id=67908695
[2026-07-31 10:22:35] [INFO] [Thread-ThreadPoolExecutor-0_13] Pre-matching filter removed 74 side-stub point(s) from shape_id=67908382
[2026-07-31 10:22:35] [INFO] [Thread-ThreadPoolExecutor-0_11] Successfully processed shape_id=67908381 | distance=19459.4m | confidence=[0.9848] | segments=1 | osm_nodes=897
[2026-07-31 10:22:35] [INFO] [Thread-ThreadPoolExecutor-0_13] Successfully processed shape_id=67908382 | distance=20049.5m | confidence=[0.985] | segments=1 | osm_nodes=924
[2026-07-31 10:22:35] [INFO] [Thread-ThreadPoolExecutor-0_0] Successfully processed shape_id=67908123 | distance=25531.2m | confidence=[0.9664] | segments=1 | osm_nodes=1147
[2026-07-31 10:22:35] [INFO] [Thread-ThreadPoolExecutor-0_4] Pre-matching filter removed 179 side-stub point(s) from shape_id=67908121
[2026-07-31 10:22:35] [INFO] [Thread-ThreadPoolExecutor-0_1] Pre-matching filter removed 77 side-stub point(s) from shape_id=67908413
[2026-07-31 10:22:35] [INFO] [Thread-ThreadPoolExecutor-0_7] Pre-matching filter removed 101 side-stub point(s) from shape_id=67908227
[2026-07-31 10:22:36] [INFO] [Thread-ThreadPoolExecutor-0_4] Successfully processed shape_id=67908121 | distance=30538.4m | confidence=[0.9854] | segments=1 | osm_nodes=1351
[2026-07-31 10:22:36] [INFO] [Thread-ThreadPoolExecutor-0_15] Pre-matching filter removed 101 side-stub point(s) from shape_id=67908226
[2026-07-31 10:22:36] [INFO] [Thread-ThreadPoolExecutor-0_8] Successfully processed shape_id=67908695 | distance=1584.0m | confidence=[0.9845] | segments=1 | osm_nodes=309
[2026-07-31 10:22:36] [INFO] [Thread-ThreadPoolExecutor-0_10] Successfully processed shape_id=67908423 | distance=6545.5m | confidence=[0.9413] | segments=1 | osm_nodes=1023
[2026-07-31 10:22:36] [INFO] [Thread-ThreadPoolExecutor-0_6] Successfully processed shape_id=67908467 | distance=5236.7m | confidence=[0.9749] | segments=1 | osm_nodes=937
[2026-07-31 10:22:36] [INFO] [Thread-ThreadPoolExecutor-0_14] Pre-matching filter removed 97 side-stub point(s) from shape_id=67908384
[2026-07-31 10:22:36] [INFO] [Thread-ThreadPoolExecutor-0_1] Successfully processed shape_id=67908413 | distance=7084.6m | confidence=[0.9696] | segments=1 | osm_nodes=324
[2026-07-31 10:22:36] [INFO] [Thread-ThreadPoolExecutor-0_15] Successfully processed shape_id=67908226 | distance=23941.8m | confidence=[0.9848] | segments=1 | osm_nodes=1138
[2026-07-31 10:22:36] [INFO] [Thread-ThreadPoolExecutor-0_7] Successfully processed shape_id=67908227 | distance=24532.1m | confidence=[0.9849] | segments=1 | osm_nodes=1167
[2026-07-31 10:22:36] [INFO] [Thread-ThreadPoolExecutor-0_12] Pre-matching filter removed 33 side-stub point(s) from shape_id=67908422
[2026-07-31 10:22:36] [INFO] [Thread-ThreadPoolExecutor-0_14] Successfully processed shape_id=67908384 | distance=16868.1m | confidence=[0.9276] | segments=1 | osm_nodes=787
[2026-07-31 10:22:36] [INFO] [Thread-ThreadPoolExecutor-0_12] Successfully processed shape_id=67908422 | distance=14057.2m | confidence=[0.986] | segments=1 | osm_nodes=670
[2026-07-31 10:22:37] [INFO] [Thread-ThreadPoolExecutor-0_2] Pre-matching filter removed 60 side-stub point(s) from shape_id=67908469
[2026-07-31 10:22:37] [INFO] [Thread-ThreadPoolExecutor-0_5] Pre-matching filter removed 136 side-stub point(s) from shape_id=67908228
[2026-07-31 10:22:37] [INFO] [Thread-ThreadPoolExecutor-0_5] Successfully processed shape_id=67908228 | distance=20701.1m | confidence=[0.9722] | segments=1 | osm_nodes=1000
[2026-07-31 10:22:37] [INFO] [Thread-ThreadPoolExecutor-0_2] Successfully processed shape_id=67908469 | distance=24013.4m | confidence=[0.983] | segments=1 | osm_nodes=1122
[2026-07-31 10:22:37] [INFO] [Thread-ThreadPoolExecutor-0_3] Pre-matching filter removed 71 side-stub point(s) from shape_id=67908470
[2026-07-31 10:22:37] [INFO] [Thread-ThreadPoolExecutor-0_3] Successfully processed shape_id=67908470 | distance=28394.1m | confidence=[0.983] | segments=1 | osm_nodes=1356
[2026-07-31 10:22:37] [INFO] [Thread-ThreadPoolExecutor-0_0] Pre-matching filter removed 80 side-stub point(s) from shape_id=67909343
[2026-07-31 10:22:38] [INFO] [Thread-ThreadPoolExecutor-0_0] Successfully processed shape_id=67909343 | distance=11215.5m | confidence=[0.9822] | segments=1 | osm_nodes=659
[2026-07-31 10:22:38] [INFO] [Thread-ThreadPoolExecutor-0_9] Pre-matching filter removed 105 side-stub point(s) from shape_id=67908465
[2026-07-31 10:22:38] [INFO] [Thread-ThreadPoolExecutor-0_10] Pre-matching filter removed 89 side-stub point(s) from shape_id=67909365
[2026-07-31 10:22:38] [INFO] [Thread-ThreadPoolExecutor-0_9] Successfully processed shape_id=67908465 | distance=17505.1m | confidence=[0.9614] | segments=1 | osm_nodes=878
[2026-07-31 10:22:38] [INFO] [Thread-ThreadPoolExecutor-0_8] Pre-matching filter removed 93 side-stub point(s) from shape_id=67909364
[2026-07-31 10:22:39] [INFO] [Thread-ThreadPoolExecutor-0_10] Successfully processed shape_id=67909365 | distance=22019.7m | confidence=[0.9501] | segments=1 | osm_nodes=1142
[2026-07-31 10:22:39] [INFO] [Thread-ThreadPoolExecutor-0_8] Successfully processed shape_id=67909364 | distance=19258.8m | confidence=[0.9359] | segments=1 | osm_nodes=999
[2026-07-31 10:22:40] [INFO] [Thread-ThreadPoolExecutor-0_11] Pre-matching filter removed 140 side-stub point(s) from shape_id=67908959
[2026-07-31 10:22:40] [INFO] [Thread-ThreadPoolExecutor-0_11] Successfully processed shape_id=67908959 | distance=15377.2m | confidence=[0.985] | segments=1 | osm_nodes=842
[2026-07-31 10:22:40] [INFO] [Thread-ThreadPoolExecutor-0_1] Pre-matching filter removed 134 side-stub point(s) from shape_id=67909370
[2026-07-31 10:22:40] [INFO] [Thread-ThreadPoolExecutor-0_4] Pre-matching filter removed 137 side-stub point(s) from shape_id=67909345
[2026-07-31 10:22:40] [INFO] [Thread-ThreadPoolExecutor-0_13] Pre-matching filter removed 158 side-stub point(s) from shape_id=67909250
[2026-07-31 10:22:41] [INFO] [Thread-ThreadPoolExecutor-0_1] Successfully processed shape_id=67909370 | distance=23791.8m | confidence=[0.9826] | segments=1 | osm_nodes=1077
[2026-07-31 10:22:41] [INFO] [Thread-ThreadPoolExecutor-0_13] Successfully processed shape_id=67909250 | distance=18506.7m | confidence=[0.9848] | segments=1 | osm_nodes=1004
[2026-07-31 10:22:41] [INFO] [Thread-ThreadPoolExecutor-0_4] Successfully processed shape_id=67909345 | distance=17009.4m | confidence=[0.9817] | segments=1 | osm_nodes=986
[2026-07-31 10:22:41] [INFO] [Thread-ThreadPoolExecutor-0_10] Pre-matching filter removed 67 side-stub point(s) from shape_id=67910882
[2026-07-31 10:22:42] [INFO] [Thread-ThreadPoolExecutor-0_10] Successfully processed shape_id=67910882 | distance=7640.4m | confidence=[0.9855] | segments=1 | osm_nodes=419
[2026-07-31 10:22:42] [INFO] [Thread-ThreadPoolExecutor-0_2] Pre-matching filter removed 129 side-stub point(s) from shape_id=67909660
[2026-07-31 10:22:42] [INFO] [Thread-ThreadPoolExecutor-0_7] Pre-matching filter removed 163 side-stub point(s) from shape_id=67909372
[2026-07-31 10:22:42] [INFO] [Thread-ThreadPoolExecutor-0_2] Successfully processed shape_id=67909660 | distance=13671.8m | confidence=[0.983] | segments=1 | osm_nodes=644
[2026-07-31 10:22:42] [INFO] [Thread-ThreadPoolExecutor-0_7] Successfully processed shape_id=67909372 | distance=28171.8m | confidence=[0.9826] | segments=1 | osm_nodes=1309
[2026-07-31 10:22:43] [INFO] [Thread-ThreadPoolExecutor-0_2] Pre-matching filter removed 58 side-stub point(s) from shape_id=67910912
[2026-07-31 10:22:43] [INFO] [Thread-ThreadPoolExecutor-0_2] Successfully processed shape_id=67910912 | distance=5817.2m | confidence=[0.9779] | segments=1 | osm_nodes=1092
[2026-07-31 10:22:43] [INFO] [Thread-ThreadPoolExecutor-0_14] Pre-matching filter removed 184 side-stub point(s) from shape_id=67909373
[2026-07-31 10:22:43] [INFO] [Thread-ThreadPoolExecutor-0_14] Successfully processed shape_id=67909373 | distance=27597.8m | confidence=[0.982] | segments=1 | osm_nodes=1324
[2026-07-31 10:22:43] [INFO] [Thread-ThreadPoolExecutor-0_12] Pre-matching filter removed 180 side-stub point(s) from shape_id=67909375
[2026-07-31 10:22:44] [INFO] [Thread-ThreadPoolExecutor-0_12] Successfully processed shape_id=67909375 | distance=30273.2m | confidence=[0.9824] | segments=1 | osm_nodes=1361
[2026-07-31 10:22:44] [INFO] [Thread-ThreadPoolExecutor-0_15] Pre-matching filter removed 196 side-stub point(s) from shape_id=67909371
[2026-07-31 10:22:44] [INFO] [Thread-ThreadPoolExecutor-0_6] Pre-matching filter removed 219 side-stub point(s) from shape_id=67909368
[2026-07-31 10:22:44] [INFO] [Thread-ThreadPoolExecutor-0_15] Successfully processed shape_id=67909371 | distance=31462.4m | confidence=[0.9836] | segments=1 | osm_nodes=1485
[2026-07-31 10:22:44] [INFO] [Thread-ThreadPoolExecutor-0_0] Pre-matching filter removed 153 side-stub point(s) from shape_id=67909794
[2026-07-31 10:22:44] [INFO] [Thread-ThreadPoolExecutor-0_6] Successfully processed shape_id=67909368 | distance=24066.7m | confidence=[0.9855] | segments=1 | osm_nodes=1345
[2026-07-31 10:22:44] [INFO] [Thread-ThreadPoolExecutor-0_0] Successfully processed shape_id=67909794 | distance=24467.0m | confidence=[0.9821] | segments=1 | osm_nodes=1161
[2026-07-31 10:22:45] [INFO] [Thread-ThreadPoolExecutor-0_8] Pre-matching filter removed 139 side-stub point(s) from shape_id=67910901
[2026-07-31 10:22:45] [INFO] [Thread-ThreadPoolExecutor-0_3] Pre-matching filter removed 166 side-stub point(s) from shape_id=67909717
[2026-07-31 10:22:45] [INFO] [Thread-ThreadPoolExecutor-0_8] Successfully processed shape_id=67910901 | distance=14791.2m | confidence=[0.9807] | segments=1 | osm_nodes=643
[2026-07-31 10:22:45] [INFO] [Thread-ThreadPoolExecutor-0_10] Pre-matching filter removed 78 side-stub point(s) from shape_id=67910911
[2026-07-31 10:22:45] [INFO] [Thread-ThreadPoolExecutor-0_9] Pre-matching filter removed 151 side-stub point(s) from shape_id=67910811
[2026-07-31 10:22:45] [INFO] [Thread-ThreadPoolExecutor-0_3] Successfully processed shape_id=67909717 | distance=28455.1m | confidence=[0.9825] | segments=1 | osm_nodes=1308
[2026-07-31 10:22:45] [INFO] [Thread-ThreadPoolExecutor-0_10] Successfully processed shape_id=67910911 | distance=8414.9m | confidence=[0.9678] | segments=1 | osm_nodes=436
[2026-07-31 10:22:45] [INFO] [Thread-ThreadPoolExecutor-0_9] Successfully processed shape_id=67910811 | distance=15427.0m | confidence=[0.9812] | segments=1 | osm_nodes=700
[2026-07-31 10:22:45] [INFO] [Thread-ThreadPoolExecutor-0_5] Pre-matching filter removed 209 side-stub point(s) from shape_id=67909376
[2026-07-31 10:22:45] [INFO] [Thread-ThreadPoolExecutor-0_5] Successfully processed shape_id=67909376 | distance=23918.8m | confidence=[0.9844] | segments=1 | osm_nodes=1310
[2026-07-31 10:22:45] [INFO] [Thread-ThreadPoolExecutor-0_13] Pre-matching filter removed 122 side-stub point(s) from shape_id=67910905
[2026-07-31 10:22:45] [INFO] [Thread-ThreadPoolExecutor-0_11] Pre-matching filter removed 134 side-stub point(s) from shape_id=67910902
[2026-07-31 10:22:46] [INFO] [Thread-ThreadPoolExecutor-0_4] Pre-matching filter removed 125 side-stub point(s) from shape_id=67910909
[2026-07-31 10:22:46] [INFO] [Thread-ThreadPoolExecutor-0_13] Successfully processed shape_id=67910905 | distance=12788.0m | confidence=[0.9829] | segments=1 | osm_nodes=513
[2026-07-31 10:22:46] [INFO] [Thread-ThreadPoolExecutor-0_4] Successfully processed shape_id=67910909 | distance=12871.3m | confidence=[0.9806] | segments=1 | osm_nodes=585
[2026-07-31 10:22:46] [INFO] [Thread-ThreadPoolExecutor-0_4] Pre-matching filter removed 32 side-stub point(s) from shape_id=67910950
[2026-07-31 10:22:46] [INFO] [Thread-ThreadPoolExecutor-0_14] Pre-matching filter removed 71 side-stub point(s) from shape_id=67910918
[2026-07-31 10:22:46] [INFO] [Thread-ThreadPoolExecutor-0_11] Successfully processed shape_id=67910902 | distance=17561.3m | confidence=[0.9833] | segments=1 | osm_nodes=779
[2026-07-31 10:22:46] [INFO] [Thread-ThreadPoolExecutor-0_14] Successfully processed shape_id=67910918 | distance=7914.8m | confidence=[0.9803] | segments=1 | osm_nodes=372
[2026-07-31 10:22:46] [INFO] [Thread-ThreadPoolExecutor-0_2] Pre-matching filter removed 85 side-stub point(s) from shape_id=67910916
[2026-07-31 10:22:46] [INFO] [Thread-ThreadPoolExecutor-0_0] Pre-matching filter removed 49 side-stub point(s) from shape_id=67910931
[2026-07-31 10:22:46] [INFO] [Thread-ThreadPoolExecutor-0_2] Successfully processed shape_id=67910916 | distance=10492.9m | confidence=[0.9839] | segments=1 | osm_nodes=523
[2026-07-31 10:22:46] [INFO] [Thread-ThreadPoolExecutor-0_15] Pre-matching filter removed 66 side-stub point(s) from shape_id=67910922
[2026-07-31 10:22:46] [INFO] [Thread-ThreadPoolExecutor-0_1] Pre-matching filter removed 143 side-stub point(s) from shape_id=67910903
[2026-07-31 10:22:46] [INFO] [Thread-ThreadPoolExecutor-0_0] Successfully processed shape_id=67910931 | distance=12311.2m | confidence=[0.9834] | segments=1 | osm_nodes=636
[2026-07-31 10:22:46] [INFO] [Thread-ThreadPoolExecutor-0_1] Successfully processed shape_id=67910903 | distance=13592.4m | confidence=[0.9789] | segments=1 | osm_nodes=622
[2026-07-31 10:22:46] [INFO] [Thread-ThreadPoolExecutor-0_1] Pre-matching filter removed 49 side-stub point(s) from shape_id=67911677
[2026-07-31 10:22:47] [INFO] [Thread-ThreadPoolExecutor-0_12] Pre-matching filter removed 93 side-stub point(s) from shape_id=67910919
[2026-07-31 10:22:47] [INFO] [Thread-ThreadPoolExecutor-0_3] Pre-matching filter removed 67 side-stub point(s) from shape_id=67910940
[2026-07-31 10:22:47] [INFO] [Thread-ThreadPoolExecutor-0_7] Pre-matching filter removed 135 side-stub point(s) from shape_id=67910913
[2026-07-31 10:22:47] [INFO] [Thread-ThreadPoolExecutor-0_12] Successfully processed shape_id=67910919 | distance=9562.4m | confidence=[0.9809] | segments=1 | osm_nodes=453
[2026-07-31 10:22:47] [INFO] [Thread-ThreadPoolExecutor-0_1] Successfully processed shape_id=67911677 | distance=5770.6m | confidence=[0.9761] | segments=1 | osm_nodes=1102
[2026-07-31 10:22:47] [INFO] [Thread-ThreadPoolExecutor-0_3] Successfully processed shape_id=67910940 | distance=7640.4m | confidence=[0.9855] | segments=1 | osm_nodes=419
[2026-07-31 10:22:47] [INFO] [Thread-ThreadPoolExecutor-0_7] Successfully processed shape_id=67910913 | distance=14344.6m | confidence=[0.9806] | segments=1 | osm_nodes=722
[2026-07-31 10:22:47] [INFO] [Thread-ThreadPoolExecutor-0_4] Successfully processed shape_id=67910950 | distance=5899.7m | confidence=[0.0003] | segments=1 | osm_nodes=963
[2026-07-31 10:22:47] [INFO] [Thread-ThreadPoolExecutor-0_15] Successfully processed shape_id=67910922 | distance=6231.5m | confidence=[0.9859] | segments=1 | osm_nodes=267
[2026-07-31 10:22:48] [INFO] [Thread-ThreadPoolExecutor-0_0] Pre-matching filter removed 59 side-stub point(s) from shape_id=67911676
[2026-07-31 10:22:48] [INFO] [Thread-ThreadPoolExecutor-0_0] Successfully processed shape_id=67911676 | distance=7368.6m | confidence=[0.9854] | segments=1 | osm_nodes=339
[2026-07-31 10:22:48] [INFO] [Thread-ThreadPoolExecutor-0_14] Pre-matching filter removed 76 side-stub point(s) from shape_id=67910954
[2026-07-31 10:22:48] [INFO] [Thread-ThreadPoolExecutor-0_14] Successfully processed shape_id=67910954 | distance=10918.3m | confidence=[0.985] | segments=1 | osm_nodes=615
[2026-07-31 10:22:48] [INFO] [Thread-ThreadPoolExecutor-0_10] Pre-matching filter removed 114 side-stub point(s) from shape_id=67910941
[2026-07-31 10:22:48] [INFO] [Thread-ThreadPoolExecutor-0_10] Successfully processed shape_id=67910941 | distance=12345.6m | confidence=[0.9181] | segments=1 | osm_nodes=617
[2026-07-31 10:22:49] [INFO] [Thread-ThreadPoolExecutor-0_6] Pre-matching filter removed 146 side-stub point(s) from shape_id=67910924
[2026-07-31 10:22:49] [INFO] [Thread-ThreadPoolExecutor-0_9] Pre-matching filter removed 134 side-stub point(s) from shape_id=67910943
[2026-07-31 10:22:49] [INFO] [Thread-ThreadPoolExecutor-0_6] Successfully processed shape_id=67910924 | distance=15517.9m | confidence=[0.9822] | segments=1 | osm_nodes=640
[2026-07-31 10:22:49] [INFO] [Thread-ThreadPoolExecutor-0_8] Pre-matching filter removed 145 side-stub point(s) from shape_id=67910932
[2026-07-31 10:22:49] [INFO] [Thread-ThreadPoolExecutor-0_8] Successfully processed shape_id=67910932 | distance=14648.1m | confidence=[0.9773] | segments=1 | osm_nodes=699
[2026-07-31 10:22:49] [INFO] [Thread-ThreadPoolExecutor-0_8] Pre-matching filter removed 29 side-stub point(s) from shape_id=67914103
[2026-07-31 10:22:49] [INFO] [Thread-ThreadPoolExecutor-0_9] Successfully processed shape_id=67910943 | distance=13646.7m | confidence=[0.9792] | segments=1 | osm_nodes=653
[2026-07-31 10:22:49] [INFO] [Thread-ThreadPoolExecutor-0_13] Pre-matching filter removed 127 side-stub point(s) from shape_id=67910949
[2026-07-31 10:22:49] [INFO] [Thread-ThreadPoolExecutor-0_8] Successfully processed shape_id=67914103 | distance=4253.1m | confidence=[0.9557] | segments=1 | osm_nodes=737
[2026-07-31 10:22:50] [INFO] [Thread-ThreadPoolExecutor-0_8] Pre-matching filter removed 55 side-stub point(s) from shape_id=67914107
[2026-07-31 10:22:50] [INFO] [Thread-ThreadPoolExecutor-0_13] Successfully processed shape_id=67910949 | distance=16330.4m | confidence=[0.9857] | segments=1 | osm_nodes=921
[2026-07-31 10:22:50] [INFO] [Thread-ThreadPoolExecutor-0_15] Pre-matching filter removed 85 side-stub point(s) from shape_id=67912431
[2026-07-31 10:22:50] [INFO] [Thread-ThreadPoolExecutor-0_2] Pre-matching filter removed 131 side-stub point(s) from shape_id=67910956
[2026-07-31 10:22:50] [INFO] [Thread-ThreadPoolExecutor-0_8] Successfully processed shape_id=67914107 | distance=5658.5m | confidence=[0.7989] | segments=1 | osm_nodes=1051
[2026-07-31 10:22:50] [INFO] [Thread-ThreadPoolExecutor-0_15] Successfully processed shape_id=67912431 | distance=14725.8m | confidence=[0.9088] | segments=1 | osm_nodes=768
[2026-07-31 10:22:50] [INFO] [Thread-ThreadPoolExecutor-0_4] Pre-matching filter removed 93 side-stub point(s) from shape_id=67912430
[2026-07-31 10:22:50] [INFO] [Thread-ThreadPoolExecutor-0_2] Successfully processed shape_id=67910956 | distance=15353.5m | confidence=[0.9847] | segments=1 | osm_nodes=805
[2026-07-31 10:22:50] [INFO] [Thread-ThreadPoolExecutor-0_4] Successfully processed shape_id=67912430 | distance=14824.5m | confidence=[0.9826] | segments=1 | osm_nodes=754
[2026-07-31 10:22:50] [INFO] [Thread-ThreadPoolExecutor-0_5] Pre-matching filter removed 161 side-stub point(s) from shape_id=67910944
[2026-07-31 10:22:50] [INFO] [Thread-ThreadPoolExecutor-0_5] Successfully processed shape_id=67910944 | distance=16987.9m | confidence=[0.9809] | segments=1 | osm_nodes=703
[2026-07-31 10:22:50] [INFO] [Thread-ThreadPoolExecutor-0_5] Pre-matching filter removed 9 side-stub point(s) from shape_id=67914122
[2026-07-31 10:22:51] [INFO] [Thread-ThreadPoolExecutor-0_12] Pre-matching filter removed 124 side-stub point(s) from shape_id=67911678
[2026-07-31 10:22:51] [INFO] [Thread-ThreadPoolExecutor-0_5] Successfully processed shape_id=67914122 | distance=2249.4m | confidence=[0.9799] | segments=1 | osm_nodes=474
[2026-07-31 10:22:51] [INFO] [Thread-ThreadPoolExecutor-0_5] Pre-matching filter removed 12 side-stub point(s) from shape_id=67914128
[2026-07-31 10:22:51] [INFO] [Thread-ThreadPoolExecutor-0_12] Successfully processed shape_id=67911678 | distance=13321.1m | confidence=[0.9822] | segments=1 | osm_nodes=580
[2026-07-31 10:22:51] [INFO] [Thread-ThreadPoolExecutor-0_8] Pre-matching filter removed 25 side-stub point(s) from shape_id=67914117
[2026-07-31 10:22:51] [INFO] [Thread-ThreadPoolExecutor-0_11] Pre-matching filter removed 162 side-stub point(s) from shape_id=67910951
[2026-07-31 10:22:51] [INFO] [Thread-ThreadPoolExecutor-0_8] Successfully processed shape_id=67914117 | distance=13432.0m | confidence=[0.9831] | segments=1 | osm_nodes=807
[2026-07-31 10:22:51] [INFO] [Thread-ThreadPoolExecutor-0_5] Successfully processed shape_id=67914128 | distance=3306.2m | confidence=[0.9763] | segments=1 | osm_nodes=670
[2026-07-31 10:22:51] [INFO] [Thread-ThreadPoolExecutor-0_1] Pre-matching filter removed 137 side-stub point(s) from shape_id=67911682
[2026-07-31 10:22:51] [INFO] [Thread-ThreadPoolExecutor-0_11] Successfully processed shape_id=67910951 | distance=18273.0m | confidence=[0.9851] | segments=1 | osm_nodes=1020
[2026-07-31 10:22:51] [INFO] [Thread-ThreadPoolExecutor-0_1] Successfully processed shape_id=67911682 | distance=14133.9m | confidence=[0.9843] | segments=1 | osm_nodes=718
[2026-07-31 10:22:51] [INFO] [Thread-ThreadPoolExecutor-0_4] Pre-matching filter removed 37 side-stub point(s) from shape_id=67914120
[2026-07-31 10:22:52] [INFO] [Thread-ThreadPoolExecutor-0_0] Pre-matching filter removed 111 side-stub point(s) from shape_id=67913247
[2026-07-31 10:22:52] [INFO] [Thread-ThreadPoolExecutor-0_4] Successfully processed shape_id=67914120 | distance=14430.9m | confidence=[0.9856] | segments=1 | osm_nodes=852
[2026-07-31 10:22:52] [INFO] [Thread-ThreadPoolExecutor-0_0] Successfully processed shape_id=67913247 | distance=11592.3m | confidence=[0.9833] | segments=1 | osm_nodes=542
[2026-07-31 10:22:52] [INFO] [Thread-ThreadPoolExecutor-0_9] Pre-matching filter removed 75 side-stub point(s) from shape_id=67914105
[2026-07-31 10:22:52] [INFO] [Thread-ThreadPoolExecutor-0_13] Pre-matching filter removed 74 side-stub point(s) from shape_id=67914113
[2026-07-31 10:22:52] [INFO] [Thread-ThreadPoolExecutor-0_9] Successfully processed shape_id=67914105 | distance=9766.8m | confidence=[0.9824] | segments=1 | osm_nodes=558
[2026-07-31 10:22:52] [INFO] [Thread-ThreadPoolExecutor-0_10] Pre-matching filter removed 112 side-stub point(s) from shape_id=67913249
[2026-07-31 10:22:52] [INFO] [Thread-ThreadPoolExecutor-0_13] Successfully processed shape_id=67914113 | distance=8912.1m | confidence=[0.9831] | segments=1 | osm_nodes=476
[2026-07-31 10:22:52] [INFO] [Thread-ThreadPoolExecutor-0_10] Successfully processed shape_id=67913249 | distance=12060.4m | confidence=[0.9816] | segments=1 | osm_nodes=583
[2026-07-31 10:22:52] [INFO] [Thread-ThreadPoolExecutor-0_14] Pre-matching filter removed 125 side-stub point(s) from shape_id=67913248
[2026-07-31 10:22:52] [INFO] [Thread-ThreadPoolExecutor-0_14] Successfully processed shape_id=67913248 | distance=13200.1m | confidence=[0.9829] | segments=1 | osm_nodes=605
[2026-07-31 10:22:53] [INFO] [Thread-ThreadPoolExecutor-0_6] Pre-matching filter removed 119 side-stub point(s) from shape_id=67914102
[2026-07-31 10:22:53] [INFO] [Thread-ThreadPoolExecutor-0_6] Successfully processed shape_id=67914102 | distance=15140.5m | confidence=[0.9836] | segments=1 | osm_nodes=806
[2026-07-31 10:22:53] [INFO] [Thread-ThreadPoolExecutor-0_8] Pre-matching filter removed 69 side-stub point(s) from shape_id=67914131
[2026-07-31 10:22:53] [INFO] [Thread-ThreadPoolExecutor-0_8] Successfully processed shape_id=67914131 | distance=10071.4m | confidence=[0.9846] | segments=1 | osm_nodes=525
[2026-07-31 10:22:53] [INFO] [Thread-ThreadPoolExecutor-0_9] Pre-matching filter removed 46 side-stub point(s) from shape_id=67916549
[2026-07-31 10:22:54] [INFO] [Thread-ThreadPoolExecutor-0_4] Pre-matching filter removed 60 side-stub point(s) from shape_id=67915955
[2026-07-31 10:22:54] [INFO] [Thread-ThreadPoolExecutor-0_4] Successfully processed shape_id=67915955 | distance=23462.7m | confidence=[0.9825] | segments=1 | osm_nodes=1070
[2026-07-31 10:22:54] [INFO] [Thread-ThreadPoolExecutor-0_3] Pre-matching filter removed 208 side-stub point(s) from shape_id=67912428
[2026-07-31 10:22:54] [INFO] [Thread-ThreadPoolExecutor-0_7] Pre-matching filter removed 212 side-stub point(s) from shape_id=67912429
[2026-07-31 10:22:54] [INFO] [Thread-ThreadPoolExecutor-0_9] Successfully processed shape_id=67916549 | distance=10556.5m | confidence=[0.9822] | segments=1 | osm_nodes=483
[2026-07-31 10:22:54] [INFO] [Thread-ThreadPoolExecutor-0_3] Successfully processed shape_id=67912428 | distance=19419.2m | confidence=[0.9802] | segments=1 | osm_nodes=1104
[2026-07-31 10:22:54] [INFO] [Thread-ThreadPoolExecutor-0_0] Pre-matching filter removed 75 side-stub point(s) from shape_id=67916548
[2026-07-31 10:22:54] [INFO] [Thread-ThreadPoolExecutor-0_7] Successfully processed shape_id=67912429 | distance=19287.9m | confidence=[0.9844] | segments=1 | osm_nodes=1083
[2026-07-31 10:22:54] [INFO] [Thread-ThreadPoolExecutor-0_2] Pre-matching filter removed 121 side-stub point(s) from shape_id=67914119
[2026-07-31 10:22:54] [INFO] [Thread-ThreadPoolExecutor-0_0] Successfully processed shape_id=67916548 | distance=9778.2m | confidence=[0.9824] | segments=1 | osm_nodes=425
[2026-07-31 10:22:54] [INFO] [Thread-ThreadPoolExecutor-0_12] Pre-matching filter removed 112 side-stub point(s) from shape_id=67914130
[2026-07-31 10:22:54] [INFO] [Thread-ThreadPoolExecutor-0_2] Successfully processed shape_id=67914119 | distance=28008.2m | confidence=[0.7585] | segments=1 | osm_nodes=1451
[2026-07-31 10:22:55] [INFO] [Thread-ThreadPoolExecutor-0_12] Successfully processed shape_id=67914130 | distance=13937.7m | confidence=[0.9789] | segments=1 | osm_nodes=759
[2026-07-31 10:22:55] [INFO] [Thread-ThreadPoolExecutor-0_14] Pre-matching filter removed 64 side-stub point(s) from shape_id=67917464
[2026-07-31 10:22:55] [INFO] [Thread-ThreadPoolExecutor-0_5] Pre-matching filter removed 118 side-stub point(s) from shape_id=67914132
[2026-07-31 10:22:55] [INFO] [Thread-ThreadPoolExecutor-0_14] Successfully processed shape_id=67917464 | distance=11398.9m | confidence=[0.6993] | segments=1 | osm_nodes=673
[2026-07-31 10:22:55] [INFO] [Thread-ThreadPoolExecutor-0_6] Pre-matching filter removed 63 side-stub point(s) from shape_id=67917465
[2026-07-31 10:22:55] [INFO] [Thread-ThreadPoolExecutor-0_5] Successfully processed shape_id=67914132 | distance=13881.3m | confidence=[0.9852] | segments=1 | osm_nodes=730
[2026-07-31 10:22:55] [INFO] [Thread-ThreadPoolExecutor-0_8] Pre-matching filter removed 48 side-stub point(s) from shape_id=67918413
[2026-07-31 10:22:55] [INFO] [Thread-ThreadPoolExecutor-0_8] Successfully processed shape_id=67918413 | distance=16523.4m | confidence=[0.978] | segments=1 | osm_nodes=811
[2026-07-31 10:22:55] [INFO] [Thread-ThreadPoolExecutor-0_13] Pre-matching filter removed 95 side-stub point(s) from shape_id=67916550
[2026-07-31 10:22:55] [INFO] [Thread-ThreadPoolExecutor-0_10] Pre-matching filter removed 96 side-stub point(s) from shape_id=67916551
[2026-07-31 10:22:55] [INFO] [Thread-ThreadPoolExecutor-0_13] Successfully processed shape_id=67916550 | distance=10038.2m | confidence=[0.9839] | segments=1 | osm_nodes=560
[2026-07-31 10:22:56] [INFO] [Thread-ThreadPoolExecutor-0_10] Successfully processed shape_id=67916551 | distance=9953.0m | confidence=[0.983] | segments=1 | osm_nodes=548
[2026-07-31 10:22:56] [INFO] [Thread-ThreadPoolExecutor-0_11] Pre-matching filter removed 129 side-stub point(s) from shape_id=67914134
[2026-07-31 10:22:56] [INFO] [Thread-ThreadPoolExecutor-0_15] Pre-matching filter removed 168 side-stub point(s) from shape_id=67914118
[2026-07-31 10:22:56] [INFO] [Thread-ThreadPoolExecutor-0_11] Successfully processed shape_id=67914134 | distance=20270.3m | confidence=[0.9571] | segments=1 | osm_nodes=904
[2026-07-31 10:22:56] [INFO] [Thread-ThreadPoolExecutor-0_11] Pre-matching filter removed 31 side-stub point(s) from shape_id=67924002
[2026-07-31 10:22:56] [INFO] [Thread-ThreadPoolExecutor-0_15] Successfully processed shape_id=67914118 | distance=26778.4m | confidence=[0.9852] | segments=1 | osm_nodes=1405
[2026-07-31 10:22:56] [INFO] [Thread-ThreadPoolExecutor-0_0] Pre-matching filter removed 52 side-stub point(s) from shape_id=67919373
[2026-07-31 10:22:56] [INFO] [Thread-ThreadPoolExecutor-0_10] Pre-matching filter removed 18 side-stub point(s) from shape_id=67924000
[2026-07-31 10:22:56] [INFO] [Thread-ThreadPoolExecutor-0_6] Successfully processed shape_id=67917465 | distance=7938.5m | confidence=[0.9851] | segments=1 | osm_nodes=471
[2026-07-31 10:22:56] [INFO] [Thread-ThreadPoolExecutor-0_0] Successfully processed shape_id=67919373 | distance=16248.3m | confidence=[0.9833] | segments=1 | osm_nodes=831
[2026-07-31 10:22:56] [INFO] [Thread-ThreadPoolExecutor-0_7] Pre-matching filter removed 62 side-stub point(s) from shape_id=67919372
[2026-07-31 10:22:56] [INFO] [Thread-ThreadPoolExecutor-0_10] Successfully processed shape_id=67924000 | distance=15598.2m | confidence=[0.9828] | segments=1 | osm_nodes=587
[2026-07-31 10:22:57] [INFO] [Thread-ThreadPoolExecutor-0_7] Successfully processed shape_id=67919372 | distance=21227.7m | confidence=[0.9825] | segments=1 | osm_nodes=1130
[2026-07-31 10:22:57] [INFO] [Thread-ThreadPoolExecutor-0_4] Pre-matching filter removed 90 side-stub point(s) from shape_id=67918414
[2026-07-31 10:22:57] [INFO] [Thread-ThreadPoolExecutor-0_3] Pre-matching filter removed 94 side-stub point(s) from shape_id=67919369
[2026-07-31 10:22:57] [INFO] [Thread-ThreadPoolExecutor-0_3] Successfully processed shape_id=67919369 | distance=10014.6m | confidence=[0.9847] | segments=1 | osm_nodes=527
[2026-07-31 10:22:57] [INFO] [Thread-ThreadPoolExecutor-0_4] Successfully processed shape_id=67918414 | distance=21670.2m | confidence=[0.9814] | segments=1 | osm_nodes=1148
[2026-07-31 10:22:57] [INFO] [Thread-ThreadPoolExecutor-0_12] Pre-matching filter removed 79 side-stub point(s) from shape_id=67919378
[2026-07-31 10:22:57] [INFO] [Thread-ThreadPoolExecutor-0_2] Pre-matching filter removed 81 side-stub point(s) from shape_id=67919374
[2026-07-31 10:22:57] [INFO] [Thread-ThreadPoolExecutor-0_8] Pre-matching filter removed 66 side-stub point(s) from shape_id=67920424
[2026-07-31 10:22:58] [INFO] [Thread-ThreadPoolExecutor-0_12] Successfully processed shape_id=67919378 | distance=24082.5m | confidence=[0.984] | segments=1 | osm_nodes=1270
[2026-07-31 10:22:58] [INFO] [Thread-ThreadPoolExecutor-0_2] Successfully processed shape_id=67919374 | distance=23035.4m | confidence=[0.9809] | segments=1 | osm_nodes=1182
[2026-07-31 10:22:58] [INFO] [Thread-ThreadPoolExecutor-0_8] Successfully processed shape_id=67920424 | distance=7772.7m | confidence=[0.9815] | segments=1 | osm_nodes=354
[2026-07-31 10:22:58] [INFO] [Thread-ThreadPoolExecutor-0_15] Pre-matching filter removed 51 side-stub point(s) from shape_id=67925888
[2026-07-31 10:22:58] [INFO] [Thread-ThreadPoolExecutor-0_9] Pre-matching filter removed 105 side-stub point(s) from shape_id=67918415
[2026-07-31 10:22:58] [INFO] [Thread-ThreadPoolExecutor-0_15] Successfully processed shape_id=67925888 | distance=8315.7m | confidence=[0.9827] | segments=1 | osm_nodes=447
[2026-07-31 10:22:58] [INFO] [Thread-ThreadPoolExecutor-0_9] Successfully processed shape_id=67918415 | distance=22450.0m | confidence=[0.9786] | segments=1 | osm_nodes=1134
[2026-07-31 10:22:58] [INFO] [Thread-ThreadPoolExecutor-0_1] Pre-matching filter removed 201 side-stub point(s) from shape_id=67915953
[2026-07-31 10:22:58] [INFO] [Thread-ThreadPoolExecutor-0_13] Pre-matching filter removed 73 side-stub point(s) from shape_id=67920425
[2026-07-31 10:22:58] [INFO] [Thread-ThreadPoolExecutor-0_13] Successfully processed shape_id=67920425 | distance=8829.9m | confidence=[0.9813] | segments=1 | osm_nodes=452
[2026-07-31 10:22:58] [INFO] [Thread-ThreadPoolExecutor-0_1] Successfully processed shape_id=67915953 | distance=19598.4m | confidence=[0.9853] | segments=1 | osm_nodes=865
[2026-07-31 10:22:59] [INFO] [Thread-ThreadPoolExecutor-0_6] Pre-matching filter removed 72 side-stub point(s) from shape_id=67925889
[2026-07-31 10:22:59] [INFO] [Thread-ThreadPoolExecutor-0_6] Successfully processed shape_id=67925889 | distance=7098.2m | confidence=[0.9698] | segments=1 | osm_nodes=329
[2026-07-31 10:22:59] [INFO] [Thread-ThreadPoolExecutor-0_6] Pre-matching filter removed 23 side-stub point(s) from shape_id=67928338
[2026-07-31 10:22:59] [INFO] [Thread-ThreadPoolExecutor-0_6] Successfully processed shape_id=67928338 | distance=2955.8m | confidence=[0.9636] | segments=1 | osm_nodes=533
[2026-07-31 10:22:59] [INFO] [Thread-ThreadPoolExecutor-0_11] Successfully processed shape_id=67924002 | distance=4929.3m | confidence=[0.9683] | segments=1 | osm_nodes=916
[2026-07-31 10:22:59] [INFO] [Thread-ThreadPoolExecutor-0_0] Pre-matching filter removed 87 side-stub point(s) from shape_id=67925899
[2026-07-31 10:23:00] [INFO] [Thread-ThreadPoolExecutor-0_0] Successfully processed shape_id=67925899 | distance=25842.1m | confidence=[0.9852] | segments=1 | osm_nodes=1370
[2026-07-31 10:23:00] [INFO] [Thread-ThreadPoolExecutor-0_4] Pre-matching filter removed 83 side-stub point(s) from shape_id=67928316
[2026-07-31 10:23:00] [INFO] [Thread-ThreadPoolExecutor-0_4] Successfully processed shape_id=67928316 | distance=10138.4m | confidence=[0.9819] | segments=1 | osm_nodes=452
[2026-07-31 10:23:00] [INFO] [Thread-ThreadPoolExecutor-0_5] Pre-matching filter removed 142 side-stub point(s) from shape_id=67919381
[2026-07-31 10:23:00] [INFO] [Thread-ThreadPoolExecutor-0_14] Pre-matching filter removed 146 side-stub point(s) from shape_id=67919379
[2026-07-31 10:23:00] [INFO] [Thread-ThreadPoolExecutor-0_5] Successfully processed shape_id=67919381 | distance=23888.3m | confidence=[0.9807] | segments=1 | osm_nodes=1219
[2026-07-31 10:23:00] [INFO] [Thread-ThreadPoolExecutor-0_10] Pre-matching filter removed 119 side-stub point(s) from shape_id=67925902
[2026-07-31 10:23:00] [INFO] [Thread-ThreadPoolExecutor-0_14] Successfully processed shape_id=67919379 | distance=24855.0m | confidence=[0.9804] | segments=1 | osm_nodes=1275
[2026-07-31 10:23:00] [INFO] [Thread-ThreadPoolExecutor-0_10] Successfully processed shape_id=67925902 | distance=11000.5m | confidence=[0.9732] | segments=1 | osm_nodes=654
[2026-07-31 10:23:01] [INFO] [Thread-ThreadPoolExecutor-0_2] Pre-matching filter removed 91 side-stub point(s) from shape_id=67928325
[2026-07-31 10:23:01] [INFO] [Thread-ThreadPoolExecutor-0_8] Pre-matching filter removed 83 side-stub point(s) from shape_id=67928326
[2026-07-31 10:23:01] [INFO] [Thread-ThreadPoolExecutor-0_1] Pre-matching filter removed 75 side-stub point(s) from shape_id=67928333
[2026-07-31 10:23:01] [INFO] [Thread-ThreadPoolExecutor-0_2] Successfully processed shape_id=67928325 | distance=10950.5m | confidence=[0.9825] | segments=1 | osm_nodes=572
[2026-07-31 10:23:01] [INFO] [Thread-ThreadPoolExecutor-0_13] Pre-matching filter removed 75 side-stub point(s) from shape_id=67928329
[2026-07-31 10:23:01] [INFO] [Thread-ThreadPoolExecutor-0_8] Successfully processed shape_id=67928326 | distance=23178.3m | confidence=[0.984] | segments=1 | osm_nodes=1285
[2026-07-31 10:23:01] [INFO] [Thread-ThreadPoolExecutor-0_12] Pre-matching filter removed 101 side-stub point(s) from shape_id=67928322
[2026-07-31 10:23:01] [INFO] [Thread-ThreadPoolExecutor-0_13] Successfully processed shape_id=67928329 | distance=21418.5m | confidence=[0.9823] | segments=1 | osm_nodes=1185
[2026-07-31 10:23:01] [INFO] [Thread-ThreadPoolExecutor-0_12] Successfully processed shape_id=67928322 | distance=11023.1m | confidence=[0.9858] | segments=1 | osm_nodes=554
[2026-07-31 10:23:01] [INFO] [Thread-ThreadPoolExecutor-0_1] Successfully processed shape_id=67928333 | distance=12797.8m | confidence=[0.9831] | segments=1 | osm_nodes=656
[2026-07-31 10:23:01] [INFO] [Thread-ThreadPoolExecutor-0_7] Pre-matching filter removed 152 side-stub point(s) from shape_id=67928312
[2026-07-31 10:23:01] [INFO] [Thread-ThreadPoolExecutor-0_7] Successfully processed shape_id=67928312 | distance=14992.2m | confidence=[0.984] | segments=1 | osm_nodes=692
[2026-07-31 10:23:02] [INFO] [Thread-ThreadPoolExecutor-0_3] Pre-matching filter removed 151 side-stub point(s) from shape_id=67928314
[2026-07-31 10:23:02] [INFO] [Thread-ThreadPoolExecutor-0_3] Successfully processed shape_id=67928314 | distance=14869.3m | confidence=[0.9825] | segments=1 | osm_nodes=686
[2026-07-31 10:23:03] [INFO] [Thread-ThreadPoolExecutor-0_15] Pre-matching filter removed 158 side-stub point(s) from shape_id=67928327
[2026-07-31 10:23:03] [INFO] [Thread-ThreadPoolExecutor-0_5] Pre-matching filter removed 95 side-stub point(s) from shape_id=67928348
[2026-07-31 10:23:03] [INFO] [Thread-ThreadPoolExecutor-0_9] Pre-matching filter removed 154 side-stub point(s) from shape_id=67928328
[2026-07-31 10:23:03] [INFO] [Thread-ThreadPoolExecutor-0_5] Successfully processed shape_id=67928348 | distance=10365.8m | confidence=[0.9812] | segments=1 | osm_nodes=471
[2026-07-31 10:23:03] [INFO] [Thread-ThreadPoolExecutor-0_15] Successfully processed shape_id=67928327 | distance=22061.6m | confidence=[0.984] | segments=1 | osm_nodes=1163
[2026-07-31 10:23:03] [INFO] [Thread-ThreadPoolExecutor-0_9] Successfully processed shape_id=67928328 | distance=21095.0m | confidence=[0.9844] | segments=1 | osm_nodes=1107
[2026-07-31 10:23:04] [INFO] [Thread-ThreadPoolExecutor-0_1] Pre-matching filter removed 104 side-stub point(s) from shape_id=67928355
[2026-07-31 10:23:05] [INFO] [Thread-ThreadPoolExecutor-0_1] Successfully processed shape_id=67928355 | distance=10566.9m | confidence=[0.983] | segments=1 | osm_nodes=484
[2026-07-31 10:23:06] [INFO] [Thread-ThreadPoolExecutor-0_14] Pre-matching filter removed 147 side-stub point(s) from shape_id=67928349
[2026-07-31 10:23:06] [INFO] [Thread-ThreadPoolExecutor-0_7] Pre-matching filter removed 117 side-stub point(s) from shape_id=67928356
[2026-07-31 10:23:06] [INFO] [Thread-ThreadPoolExecutor-0_14] Successfully processed shape_id=67928349 | distance=16860.0m | confidence=[0.9856] | segments=1 | osm_nodes=841
[2026-07-31 10:23:06] [INFO] [Thread-ThreadPoolExecutor-0_7] Successfully processed shape_id=67928356 | distance=12486.0m | confidence=[0.9817] | segments=1 | osm_nodes=658
[2026-07-31 10:23:06] [INFO] [Thread-ThreadPoolExecutor-0_4] Pre-matching filter removed 168 side-stub point(s) from shape_id=67928347
[2026-07-31 10:23:06] [INFO] [Thread-ThreadPoolExecutor-0_4] Successfully processed shape_id=67928347 | distance=17436.1m | confidence=[0.9853] | segments=1 | osm_nodes=793
[2026-07-31 10:23:06] [INFO] [Thread-ThreadPoolExecutor-0_3] Pre-matching filter removed 117 side-stub point(s) from shape_id=67928357
[2026-07-31 10:23:06] [INFO] [Thread-ThreadPoolExecutor-0_12] Pre-matching filter removed 149 side-stub point(s) from shape_id=67928354
[2026-07-31 10:23:06] [INFO] [Thread-ThreadPoolExecutor-0_3] Successfully processed shape_id=67928357 | distance=13470.3m | confidence=[0.9813] | segments=1 | osm_nodes=676
[2026-07-31 10:23:06] [INFO] [Thread-ThreadPoolExecutor-0_6] Pre-matching filter removed 206 side-stub point(s) from shape_id=67928344
[2026-07-31 10:23:07] [INFO] [Thread-ThreadPoolExecutor-0_12] Successfully processed shape_id=67928354 | distance=16891.2m | confidence=[0.9842] | segments=1 | osm_nodes=844
[2026-07-31 10:23:07] [INFO] [Thread-ThreadPoolExecutor-0_6] Successfully processed shape_id=67928344 | distance=20774.0m | confidence=[0.9832, 0.962] | segments=2 | osm_nodes=894
[2026-07-31 10:23:07] [INFO] [Thread-ThreadPoolExecutor-0_11] Pre-matching filter removed 205 side-stub point(s) from shape_id=67928345
[2026-07-31 10:23:07] [INFO] [Thread-ThreadPoolExecutor-0_11] Successfully processed shape_id=67928345 | distance=21335.7m | confidence=[0.9853] | segments=1 | osm_nodes=947
[2026-07-31 10:23:08] [INFO] [Thread-ThreadPoolExecutor-0_13] Pre-matching filter removed 176 side-stub point(s) from shape_id=67928353
[2026-07-31 10:23:08] [INFO] [Thread-ThreadPoolExecutor-0_5] Pre-matching filter removed 114 side-stub point(s) from shape_id=67928359
[2026-07-31 10:23:08] [INFO] [Thread-ThreadPoolExecutor-0_13] Successfully processed shape_id=67928353 | distance=17631.6m | confidence=[0.9854] | segments=1 | osm_nodes=799
[2026-07-31 10:23:08] [INFO] [Thread-ThreadPoolExecutor-0_5] Successfully processed shape_id=67928359 | distance=12429.3m | confidence=[0.984] | segments=1 | osm_nodes=658
[2026-07-31 10:23:08] [INFO] [Thread-ThreadPoolExecutor-0_5] Pre-matching filter removed 40 side-stub point(s) from shape_id=67929266
[2026-07-31 10:23:08] [INFO] [Thread-ThreadPoolExecutor-0_5] Successfully processed shape_id=67929266 | distance=4644.4m | confidence=[0.9717] | segments=1 | osm_nodes=905
[2026-07-31 10:23:08] [INFO] [Thread-ThreadPoolExecutor-0_5] Pre-matching filter removed 39 side-stub point(s) from shape_id=67929267
[2026-07-31 10:23:08] [INFO] [Thread-ThreadPoolExecutor-0_6] Pre-matching filter removed 43 side-stub point(s) from shape_id=67929260
[2026-07-31 10:23:09] [INFO] [Thread-ThreadPoolExecutor-0_6] Successfully processed shape_id=67929260 | distance=7281.6m | confidence=[0.984] | segments=1 | osm_nodes=340
[2026-07-31 10:23:09] [INFO] [Thread-ThreadPoolExecutor-0_2] Pre-matching filter removed 211 side-stub point(s) from shape_id=67928351
[2026-07-31 10:23:09] [INFO] [Thread-ThreadPoolExecutor-0_5] Successfully processed shape_id=67929267 | distance=4430.5m | confidence=[0.986] | segments=1 | osm_nodes=907
[2026-07-31 10:23:09] [INFO] [Thread-ThreadPoolExecutor-0_11] Pre-matching filter removed 43 side-stub point(s) from shape_id=67929261
[2026-07-31 10:23:09] [INFO] [Thread-ThreadPoolExecutor-0_2] Successfully processed shape_id=67928351 | distance=21482.6m | confidence=[0.9854] | segments=1 | osm_nodes=944
[2026-07-31 10:23:09] [INFO] [Thread-ThreadPoolExecutor-0_4] Pre-matching filter removed 72 side-stub point(s) from shape_id=67929256
[2026-07-31 10:23:09] [INFO] [Thread-ThreadPoolExecutor-0_4] Successfully processed shape_id=67929256 | distance=6883.2m | confidence=[0.9853] | segments=1 | osm_nodes=343
[2026-07-31 10:23:09] [INFO] [Thread-ThreadPoolExecutor-0_15] Pre-matching filter removed 155 side-stub point(s) from shape_id=67929251
[2026-07-31 10:23:09] [INFO] [Thread-ThreadPoolExecutor-0_12] Pre-matching filter removed 65 side-stub point(s) from shape_id=67929258
[2026-07-31 10:23:09] [INFO] [Thread-ThreadPoolExecutor-0_8] Pre-matching filter removed 221 side-stub point(s) from shape_id=67928352
[2026-07-31 10:23:09] [INFO] [Thread-ThreadPoolExecutor-0_3] Pre-matching filter removed 69 side-stub point(s) from shape_id=67929257
[2026-07-31 10:23:09] [INFO] [Thread-ThreadPoolExecutor-0_12] Successfully processed shape_id=67929258 | distance=7313.1m | confidence=[0.9825] | segments=1 | osm_nodes=364
[2026-07-31 10:23:09] [INFO] [Thread-ThreadPoolExecutor-0_11] Successfully processed shape_id=67929261 | distance=14488.9m | confidence=[0.9832] | segments=1 | osm_nodes=623
[2026-07-31 10:23:09] [INFO] [Thread-ThreadPoolExecutor-0_15] Successfully processed shape_id=67929251 | distance=14706.7m | confidence=[0.9816] | segments=1 | osm_nodes=746
[2026-07-31 10:23:09] [INFO] [Thread-ThreadPoolExecutor-0_15] Pre-matching filter removed 44 side-stub point(s) from shape_id=67929281
[2026-07-31 10:23:10] [INFO] [Thread-ThreadPoolExecutor-0_3] Successfully processed shape_id=67929257 | distance=7105.7m | confidence=[0.9846] | segments=1 | osm_nodes=351
[2026-07-31 10:23:10] [INFO] [Thread-ThreadPoolExecutor-0_8] Successfully processed shape_id=67928352 | distance=23956.1m | confidence=[0.9855] | segments=1 | osm_nodes=1157
[2026-07-31 10:23:10] [INFO] [Thread-ThreadPoolExecutor-0_8] Pre-matching filter removed 21 side-stub point(s) from shape_id=67929283
[2026-07-31 10:23:10] [INFO] [Thread-ThreadPoolExecutor-0_5] Pre-matching filter removed 55 side-stub point(s) from shape_id=67929269
[2026-07-31 10:23:10] [INFO] [Thread-ThreadPoolExecutor-0_9] Pre-matching filter removed 159 side-stub point(s) from shape_id=67929252
[2026-07-31 10:23:10] [INFO] [Thread-ThreadPoolExecutor-0_9] Successfully processed shape_id=67929252 | distance=14406.1m | confidence=[0.9859] | segments=1 | osm_nodes=737
[2026-07-31 10:23:10] [INFO] [Thread-ThreadPoolExecutor-0_9] Pre-matching filter removed 9 side-stub point(s) from shape_id=67929284
[2026-07-31 10:23:10] [INFO] [Thread-ThreadPoolExecutor-0_8] Successfully processed shape_id=67929283 | distance=5811.1m | confidence=[0.9837] | segments=1 | osm_nodes=899
[2026-07-31 10:23:10] [INFO] [Thread-ThreadPoolExecutor-0_15] Successfully processed shape_id=67929281 | distance=5782.7m | confidence=[0.9848] | segments=1 | osm_nodes=957
[2026-07-31 10:23:10] [INFO] [Thread-ThreadPoolExecutor-0_0] Pre-matching filter removed 257 side-stub point(s) from shape_id=67928346
[2026-07-31 10:23:10] [INFO] [Thread-ThreadPoolExecutor-0_10] Pre-matching filter removed 256 side-stub point(s) from shape_id=67928350
[2026-07-31 10:23:10] [INFO] [Thread-ThreadPoolExecutor-0_2] Pre-matching filter removed 37 side-stub point(s) from shape_id=67929272
[2026-07-31 10:23:10] [INFO] [Thread-ThreadPoolExecutor-0_0] Successfully processed shape_id=67928346 | distance=27830.0m | confidence=[0.985] | segments=1 | osm_nodes=1315
[2026-07-31 10:23:10] [INFO] [Thread-ThreadPoolExecutor-0_0] Pre-matching filter removed 34 side-stub point(s) from shape_id=67929287
[2026-07-31 10:23:10] [INFO] [Thread-ThreadPoolExecutor-0_2] Successfully processed shape_id=67929272 | distance=11781.5m | confidence=[0.9836] | segments=1 | osm_nodes=550
[2026-07-31 10:23:11] [INFO] [Thread-ThreadPoolExecutor-0_2] Pre-matching filter removed 25 side-stub point(s) from shape_id=67929288
[2026-07-31 10:23:11] [INFO] [Thread-ThreadPoolExecutor-0_9] Successfully processed shape_id=67929284 | distance=8395.4m | confidence=[0.975] | segments=1 | osm_nodes=1219
[2026-07-31 10:23:11] [INFO] [Thread-ThreadPoolExecutor-0_9] Pre-matching filter removed 24 side-stub point(s) from shape_id=67929289
[2026-07-31 10:23:11] [INFO] [Thread-ThreadPoolExecutor-0_10] Successfully processed shape_id=67928350 | distance=27807.1m | confidence=[0.9855] | segments=1 | osm_nodes=1302
[2026-07-31 10:23:11] [INFO] [Thread-ThreadPoolExecutor-0_10] Pre-matching filter removed 51 side-stub point(s) from shape_id=67929290
[2026-07-31 10:23:11] [INFO] [Thread-ThreadPoolExecutor-0_0] Successfully processed shape_id=67929287 | distance=4324.5m | confidence=[0.971] | segments=1 | osm_nodes=865
[2026-07-31 10:23:11] [INFO] [Thread-ThreadPoolExecutor-0_2] Successfully processed shape_id=67929288 | distance=3850.9m | confidence=[0.0006] | segments=1 | osm_nodes=730
[2026-07-31 10:23:11] [INFO] [Thread-ThreadPoolExecutor-0_0] Pre-matching filter removed 5 side-stub point(s) from shape_id=67929292
[2026-07-31 10:23:11] [INFO] [Thread-ThreadPoolExecutor-0_9] Successfully processed shape_id=67929289 | distance=3966.3m | confidence=[0.128] | segments=1 | osm_nodes=646
[2026-07-31 10:23:11] [INFO] [Thread-ThreadPoolExecutor-0_5] Successfully processed shape_id=67929269 | distance=6633.7m | confidence=[0.9616] | segments=1 | osm_nodes=1235
[2026-07-31 10:23:11] [INFO] [Thread-ThreadPoolExecutor-0_7] Pre-matching filter removed 135 side-stub point(s) from shape_id=67929255
[2026-07-31 10:23:11] [INFO] [Thread-ThreadPoolExecutor-0_4] Pre-matching filter removed 49 side-stub point(s) from shape_id=67929277
[2026-07-31 10:23:11] [INFO] [Thread-ThreadPoolExecutor-0_6] Pre-matching filter removed 68 side-stub point(s) from shape_id=67929268
[2026-07-31 10:23:11] [INFO] [Thread-ThreadPoolExecutor-0_7] Successfully processed shape_id=67929255 | distance=12394.1m | confidence=[0.9849] | segments=1 | osm_nodes=557
[2026-07-31 10:23:11] [INFO] [Thread-ThreadPoolExecutor-0_6] Successfully processed shape_id=67929268 | distance=9128.9m | confidence=[0.9853] | segments=1 | osm_nodes=509
[2026-07-31 10:23:11] [INFO] [Thread-ThreadPoolExecutor-0_4] Successfully processed shape_id=67929277 | distance=15996.2m | confidence=[0.9829] | segments=1 | osm_nodes=707
[2026-07-31 10:23:11] [INFO] [Thread-ThreadPoolExecutor-0_10] Successfully processed shape_id=67929290 | distance=5887.9m | confidence=[0.979] | segments=1 | osm_nodes=1143
[2026-07-31 10:23:11] [INFO] [Thread-ThreadPoolExecutor-0_10] Pre-matching filter removed 37 side-stub point(s) from shape_id=68000699
[2026-07-31 10:23:11] [INFO] [Thread-ThreadPoolExecutor-0_0] Successfully processed shape_id=67929292 | distance=6714.1m | confidence=[0.9852] | segments=1 | osm_nodes=1083
[2026-07-31 10:23:11] [INFO] [Thread-ThreadPoolExecutor-0_0] Pre-matching filter removed 43 side-stub point(s) from shape_id=68000700
[2026-07-31 10:23:12] [INFO] [Thread-ThreadPoolExecutor-0_10] Successfully processed shape_id=68000699 | distance=4308.3m | confidence=[0.9854] | segments=1 | osm_nodes=752
[2026-07-31 10:23:12] [INFO] [Thread-ThreadPoolExecutor-0_0] Successfully processed shape_id=68000700 | distance=4907.4m | confidence=[0.3658] | segments=1 | osm_nodes=816
[2026-07-31 10:23:12] [INFO] [Thread-ThreadPoolExecutor-0_12] Pre-matching filter removed 67 side-stub point(s) from shape_id=67929278
[2026-07-31 10:23:12] [INFO] [Thread-ThreadPoolExecutor-0_11] Pre-matching filter removed 77 side-stub point(s) from shape_id=67929280
[2026-07-31 10:23:12] [INFO] [Thread-ThreadPoolExecutor-0_12] Successfully processed shape_id=67929278 | distance=16830.6m | confidence=[0.9508] | segments=1 | osm_nodes=734
[2026-07-31 10:23:12] [INFO] [Thread-ThreadPoolExecutor-0_1] Pre-matching filter removed 192 side-stub point(s) from shape_id=67929253
[2026-07-31 10:23:12] [INFO] [Thread-ThreadPoolExecutor-0_12] Pre-matching filter removed 47 side-stub point(s) from shape_id=68000710
[2026-07-31 10:23:12] [INFO] [Thread-ThreadPoolExecutor-0_11] Successfully processed shape_id=67929280 | distance=8947.7m | confidence=[0.9665] | segments=1 | osm_nodes=474
[2026-07-31 10:23:12] [INFO] [Thread-ThreadPoolExecutor-0_1] Successfully processed shape_id=67929253 | distance=18295.8m | confidence=[0.9853] | segments=1 | osm_nodes=799
[2026-07-31 10:23:12] [INFO] [Thread-ThreadPoolExecutor-0_3] Pre-matching filter removed 86 side-stub point(s) from shape_id=67929282
[2026-07-31 10:23:13] [INFO] [Thread-ThreadPoolExecutor-0_14] Pre-matching filter removed 180 side-stub point(s) from shape_id=67929254
[2026-07-31 10:23:13] [INFO] [Thread-ThreadPoolExecutor-0_12] Successfully processed shape_id=68000710 | distance=6305.8m | confidence=[0.2308] | segments=1 | osm_nodes=990
[2026-07-31 10:23:13] [INFO] [Thread-ThreadPoolExecutor-0_12] Pre-matching filter removed 36 side-stub point(s) from shape_id=68000714
[2026-07-31 10:23:13] [INFO] [Thread-ThreadPoolExecutor-0_3] Successfully processed shape_id=67929282 | distance=13305.4m | confidence=[0.9823] | segments=1 | osm_nodes=598
[2026-07-31 10:23:13] [INFO] [Thread-ThreadPoolExecutor-0_14] Successfully processed shape_id=67929254 | distance=17913.6m | confidence=[0.9857] | segments=1 | osm_nodes=786
[2026-07-31 10:23:13] [INFO] [Thread-ThreadPoolExecutor-0_12] Successfully processed shape_id=68000714 | distance=5051.0m | confidence=[0.9835] | segments=1 | osm_nodes=816
[2026-07-31 10:23:13] [INFO] [Thread-ThreadPoolExecutor-0_8] Pre-matching filter removed 106 side-stub point(s) from shape_id=67929285
[2026-07-31 10:23:13] [INFO] [Thread-ThreadPoolExecutor-0_7] Pre-matching filter removed 72 side-stub point(s) from shape_id=68000420
[2026-07-31 10:23:13] [INFO] [Thread-ThreadPoolExecutor-0_15] Pre-matching filter removed 110 side-stub point(s) from shape_id=67929286
[2026-07-31 10:23:13] [INFO] [Thread-ThreadPoolExecutor-0_13] Pre-matching filter removed 165 side-stub point(s) from shape_id=67929265
[2026-07-31 10:23:13] [INFO] [Thread-ThreadPoolExecutor-0_8] Successfully processed shape_id=67929285 | distance=11197.7m | confidence=[0.9817] | segments=1 | osm_nodes=574
[2026-07-31 10:23:13] [INFO] [Thread-ThreadPoolExecutor-0_7] Successfully processed shape_id=68000420 | distance=9589.4m | confidence=[0.9858] | segments=1 | osm_nodes=483
[2026-07-31 10:23:14] [INFO] [Thread-ThreadPoolExecutor-0_7] Pre-matching filter removed 18 side-stub point(s) from shape_id=68000750
[2026-07-31 10:23:14] [INFO] [Thread-ThreadPoolExecutor-0_13] Successfully processed shape_id=67929265 | distance=15856.7m | confidence=[0.9787] | segments=1 | osm_nodes=850
[2026-07-31 10:23:14] [INFO] [Thread-ThreadPoolExecutor-0_13] Pre-matching filter removed 44 side-stub point(s) from shape_id=68000751
[2026-07-31 10:23:14] [INFO] [Thread-ThreadPoolExecutor-0_15] Successfully processed shape_id=67929286 | distance=11631.1m | confidence=[0.9816] | segments=1 | osm_nodes=605
[2026-07-31 10:23:14] [INFO] [Thread-ThreadPoolExecutor-0_7] Successfully processed shape_id=68000750 | distance=4873.7m | confidence=[0.9783] | segments=1 | osm_nodes=816
[2026-07-31 10:23:14] [INFO] [Thread-ThreadPoolExecutor-0_11] Pre-matching filter removed 66 side-stub point(s) from shape_id=68000711
[2026-07-31 10:23:14] [INFO] [Thread-ThreadPoolExecutor-0_13] Successfully processed shape_id=68000751 | distance=4863.4m | confidence=[0.9832] | segments=1 | osm_nodes=933
[2026-07-31 10:23:14] [INFO] [Thread-ThreadPoolExecutor-0_11] Successfully processed shape_id=68000711 | distance=10846.0m | confidence=[0.9813] | segments=1 | osm_nodes=518
[2026-07-31 10:23:14] [INFO] [Thread-ThreadPoolExecutor-0_5] Pre-matching filter removed 105 side-stub point(s) from shape_id=68000246
[2026-07-31 10:23:14] [INFO] [Thread-ThreadPoolExecutor-0_9] Pre-matching filter removed 115 side-stub point(s) from shape_id=68000096
[2026-07-31 10:23:14] [INFO] [Thread-ThreadPoolExecutor-0_9] Successfully processed shape_id=68000096 | distance=12872.2m | confidence=[0.9834] | segments=1 | osm_nodes=656
[2026-07-31 10:23:15] [INFO] [Thread-ThreadPoolExecutor-0_5] Successfully processed shape_id=68000246 | distance=18114.1m | confidence=[0.9674] | segments=1 | osm_nodes=1041
[2026-07-31 10:23:15] [INFO] [Thread-ThreadPoolExecutor-0_5] Pre-matching filter removed 54 side-stub point(s) from shape_id=68000839
[2026-07-31 10:23:15] [INFO] [Thread-ThreadPoolExecutor-0_10] Pre-matching filter removed 106 side-stub point(s) from shape_id=68000701
[2026-07-31 10:23:15] [INFO] [Thread-ThreadPoolExecutor-0_0] Pre-matching filter removed 98 side-stub point(s) from shape_id=68000703
[2026-07-31 10:23:15] [INFO] [Thread-ThreadPoolExecutor-0_10] Successfully processed shape_id=68000701 | distance=11691.3m | confidence=[0.9841] | segments=1 | osm_nodes=521
[2026-07-31 10:23:15] [INFO] [Thread-ThreadPoolExecutor-0_1] Pre-matching filter removed 86 side-stub point(s) from shape_id=68000712
[2026-07-31 10:23:15] [INFO] [Thread-ThreadPoolExecutor-0_0] Successfully processed shape_id=68000703 | distance=11723.9m | confidence=[0.9851] | segments=1 | osm_nodes=534
[2026-07-31 10:23:15] [INFO] [Thread-ThreadPoolExecutor-0_5] Successfully processed shape_id=68000839 | distance=5815.7m | confidence=[0.9816] | segments=1 | osm_nodes=1105
[2026-07-31 10:23:15] [INFO] [Thread-ThreadPoolExecutor-0_1] Successfully processed shape_id=68000712 | distance=12163.2m | confidence=[0.9749] | segments=1 | osm_nodes=577
[2026-07-31 10:23:15] [INFO] [Thread-ThreadPoolExecutor-0_5] Pre-matching filter removed 11 side-stub point(s) from shape_id=68000896
[2026-07-31 10:23:15] [INFO] [Thread-ThreadPoolExecutor-0_2] Pre-matching filter removed 140 side-stub point(s) from shape_id=68000095
[2026-07-31 10:23:15] [INFO] [Thread-ThreadPoolExecutor-0_8] Pre-matching filter removed 50 side-stub point(s) from shape_id=68000749
[2026-07-31 10:23:15] [INFO] [Thread-ThreadPoolExecutor-0_3] Pre-matching filter removed 80 side-stub point(s) from shape_id=68000717
[2026-07-31 10:23:15] [INFO] [Thread-ThreadPoolExecutor-0_8] Successfully processed shape_id=68000749 | distance=10594.9m | confidence=[0.9831] | segments=1 | osm_nodes=489
[2026-07-31 10:23:15] [INFO] [Thread-ThreadPoolExecutor-0_2] Successfully processed shape_id=68000095 | distance=14980.1m | confidence=[0.9819] | segments=1 | osm_nodes=764
[2026-07-31 10:23:15] [INFO] [Thread-ThreadPoolExecutor-0_2] Pre-matching filter removed 57 side-stub point(s) from shape_id=68000904
[2026-07-31 10:23:15] [INFO] [Thread-ThreadPoolExecutor-0_3] Successfully processed shape_id=68000717 | distance=10618.8m | confidence=[0.9859] | segments=1 | osm_nodes=483
[2026-07-31 10:23:15] [INFO] [Thread-ThreadPoolExecutor-0_5] Successfully processed shape_id=68000896 | distance=5851.0m | confidence=[0.9746] | segments=1 | osm_nodes=839
[2026-07-31 10:23:15] [INFO] [Thread-ThreadPoolExecutor-0_5] Pre-matching filter removed 36 side-stub point(s) from shape_id=68000940
[2026-07-31 10:23:16] [INFO] [Thread-ThreadPoolExecutor-0_5] Successfully processed shape_id=68000940 | distance=3167.5m | confidence=[0.9718] | segments=1 | osm_nodes=614
[2026-07-31 10:23:16] [INFO] [Thread-ThreadPoolExecutor-0_5] Pre-matching filter removed 28 side-stub point(s) from shape_id=68000941
[2026-07-31 10:23:16] [INFO] [Thread-ThreadPoolExecutor-0_15] Pre-matching filter removed 65 side-stub point(s) from shape_id=68000752
[2026-07-31 10:23:16] [INFO] [Thread-ThreadPoolExecutor-0_8] Pre-matching filter removed 15 side-stub point(s) from shape_id=68000903
[2026-07-31 10:23:16] [INFO] [Thread-ThreadPoolExecutor-0_5] Successfully processed shape_id=68000941 | distance=3184.6m | confidence=[0.9849] | segments=1 | osm_nodes=597
[2026-07-31 10:23:16] [INFO] [Thread-ThreadPoolExecutor-0_14] Pre-matching filter removed 88 side-stub point(s) from shape_id=68000729
[2026-07-31 10:23:16] [INFO] [Thread-ThreadPoolExecutor-0_15] Successfully processed shape_id=68000752 | distance=10778.0m | confidence=[0.9761] | segments=1 | osm_nodes=502
[2026-07-31 10:23:16] [INFO] [Thread-ThreadPoolExecutor-0_15] Pre-matching filter removed 5 side-stub point(s) from shape_id=68000949
[2026-07-31 10:23:16] [INFO] [Thread-ThreadPoolExecutor-0_8] Successfully processed shape_id=68000903 | distance=10287.6m | confidence=[0.9846] | segments=1 | osm_nodes=404
[2026-07-31 10:23:16] [INFO] [Thread-ThreadPoolExecutor-0_2] Successfully processed shape_id=68000904 | distance=5581.9m | confidence=[0.9831] | segments=1 | osm_nodes=1031
[2026-07-31 10:23:16] [INFO] [Thread-ThreadPoolExecutor-0_14] Successfully processed shape_id=68000729 | distance=8617.4m | confidence=[0.9834] | segments=1 | osm_nodes=408
[2026-07-31 10:23:16] [INFO] [Thread-ThreadPoolExecutor-0_12] Pre-matching filter removed 84 side-stub point(s) from shape_id=68000731
[2026-07-31 10:23:16] [INFO] [Thread-ThreadPoolExecutor-0_12] Successfully processed shape_id=68000731 | distance=8579.9m | confidence=[0.9856] | segments=1 | osm_nodes=407
[2026-07-31 10:23:16] [INFO] [Thread-ThreadPoolExecutor-0_15] Successfully processed shape_id=68000949 | distance=4178.1m | confidence=[0.981] | segments=1 | osm_nodes=681
[2026-07-31 10:23:16] [INFO] [Thread-ThreadPoolExecutor-0_12] Pre-matching filter removed 20 side-stub point(s) from shape_id=68000956
[2026-07-31 10:23:16] [INFO] [Thread-ThreadPoolExecutor-0_3] Pre-matching filter removed 68 side-stub point(s) from shape_id=68000905
[2026-07-31 10:23:16] [INFO] [Thread-ThreadPoolExecutor-0_12] Successfully processed shape_id=68000956 | distance=4380.4m | confidence=[0.3339] | segments=1 | osm_nodes=714
[2026-07-31 10:23:17] [INFO] [Thread-ThreadPoolExecutor-0_0] Pre-matching filter removed 45 side-stub point(s) from shape_id=68000894
[2026-07-31 10:23:17] [INFO] [Thread-ThreadPoolExecutor-0_0] Successfully processed shape_id=68000894 | distance=13732.8m | confidence=[0.98] | segments=1 | osm_nodes=566
[2026-07-31 10:23:17] [INFO] [Thread-ThreadPoolExecutor-0_13] Pre-matching filter removed 82 side-stub point(s) from shape_id=68000755
[2026-07-31 10:23:17] [INFO] [Thread-ThreadPoolExecutor-0_13] Successfully processed shape_id=68000755 | distance=8622.7m | confidence=[0.9839] | segments=1 | osm_nodes=425
[2026-07-31 10:23:17] [INFO] [Thread-ThreadPoolExecutor-0_1] Pre-matching filter removed 55 side-stub point(s) from shape_id=68000899
[2026-07-31 10:23:17] [INFO] [Thread-ThreadPoolExecutor-0_7] Pre-matching filter removed 91 side-stub point(s) from shape_id=68000754
[2026-07-31 10:23:17] [INFO] [Thread-ThreadPoolExecutor-0_3] Successfully processed shape_id=68000905 | distance=6346.4m | confidence=[0.9787] | segments=1 | osm_nodes=1186
[2026-07-31 10:23:17] [INFO] [Thread-ThreadPoolExecutor-0_1] Successfully processed shape_id=68000899 | distance=16135.3m | confidence=[0.9804] | segments=1 | osm_nodes=655
[2026-07-31 10:23:17] [INFO] [Thread-ThreadPoolExecutor-0_7] Successfully processed shape_id=68000754 | distance=10477.9m | confidence=[0.9832] | segments=1 | osm_nodes=525
[2026-07-31 10:23:17] [INFO] [Thread-ThreadPoolExecutor-0_9] Pre-matching filter removed 82 side-stub point(s) from shape_id=68000758
[2026-07-31 10:23:17] [INFO] [Thread-ThreadPoolExecutor-0_9] Successfully processed shape_id=68000758 | distance=8743.2m | confidence=[0.9838] | segments=1 | osm_nodes=440
[2026-07-31 10:23:18] [INFO] [Thread-ThreadPoolExecutor-0_11] Pre-matching filter removed 95 side-stub point(s) from shape_id=68000757
[2026-07-31 10:23:18] [INFO] [Thread-ThreadPoolExecutor-0_6] Pre-matching filter removed 185 side-stub point(s) from shape_id=68000582
[2026-07-31 10:23:18] [INFO] [Thread-ThreadPoolExecutor-0_11] Successfully processed shape_id=68000757 | distance=10444.1m | confidence=[0.9841] | segments=1 | osm_nodes=528
[2026-07-31 10:23:18] [INFO] [Thread-ThreadPoolExecutor-0_14] Pre-matching filter removed 60 side-stub point(s) from shape_id=68000954
[2026-07-31 10:23:18] [INFO] [Thread-ThreadPoolExecutor-0_9] Pre-matching filter removed 58 side-stub point(s) from shape_id=68001111
[2026-07-31 10:23:18] [INFO] [Thread-ThreadPoolExecutor-0_2] Pre-matching filter removed 54 side-stub point(s) from shape_id=68000953
[2026-07-31 10:23:18] [INFO] [Thread-ThreadPoolExecutor-0_8] Pre-matching filter removed 57 side-stub point(s) from shape_id=68000951
[2026-07-31 10:23:18] [INFO] [Thread-ThreadPoolExecutor-0_6] Successfully processed shape_id=68000582 | distance=30299.5m | confidence=[0.9844] | segments=1 | osm_nodes=1379
[2026-07-31 10:23:18] [INFO] [Thread-ThreadPoolExecutor-0_14] Successfully processed shape_id=68000954 | distance=12503.4m | confidence=[0.9824] | segments=1 | osm_nodes=640
[2026-07-31 10:23:18] [INFO] [Thread-ThreadPoolExecutor-0_14] Pre-matching filter removed 13 side-stub point(s) from shape_id=68001144
[2026-07-31 10:23:18] [INFO] [Thread-ThreadPoolExecutor-0_4] Pre-matching filter removed 197 side-stub point(s) from shape_id=68000593
[2026-07-31 10:23:18] [INFO] [Thread-ThreadPoolExecutor-0_8] Successfully processed shape_id=68000951 | distance=8703.3m | confidence=[0.9841] | segments=1 | osm_nodes=467
[2026-07-31 10:23:18] [INFO] [Thread-ThreadPoolExecutor-0_8] Pre-matching filter removed 9 side-stub point(s) from shape_id=68001145
[2026-07-31 10:23:18] [INFO] [Thread-ThreadPoolExecutor-0_2] Successfully processed shape_id=68000953 | distance=8359.6m | confidence=[0.9802] | segments=1 | osm_nodes=438
[2026-07-31 10:23:18] [INFO] [Thread-ThreadPoolExecutor-0_9] Successfully processed shape_id=68001111 | distance=5817.2m | confidence=[0.9779] | segments=1 | osm_nodes=1092
[2026-07-31 10:23:18] [INFO] [Thread-ThreadPoolExecutor-0_9] Pre-matching filter removed 24 side-stub point(s) from shape_id=68001166
[2026-07-31 10:23:18] [INFO] [Thread-ThreadPoolExecutor-0_5] Pre-matching filter removed 66 side-stub point(s) from shape_id=68000947
[2026-07-31 10:23:18] [INFO] [Thread-ThreadPoolExecutor-0_10] Pre-matching filter removed 95 side-stub point(s) from shape_id=68000890
[2026-07-31 10:23:18] [INFO] [Thread-ThreadPoolExecutor-0_8] Successfully processed shape_id=68001145 | distance=2571.0m | confidence=[0.9857] | segments=1 | osm_nodes=428
[2026-07-31 10:23:18] [INFO] [Thread-ThreadPoolExecutor-0_8] Pre-matching filter removed 22 side-stub point(s) from shape_id=68001168
[2026-07-31 10:23:18] [INFO] [Thread-ThreadPoolExecutor-0_14] Successfully processed shape_id=68001144 | distance=2783.1m | confidence=[0.3546] | segments=1 | osm_nodes=465
[2026-07-31 10:23:18] [INFO] [Thread-ThreadPoolExecutor-0_9] Successfully processed shape_id=68001166 | distance=2652.6m | confidence=[0.8539] | segments=1 | osm_nodes=457
[2026-07-31 10:23:18] [INFO] [Thread-ThreadPoolExecutor-0_5] Successfully processed shape_id=68000947 | distance=12911.6m | confidence=[0.9835] | segments=1 | osm_nodes=661
[2026-07-31 10:23:18] [INFO] [Thread-ThreadPoolExecutor-0_5] Pre-matching filter removed 5 side-stub point(s) from shape_id=68001184
[2026-07-31 10:23:18] [INFO] [Thread-ThreadPoolExecutor-0_4] Successfully processed shape_id=68000593 | distance=31585.9m | confidence=[0.9824] | segments=1 | osm_nodes=1471
[2026-07-31 10:23:18] [INFO] [Thread-ThreadPoolExecutor-0_4] Pre-matching filter removed 4 side-stub point(s) from shape_id=68001187
[2026-07-31 10:23:18] [INFO] [Thread-ThreadPoolExecutor-0_5] Successfully processed shape_id=68001184 | distance=1175.7m | confidence=[0.7669] | segments=1 | osm_nodes=192
[2026-07-31 10:23:18] [INFO] [Thread-ThreadPoolExecutor-0_4] Successfully processed shape_id=68001187 | distance=1170.2m | confidence=[0.973] | segments=1 | osm_nodes=220
[2026-07-31 10:23:18] [INFO] [Thread-ThreadPoolExecutor-0_8] Successfully processed shape_id=68001168 | distance=2701.9m | confidence=[0.9525] | segments=1 | osm_nodes=499
[2026-07-31 10:23:18] [INFO] [Thread-ThreadPoolExecutor-0_10] Successfully processed shape_id=68000890 | distance=21802.9m | confidence=[0.9466] | segments=1 | osm_nodes=1147
[2026-07-31 10:23:19] [INFO] [Thread-ThreadPoolExecutor-0_15] Pre-matching filter removed 77 side-stub point(s) from shape_id=68000957
[2026-07-31 10:23:19] [INFO] [Thread-ThreadPoolExecutor-0_12] Pre-matching filter removed 71 side-stub point(s) from shape_id=68000959
[2026-07-31 10:23:19] [INFO] [Thread-ThreadPoolExecutor-0_15] Successfully processed shape_id=68000957 | distance=12729.4m | confidence=[0.9828] | segments=1 | osm_nodes=663
[2026-07-31 10:23:19] [INFO] [Thread-ThreadPoolExecutor-0_12] Successfully processed shape_id=68000959 | distance=12341.6m | confidence=[0.9817] | segments=1 | osm_nodes=643
[2026-07-31 10:23:19] [INFO] [Thread-ThreadPoolExecutor-0_7] Pre-matching filter removed 66 side-stub point(s) from shape_id=68001110
[2026-07-31 10:23:19] [INFO] [Thread-ThreadPoolExecutor-0_7] Successfully processed shape_id=68001110 | distance=6231.5m | confidence=[0.9859] | segments=1 | osm_nodes=267
[2026-07-31 10:23:19] [INFO] [Thread-ThreadPoolExecutor-0_1] Pre-matching filter removed 79 side-stub point(s) from shape_id=68001054
[2026-07-31 10:23:19] [INFO] [Thread-ThreadPoolExecutor-0_1] Successfully processed shape_id=68001054 | distance=17451.1m | confidence=[0.9792] | segments=1 | osm_nodes=920
[2026-07-31 10:23:20] [INFO] [Thread-ThreadPoolExecutor-0_2] Pre-matching filter removed 59 side-stub point(s) from shape_id=68001151
[2026-07-31 10:23:20] [INFO] [Thread-ThreadPoolExecutor-0_15] Pre-matching filter removed 36 side-stub point(s) from shape_id=68001275
[2026-07-31 10:23:20] [INFO] [Thread-ThreadPoolExecutor-0_10] Pre-matching filter removed 50 side-stub point(s) from shape_id=68001274
[2026-07-31 10:23:20] [INFO] [Thread-ThreadPoolExecutor-0_2] Successfully processed shape_id=68001151 | distance=18690.8m | confidence=[0.9829] | segments=1 | osm_nodes=1061
[2026-07-31 10:23:20] [INFO] [Thread-ThreadPoolExecutor-0_15] Successfully processed shape_id=68001275 | distance=17695.7m | confidence=[0.9505] | segments=1 | osm_nodes=892
[2026-07-31 10:23:20] [INFO] [Thread-ThreadPoolExecutor-0_15] Pre-matching filter removed 43 side-stub point(s) from shape_id=68001295
[2026-07-31 10:23:20] [INFO] [Thread-ThreadPoolExecutor-0_10] Successfully processed shape_id=68001274 | distance=16678.2m | confidence=[0.9829] | segments=1 | osm_nodes=818
[2026-07-31 10:23:20] [INFO] [Thread-ThreadPoolExecutor-0_12] Pre-matching filter removed 55 side-stub point(s) from shape_id=68001277
[2026-07-31 10:23:20] [INFO] [Thread-ThreadPoolExecutor-0_15] Successfully processed shape_id=68001295 | distance=4259.0m | confidence=[0.9792] | segments=1 | osm_nodes=800
[2026-07-31 10:23:20] [INFO] [Thread-ThreadPoolExecutor-0_15] Pre-matching filter removed 40 side-stub point(s) from shape_id=68001299
[2026-07-31 10:23:21] [INFO] [Thread-ThreadPoolExecutor-0_0] Pre-matching filter removed 127 side-stub point(s) from shape_id=68001031
[2026-07-31 10:23:21] [INFO] [Thread-ThreadPoolExecutor-0_15] Successfully processed shape_id=68001299 | distance=4223.0m | confidence=[0.8314] | segments=1 | osm_nodes=762
[2026-07-31 10:23:21] [INFO] [Thread-ThreadPoolExecutor-0_0] Successfully processed shape_id=68001031 | distance=13104.3m | confidence=[0.9804] | segments=1 | osm_nodes=609
[2026-07-31 10:23:21] [INFO] [Thread-ThreadPoolExecutor-0_12] Successfully processed shape_id=68001277 | distance=14235.6m | confidence=[0.9665] | segments=1 | osm_nodes=751
[2026-07-31 10:23:21] [INFO] [Thread-ThreadPoolExecutor-0_12] Pre-matching filter removed 57 side-stub point(s) from shape_id=68001328
[2026-07-31 10:23:21] [INFO] [Thread-ThreadPoolExecutor-0_7] Pre-matching filter removed 59 side-stub point(s) from shape_id=68001286
[2026-07-31 10:23:21] [INFO] [Thread-ThreadPoolExecutor-0_12] Successfully processed shape_id=68001328 | distance=5911.2m | confidence=[0.9789] | segments=1 | osm_nodes=1108
[2026-07-31 10:23:21] [INFO] [Thread-ThreadPoolExecutor-0_7] Successfully processed shape_id=68001286 | distance=14154.0m | confidence=[0.9783] | segments=1 | osm_nodes=734
[2026-07-31 10:23:22] [INFO] [Thread-ThreadPoolExecutor-0_0] Pre-matching filter removed 69 side-stub point(s) from shape_id=68001326
[2026-07-31 10:23:22] [INFO] [Thread-ThreadPoolExecutor-0_4] Pre-matching filter removed 106 side-stub point(s) from shape_id=68001231
[2026-07-31 10:23:22] [INFO] [Thread-ThreadPoolExecutor-0_4] Successfully processed shape_id=68001231 | distance=10919.7m | confidence=[0.9841] | segments=1 | osm_nodes=465
[2026-07-31 10:23:22] [INFO] [Thread-ThreadPoolExecutor-0_12] Pre-matching filter removed 58 side-stub point(s) from shape_id=68001333
[2026-07-31 10:23:22] [INFO] [Thread-ThreadPoolExecutor-0_8] Pre-matching filter removed 109 side-stub point(s) from shape_id=68001234
[2026-07-31 10:23:22] [INFO] [Thread-ThreadPoolExecutor-0_8] Successfully processed shape_id=68001234 | distance=10997.8m | confidence=[0.9805] | segments=1 | osm_nodes=483
[2026-07-31 10:23:22] [INFO] [Thread-ThreadPoolExecutor-0_0] Successfully processed shape_id=68001326 | distance=6401.6m | confidence=[0.9713] | segments=1 | osm_nodes=1160
[2026-07-31 10:23:22] [INFO] [Thread-ThreadPoolExecutor-0_11] Pre-matching filter removed 143 side-stub point(s) from shape_id=68001116
[2026-07-31 10:23:22] [INFO] [Thread-ThreadPoolExecutor-0_6] Pre-matching filter removed 145 side-stub point(s) from shape_id=68001117
[2026-07-31 10:23:22] [INFO] [Thread-ThreadPoolExecutor-0_12] Successfully processed shape_id=68001333 | distance=6242.3m | confidence=[0.982] | segments=1 | osm_nodes=1140
[2026-07-31 10:23:22] [INFO] [Thread-ThreadPoolExecutor-0_1] Pre-matching filter removed 78 side-stub point(s) from shape_id=68001291
[2026-07-31 10:23:23] [INFO] [Thread-ThreadPoolExecutor-0_11] Successfully processed shape_id=68001116 | distance=13592.4m | confidence=[0.9789] | segments=1 | osm_nodes=622
[2026-07-31 10:23:23] [INFO] [Thread-ThreadPoolExecutor-0_1] Successfully processed shape_id=68001291 | distance=7555.0m | confidence=[0.9824] | segments=1 | osm_nodes=368
[2026-07-31 10:23:23] [INFO] [Thread-ThreadPoolExecutor-0_6] Successfully processed shape_id=68001117 | distance=14648.1m | confidence=[0.9773] | segments=1 | osm_nodes=699
[2026-07-31 10:23:23] [INFO] [Thread-ThreadPoolExecutor-0_7] Pre-matching filter removed 56 side-stub point(s) from shape_id=68001334
[2026-07-31 10:23:23] [INFO] [Thread-ThreadPoolExecutor-0_10] Pre-matching filter removed 72 side-stub point(s) from shape_id=68001298
[2026-07-31 10:23:23] [INFO] [Thread-ThreadPoolExecutor-0_10] Successfully processed shape_id=68001298 | distance=7174.0m | confidence=[0.9817] | segments=1 | osm_nodes=330
[2026-07-31 10:23:23] [INFO] [Thread-ThreadPoolExecutor-0_7] Successfully processed shape_id=68001334 | distance=6656.4m | confidence=[0.9858] | segments=1 | osm_nodes=1196
[2026-07-31 10:23:23] [INFO] [Thread-ThreadPoolExecutor-0_7] Pre-matching filter removed 35 side-stub point(s) from shape_id=68001449
[2026-07-31 10:23:24] [INFO] [Thread-ThreadPoolExecutor-0_7] Successfully processed shape_id=68001449 | distance=3258.6m | confidence=[0.9654] | segments=1 | osm_nodes=617
[2026-07-31 10:23:24] [INFO] [Thread-ThreadPoolExecutor-0_7] Pre-matching filter removed 34 side-stub point(s) from shape_id=68001457
[2026-07-31 10:23:24] [INFO] [Thread-ThreadPoolExecutor-0_9] Pre-matching filter removed 158 side-stub point(s) from shape_id=68001180
[2026-07-31 10:23:24] [INFO] [Thread-ThreadPoolExecutor-0_13] Pre-matching filter removed 190 side-stub point(s) from shape_id=68001039
[2026-07-31 10:23:24] [INFO] [Thread-ThreadPoolExecutor-0_9] Successfully processed shape_id=68001180 | distance=25476.4m | confidence=[0.9817] | segments=1 | osm_nodes=1414
[2026-07-31 10:23:24] [INFO] [Thread-ThreadPoolExecutor-0_3] Pre-matching filter removed 194 side-stub point(s) from shape_id=68001042
[2026-07-31 10:23:24] [INFO] [Thread-ThreadPoolExecutor-0_9] Pre-matching filter removed 50 side-stub point(s) from shape_id=68001463
[2026-07-31 10:23:24] [INFO] [Thread-ThreadPoolExecutor-0_7] Successfully processed shape_id=68001457 | distance=3289.4m | confidence=[0.9771] | segments=1 | osm_nodes=636
[2026-07-31 10:23:24] [INFO] [Thread-ThreadPoolExecutor-0_13] Successfully processed shape_id=68001039 | distance=20424.4m | confidence=[0.9813] | segments=1 | osm_nodes=856
[2026-07-31 10:23:24] [INFO] [Thread-ThreadPoolExecutor-0_3] Successfully processed shape_id=68001042 | distance=21000.3m | confidence=[0.9838] | segments=1 | osm_nodes=900
[2026-07-31 10:23:24] [INFO] [Thread-ThreadPoolExecutor-0_3] Pre-matching filter removed 39 side-stub point(s) from shape_id=68001499
[2026-07-31 10:23:24] [INFO] [Thread-ThreadPoolExecutor-0_9] Successfully processed shape_id=68001463 | distance=4794.8m | confidence=[0.9769] | segments=1 | osm_nodes=917
[2026-07-31 10:23:24] [INFO] [Thread-ThreadPoolExecutor-0_9] Pre-matching filter removed 40 side-stub point(s) from shape_id=68001500
[2026-07-31 10:23:24] [INFO] [Thread-ThreadPoolExecutor-0_14] Pre-matching filter removed 169 side-stub point(s) from shape_id=68001178
[2026-07-31 10:23:24] [INFO] [Thread-ThreadPoolExecutor-0_2] Pre-matching filter removed 122 side-stub point(s) from shape_id=68001293
[2026-07-31 10:23:25] [INFO] [Thread-ThreadPoolExecutor-0_5] Pre-matching filter removed 168 side-stub point(s) from shape_id=68001192
[2026-07-31 10:23:25] [INFO] [Thread-ThreadPoolExecutor-0_3] Successfully processed shape_id=68001499 | distance=4118.5m | confidence=[0.9811] | segments=1 | osm_nodes=725
[2026-07-31 10:23:25] [INFO] [Thread-ThreadPoolExecutor-0_3] Pre-matching filter removed 43 side-stub point(s) from shape_id=68001512
[2026-07-31 10:23:25] [INFO] [Thread-ThreadPoolExecutor-0_9] Successfully processed shape_id=68001500 | distance=4038.1m | confidence=[0.9813] | segments=1 | osm_nodes=761
[2026-07-31 10:23:25] [INFO] [Thread-ThreadPoolExecutor-0_2] Successfully processed shape_id=68001293 | distance=11768.5m | confidence=[0.9829] | segments=1 | osm_nodes=549
[2026-07-31 10:23:25] [INFO] [Thread-ThreadPoolExecutor-0_14] Successfully processed shape_id=68001178 | distance=25619.0m | confidence=[0.9845] | segments=1 | osm_nodes=1409
[2026-07-31 10:23:25] [INFO] [Thread-ThreadPoolExecutor-0_2] Pre-matching filter removed 43 side-stub point(s) from shape_id=68001522
[2026-07-31 10:23:25] [INFO] [Thread-ThreadPoolExecutor-0_5] Successfully processed shape_id=68001192 | distance=18651.0m | confidence=[0.9817] | segments=1 | osm_nodes=1027
[2026-07-31 10:23:25] [INFO] [Thread-ThreadPoolExecutor-0_15] Pre-matching filter removed 113 side-stub point(s) from shape_id=68001300
[2026-07-31 10:23:25] [INFO] [Thread-ThreadPoolExecutor-0_15] Successfully processed shape_id=68001300 | distance=11212.8m | confidence=[0.9831] | segments=1 | osm_nodes=511
[2026-07-31 10:23:25] [INFO] [Thread-ThreadPoolExecutor-0_3] Successfully processed shape_id=68001512 | distance=4986.6m | confidence=[0.9798] | segments=1 | osm_nodes=910
[2026-07-31 10:23:26] [INFO] [Thread-ThreadPoolExecutor-0_2] Successfully processed shape_id=68001522 | distance=4914.2m | confidence=[0.9846] | segments=1 | osm_nodes=918
[2026-07-31 10:23:26] [INFO] [Thread-ThreadPoolExecutor-0_0] Pre-matching filter removed 105 side-stub point(s) from shape_id=68001344
[2026-07-31 10:23:26] [INFO] [Thread-ThreadPoolExecutor-0_0] Successfully processed shape_id=68001344 | distance=13809.6m | confidence=[0.9819] | segments=1 | osm_nodes=657
[2026-07-31 10:23:26] [INFO] [Thread-ThreadPoolExecutor-0_12] Pre-matching filter removed 114 side-stub point(s) from shape_id=68001345
[2026-07-31 10:23:27] [INFO] [Thread-ThreadPoolExecutor-0_12] Successfully processed shape_id=68001345 | distance=14878.1m | confidence=[0.9835] | segments=1 | osm_nodes=722
[2026-07-31 10:23:27] [INFO] [Thread-ThreadPoolExecutor-0_12] Pre-matching filter removed 42 side-stub point(s) from shape_id=68001604
[2026-07-31 10:23:27] [INFO] [Thread-ThreadPoolExecutor-0_4] Pre-matching filter removed 127 side-stub point(s) from shape_id=68001341
[2026-07-31 10:23:27] [INFO] [Thread-ThreadPoolExecutor-0_11] Pre-matching filter removed 119 side-stub point(s) from shape_id=68001347
[2026-07-31 10:23:27] [INFO] [Thread-ThreadPoolExecutor-0_8] Pre-matching filter removed 140 side-stub point(s) from shape_id=68001342
[2026-07-31 10:23:27] [INFO] [Thread-ThreadPoolExecutor-0_4] Successfully processed shape_id=68001341 | distance=14339.2m | confidence=[0.9856] | segments=1 | osm_nodes=702
[2026-07-31 10:23:27] [INFO] [Thread-ThreadPoolExecutor-0_11] Successfully processed shape_id=68001347 | distance=15725.4m | confidence=[0.9813] | segments=1 | osm_nodes=762
[2026-07-31 10:23:27] [INFO] [Thread-ThreadPoolExecutor-0_9] Pre-matching filter removed 79 side-stub point(s) from shape_id=68001514
[2026-07-31 10:23:27] [INFO] [Thread-ThreadPoolExecutor-0_9] Successfully processed shape_id=68001514 | distance=7871.1m | confidence=[0.9807] | segments=1 | osm_nodes=369
[2026-07-31 10:23:27] [INFO] [Thread-ThreadPoolExecutor-0_8] Successfully processed shape_id=68001342 | distance=15992.6m | confidence=[0.9854] | segments=1 | osm_nodes=784
[2026-07-31 10:23:27] [INFO] [Thread-ThreadPoolExecutor-0_8] Pre-matching filter removed 47 side-stub point(s) from shape_id=68001627
[2026-07-31 10:23:27] [INFO] [Thread-ThreadPoolExecutor-0_1] Pre-matching filter removed 127 side-stub point(s) from shape_id=68001348
[2026-07-31 10:23:27] [INFO] [Thread-ThreadPoolExecutor-0_12] Successfully processed shape_id=68001604 | distance=4648.5m | confidence=[0.9837] | segments=1 | osm_nodes=893
[2026-07-31 10:23:28] [INFO] [Thread-ThreadPoolExecutor-0_15] Pre-matching filter removed 66 side-stub point(s) from shape_id=68001597
[2026-07-31 10:23:28] [INFO] [Thread-ThreadPoolExecutor-0_1] Successfully processed shape_id=68001348 | distance=16919.9m | confidence=[0.9812] | segments=1 | osm_nodes=846
[2026-07-31 10:23:28] [INFO] [Thread-ThreadPoolExecutor-0_1] Pre-matching filter removed 65 side-stub point(s) from shape_id=68001654
[2026-07-31 10:23:28] [INFO] [Thread-ThreadPoolExecutor-0_15] Successfully processed shape_id=68001597 | distance=7251.9m | confidence=[0.9821] | segments=1 | osm_nodes=386
[2026-07-31 10:23:28] [INFO] [Thread-ThreadPoolExecutor-0_6] Pre-matching filter removed 140 side-stub point(s) from shape_id=68001350
[2026-07-31 10:23:28] [INFO] [Thread-ThreadPoolExecutor-0_1] Successfully processed shape_id=68001654 | distance=5864.4m | confidence=[0.9801] | segments=1 | osm_nodes=1057
[2026-07-31 10:23:28] [INFO] [Thread-ThreadPoolExecutor-0_1] Pre-matching filter removed 60 side-stub point(s) from shape_id=68001664
[2026-07-31 10:23:28] [INFO] [Thread-ThreadPoolExecutor-0_6] Successfully processed shape_id=68001350 | distance=15239.1m | confidence=[0.9846] | segments=1 | osm_nodes=784
[2026-07-31 10:23:28] [INFO] [Thread-ThreadPoolExecutor-0_8] Successfully processed shape_id=68001627 | distance=4910.4m | confidence=[0.9786] | segments=1 | osm_nodes=884
[2026-07-31 10:23:28] [INFO] [Thread-ThreadPoolExecutor-0_5] Pre-matching filter removed 105 side-stub point(s) from shape_id=68001526
[2026-07-31 10:23:28] [INFO] [Thread-ThreadPoolExecutor-0_7] Pre-matching filter removed 129 side-stub point(s) from shape_id=68001464
[2026-07-31 10:23:28] [INFO] [Thread-ThreadPoolExecutor-0_0] Pre-matching filter removed 64 side-stub point(s) from shape_id=68001603
[2026-07-31 10:23:28] [INFO] [Thread-ThreadPoolExecutor-0_5] Successfully processed shape_id=68001526 | distance=11254.3m | confidence=[0.9811] | segments=1 | osm_nodes=509
[2026-07-31 10:23:28] [INFO] [Thread-ThreadPoolExecutor-0_5] Pre-matching filter removed 26 side-stub point(s) from shape_id=68001706
[2026-07-31 10:23:28] [INFO] [Thread-ThreadPoolExecutor-0_1] Successfully processed shape_id=68001664 | distance=6225.4m | confidence=[0.6453] | segments=1 | osm_nodes=1051
[2026-07-31 10:23:28] [INFO] [Thread-ThreadPoolExecutor-0_7] Successfully processed shape_id=68001464 | distance=9831.8m | confidence=[0.9818] | segments=1 | osm_nodes=558
[2026-07-31 10:23:28] [INFO] [Thread-ThreadPoolExecutor-0_0] Successfully processed shape_id=68001603 | distance=7442.2m | confidence=[0.9833] | segments=1 | osm_nodes=406
[2026-07-31 10:23:28] [INFO] [Thread-ThreadPoolExecutor-0_7] Pre-matching filter removed 23 side-stub point(s) from shape_id=68001708
[2026-07-31 10:23:29] [INFO] [Thread-ThreadPoolExecutor-0_13] Pre-matching filter removed 130 side-stub point(s) from shape_id=68001465
[2026-07-31 10:23:29] [INFO] [Thread-ThreadPoolExecutor-0_13] Successfully processed shape_id=68001465 | distance=10340.2m | confidence=[0.9795] | segments=1 | osm_nodes=615
[2026-07-31 10:23:29] [INFO] [Thread-ThreadPoolExecutor-0_13] Pre-matching filter removed 12 side-stub point(s) from shape_id=68001728
[2026-07-31 10:23:29] [INFO] [Thread-ThreadPoolExecutor-0_14] Pre-matching filter removed 121 side-stub point(s) from shape_id=68001523
[2026-07-31 10:23:29] [INFO] [Thread-ThreadPoolExecutor-0_10] Pre-matching filter removed 153 side-stub point(s) from shape_id=68001351
[2026-07-31 10:23:29] [INFO] [Thread-ThreadPoolExecutor-0_14] Successfully processed shape_id=68001523 | distance=12750.5m | confidence=[0.9813] | segments=1 | osm_nodes=639
[2026-07-31 10:23:29] [INFO] [Thread-ThreadPoolExecutor-0_5] Successfully processed shape_id=68001706 | distance=3201.7m | confidence=[0.7981] | segments=1 | osm_nodes=645
[2026-07-31 10:23:29] [INFO] [Thread-ThreadPoolExecutor-0_3] Pre-matching filter removed 109 side-stub point(s) from shape_id=68001598
[2026-07-31 10:23:29] [INFO] [Thread-ThreadPoolExecutor-0_10] Successfully processed shape_id=68001351 | distance=16892.5m | confidence=[0.985] | segments=1 | osm_nodes=866
[2026-07-31 10:23:29] [INFO] [Thread-ThreadPoolExecutor-0_7] Successfully processed shape_id=68001708 | distance=3214.9m | confidence=[0.5447] | segments=1 | osm_nodes=618
[2026-07-31 10:23:29] [INFO] [Thread-ThreadPoolExecutor-0_3] Successfully processed shape_id=68001598 | distance=11901.5m | confidence=[0.9819] | segments=1 | osm_nodes=657
[2026-07-31 10:23:30] [INFO] [Thread-ThreadPoolExecutor-0_4] Pre-matching filter removed 95 side-stub point(s) from shape_id=68001611
[2026-07-31 10:23:30] [INFO] [Thread-ThreadPoolExecutor-0_4] Successfully processed shape_id=68001611 | distance=11383.9m | confidence=[0.9824] | segments=1 | osm_nodes=603
[2026-07-31 10:23:30] [INFO] [Thread-ThreadPoolExecutor-0_10] Pre-matching filter removed 43 side-stub point(s) from shape_id=68001938
[2026-07-31 10:23:30] [INFO] [Thread-ThreadPoolExecutor-0_13] Successfully processed shape_id=68001728 | distance=6733.0m | confidence=[0.9852] | segments=1 | osm_nodes=1125
[2026-07-31 10:23:30] [INFO] [Thread-ThreadPoolExecutor-0_8] Pre-matching filter removed 80 side-stub point(s) from shape_id=68001682
[2026-07-31 10:23:30] [INFO] [Thread-ThreadPoolExecutor-0_10] Successfully processed shape_id=68001938 | distance=10387.2m | confidence=[0.9798] | segments=1 | osm_nodes=458
[2026-07-31 10:23:30] [INFO] [Thread-ThreadPoolExecutor-0_10] Pre-matching filter removed 26 side-stub point(s) from shape_id=68002104
[2026-07-31 10:23:30] [INFO] [Thread-ThreadPoolExecutor-0_14] Pre-matching filter removed 60 side-stub point(s) from shape_id=68001748
[2026-07-31 10:23:30] [INFO] [Thread-ThreadPoolExecutor-0_8] Successfully processed shape_id=68001682 | distance=9284.0m | confidence=[0.9832] | segments=1 | osm_nodes=415
[2026-07-31 10:23:30] [INFO] [Thread-ThreadPoolExecutor-0_8] Pre-matching filter removed 24 side-stub point(s) from shape_id=68002105
[2026-07-31 10:23:30] [INFO] [Thread-ThreadPoolExecutor-0_14] Successfully processed shape_id=68001748 | distance=7429.4m | confidence=[0.9814] | segments=1 | osm_nodes=386
[2026-07-31 10:23:31] [INFO] [Thread-ThreadPoolExecutor-0_14] Pre-matching filter removed 48 side-stub point(s) from shape_id=68002106
[2026-07-31 10:23:31] [INFO] [Thread-ThreadPoolExecutor-0_12] Pre-matching filter removed 108 side-stub point(s) from shape_id=68001628
[2026-07-31 10:23:31] [INFO] [Thread-ThreadPoolExecutor-0_0] Pre-matching filter removed 75 side-stub point(s) from shape_id=68001718
[2026-07-31 10:23:31] [INFO] [Thread-ThreadPoolExecutor-0_1] Pre-matching filter removed 78 side-stub point(s) from shape_id=68001707
[2026-07-31 10:23:31] [INFO] [Thread-ThreadPoolExecutor-0_6] Pre-matching filter removed 90 side-stub point(s) from shape_id=68001681
[2026-07-31 10:23:31] [INFO] [Thread-ThreadPoolExecutor-0_5] Pre-matching filter removed 61 side-stub point(s) from shape_id=68001763
[2026-07-31 10:23:31] [INFO] [Thread-ThreadPoolExecutor-0_1] Successfully processed shape_id=68001707 | distance=8149.0m | confidence=[0.9821] | segments=1 | osm_nodes=323
[2026-07-31 10:23:31] [INFO] [Thread-ThreadPoolExecutor-0_0] Successfully processed shape_id=68001718 | distance=8358.5m | confidence=[0.9805] | segments=1 | osm_nodes=337
[2026-07-31 10:23:31] [INFO] [Thread-ThreadPoolExecutor-0_1] Pre-matching filter removed 48 side-stub point(s) from shape_id=68002107
[2026-07-31 10:23:31] [INFO] [Thread-ThreadPoolExecutor-0_6] Successfully processed shape_id=68001681 | distance=10099.4m | confidence=[0.9835] | segments=1 | osm_nodes=463
[2026-07-31 10:23:31] [INFO] [Thread-ThreadPoolExecutor-0_12] Successfully processed shape_id=68001628 | distance=11861.2m | confidence=[0.983] | segments=1 | osm_nodes=650
[2026-07-31 10:23:31] [INFO] [Thread-ThreadPoolExecutor-0_10] Successfully processed shape_id=68002104 | distance=6797.4m | confidence=[0.9818] | segments=1 | osm_nodes=1077
[2026-07-31 10:23:31] [INFO] [Thread-ThreadPoolExecutor-0_5] Successfully processed shape_id=68001763 | distance=7670.2m | confidence=[0.986] | segments=1 | osm_nodes=412
[2026-07-31 10:23:31] [INFO] [Thread-ThreadPoolExecutor-0_8] Successfully processed shape_id=68002105 | distance=6797.3m | confidence=[0.9802] | segments=1 | osm_nodes=1069
[2026-07-31 10:23:31] [INFO] [Thread-ThreadPoolExecutor-0_2] Pre-matching filter removed 168 side-stub point(s) from shape_id=68001599
[2026-07-31 10:23:31] [INFO] [Thread-ThreadPoolExecutor-0_14] Successfully processed shape_id=68002106 | distance=7227.9m | confidence=[0.0068] | segments=1 | osm_nodes=1086
[2026-07-31 10:23:31] [INFO] [Thread-ThreadPoolExecutor-0_14] Pre-matching filter removed 30 side-stub point(s) from shape_id=68002292
[2026-07-31 10:23:31] [INFO] [Thread-ThreadPoolExecutor-0_2] Successfully processed shape_id=68001599 | distance=18274.1m | confidence=[0.9847] | segments=1 | osm_nodes=932
[2026-07-31 10:23:31] [INFO] [Thread-ThreadPoolExecutor-0_1] Successfully processed shape_id=68002107 | distance=7227.9m | confidence=[0.0068] | segments=1 | osm_nodes=1086
[2026-07-31 10:23:31] [INFO] [Thread-ThreadPoolExecutor-0_14] Successfully processed shape_id=68002292 | distance=2685.9m | confidence=[0.9749] | segments=1 | osm_nodes=534
[2026-07-31 10:23:31] [INFO] [Thread-ThreadPoolExecutor-0_7] Pre-matching filter removed 80 side-stub point(s) from shape_id=68001970
[2026-07-31 10:23:32] [INFO] [Thread-ThreadPoolExecutor-0_14] Pre-matching filter removed 8 side-stub point(s) from shape_id=68002671
[2026-07-31 10:23:32] [INFO] [Thread-ThreadPoolExecutor-0_9] Pre-matching filter removed 153 side-stub point(s) from shape_id=68001618
[2026-07-31 10:23:32] [INFO] [Thread-ThreadPoolExecutor-0_11] Pre-matching filter removed 156 side-stub point(s) from shape_id=68001612
[2026-07-31 10:23:32] [INFO] [Thread-ThreadPoolExecutor-0_14] Successfully processed shape_id=68002671 | distance=13769.4m | confidence=[0.9833] | segments=1 | osm_nodes=590
[2026-07-31 10:23:32] [INFO] [Thread-ThreadPoolExecutor-0_4] Pre-matching filter removed 64 side-stub point(s) from shape_id=68002062
[2026-07-31 10:23:32] [INFO] [Thread-ThreadPoolExecutor-0_9] Successfully processed shape_id=68001618 | distance=14507.1m | confidence=[0.9854] | segments=1 | osm_nodes=771
[2026-07-31 10:23:32] [INFO] [Thread-ThreadPoolExecutor-0_7] Successfully processed shape_id=68001970 | distance=15866.8m | confidence=[0.9824] | segments=1 | osm_nodes=797
[2026-07-31 10:23:32] [INFO] [Thread-ThreadPoolExecutor-0_11] Successfully processed shape_id=68001612 | distance=18392.4m | confidence=[0.9828] | segments=1 | osm_nodes=978
[2026-07-31 10:23:32] [INFO] [Thread-ThreadPoolExecutor-0_7] Pre-matching filter removed 36 side-stub point(s) from shape_id=68002862
[2026-07-31 10:23:32] [INFO] [Thread-ThreadPoolExecutor-0_11] Pre-matching filter removed 37 side-stub point(s) from shape_id=68002863
[2026-07-31 10:23:32] [INFO] [Thread-ThreadPoolExecutor-0_4] Successfully processed shape_id=68002062 | distance=9755.9m | confidence=[0.9832] | segments=1 | osm_nodes=530
[2026-07-31 10:23:33] [INFO] [Thread-ThreadPoolExecutor-0_3] Pre-matching filter removed 120 side-stub point(s) from shape_id=68001971
[2026-07-31 10:23:33] [INFO] [Thread-ThreadPoolExecutor-0_11] Successfully processed shape_id=68002863 | distance=4783.8m | confidence=[0.9646] | segments=1 | osm_nodes=974
[2026-07-31 10:23:33] [INFO] [Thread-ThreadPoolExecutor-0_13] Pre-matching filter removed 84 side-stub point(s) from shape_id=68002063
[2026-07-31 10:23:33] [INFO] [Thread-ThreadPoolExecutor-0_2] Pre-matching filter removed 59 side-stub point(s) from shape_id=68002402
[2026-07-31 10:23:33] [INFO] [Thread-ThreadPoolExecutor-0_13] Successfully processed shape_id=68002063 | distance=13757.6m | confidence=[0.9805] | segments=1 | osm_nodes=717
[2026-07-31 10:23:33] [INFO] [Thread-ThreadPoolExecutor-0_7] Successfully processed shape_id=68002862 | distance=4345.5m | confidence=[0.9841] | segments=1 | osm_nodes=874
[2026-07-31 10:23:33] [INFO] [Thread-ThreadPoolExecutor-0_3] Successfully processed shape_id=68001971 | distance=15940.8m | confidence=[0.9851] | segments=1 | osm_nodes=787
[2026-07-31 10:23:33] [INFO] [Thread-ThreadPoolExecutor-0_2] Successfully processed shape_id=68002402 | distance=9858.1m | confidence=[0.9745] | segments=1 | osm_nodes=576
[2026-07-31 10:23:34] [INFO] [Thread-ThreadPoolExecutor-0_1] Pre-matching filter removed 85 side-stub point(s) from shape_id=68002404
[2026-07-31 10:23:34] [INFO] [Thread-ThreadPoolExecutor-0_15] Pre-matching filter removed 204 side-stub point(s) from shape_id=68001656
[2026-07-31 10:23:34] [INFO] [Thread-ThreadPoolExecutor-0_4] Pre-matching filter removed 66 side-stub point(s) from shape_id=68002922
[2026-07-31 10:23:34] [INFO] [Thread-ThreadPoolExecutor-0_1] Successfully processed shape_id=68002404 | distance=9869.0m | confidence=[0.9856] | segments=1 | osm_nodes=560
[2026-07-31 10:23:34] [INFO] [Thread-ThreadPoolExecutor-0_15] Successfully processed shape_id=68001656 | distance=19526.0m | confidence=[0.9837] | segments=1 | osm_nodes=861
[2026-07-31 10:23:34] [INFO] [Thread-ThreadPoolExecutor-0_14] Pre-matching filter removed 73 side-stub point(s) from shape_id=68002673
[2026-07-31 10:23:34] [INFO] [Thread-ThreadPoolExecutor-0_0] Pre-matching filter removed 115 side-stub point(s) from shape_id=68002156
[2026-07-31 10:23:34] [INFO] [Thread-ThreadPoolExecutor-0_5] Pre-matching filter removed 113 side-stub point(s) from shape_id=68002289
[2026-07-31 10:23:34] [INFO] [Thread-ThreadPoolExecutor-0_14] Successfully processed shape_id=68002673 | distance=12321.8m | confidence=[0.8749] | segments=1 | osm_nodes=627
[2026-07-31 10:23:34] [INFO] [Thread-ThreadPoolExecutor-0_4] Successfully processed shape_id=68002922 | distance=10870.7m | confidence=[0.972] | segments=1 | osm_nodes=540
[2026-07-31 10:23:34] [INFO] [Thread-ThreadPoolExecutor-0_12] Pre-matching filter removed 120 side-stub point(s) from shape_id=68002169
[2026-07-31 10:23:34] [INFO] [Thread-ThreadPoolExecutor-0_5] Successfully processed shape_id=68002289 | distance=12546.9m | confidence=[0.9827] | segments=1 | osm_nodes=569
[2026-07-31 10:23:34] [INFO] [Thread-ThreadPoolExecutor-0_6] Pre-matching filter removed 115 side-stub point(s) from shape_id=68002162
[2026-07-31 10:23:34] [INFO] [Thread-ThreadPoolExecutor-0_0] Successfully processed shape_id=68002156 | distance=12451.4m | confidence=[0.9841] | segments=1 | osm_nodes=626
[2026-07-31 10:23:34] [INFO] [Thread-ThreadPoolExecutor-0_10] Pre-matching filter removed 127 side-stub point(s) from shape_id=68002170
[2026-07-31 10:23:34] [INFO] [Thread-ThreadPoolExecutor-0_12] Successfully processed shape_id=68002169 | distance=12912.8m | confidence=[0.9853] | segments=1 | osm_nodes=664
[2026-07-31 10:23:35] [INFO] [Thread-ThreadPoolExecutor-0_10] Successfully processed shape_id=68002170 | distance=13339.0m | confidence=[0.9588] | segments=1 | osm_nodes=681
[2026-07-31 10:23:35] [INFO] [Thread-ThreadPoolExecutor-0_8] Pre-matching filter removed 124 side-stub point(s) from shape_id=68002291
[2026-07-31 10:23:35] [INFO] [Thread-ThreadPoolExecutor-0_6] Successfully processed shape_id=68002162 | distance=14832.8m | confidence=[0.9296] | segments=1 | osm_nodes=744
[2026-07-31 10:23:35] [INFO] [Thread-ThreadPoolExecutor-0_8] Successfully processed shape_id=68002291 | distance=12424.2m | confidence=[0.983] | segments=1 | osm_nodes=570
[2026-07-31 10:23:35] [INFO] [Thread-ThreadPoolExecutor-0_8] Pre-matching filter removed 54 side-stub point(s) from shape_id=68003411
[2026-07-31 10:23:35] [INFO] [Thread-ThreadPoolExecutor-0_3] Pre-matching filter removed 60 side-stub point(s) from shape_id=68003041
[2026-07-31 10:23:35] [INFO] [Thread-ThreadPoolExecutor-0_0] Pre-matching filter removed 28 side-stub point(s) from shape_id=68003213
[2026-07-31 10:23:35] [INFO] [Thread-ThreadPoolExecutor-0_9] Pre-matching filter removed 112 side-stub point(s) from shape_id=68002823
[2026-07-31 10:23:35] [INFO] [Thread-ThreadPoolExecutor-0_3] Successfully processed shape_id=68003041 | distance=17024.1m | confidence=[0.9818] | segments=1 | osm_nodes=762
[2026-07-31 10:23:35] [INFO] [Thread-ThreadPoolExecutor-0_3] Pre-matching filter removed 37 side-stub point(s) from shape_id=68003449
[2026-07-31 10:23:35] [INFO] [Thread-ThreadPoolExecutor-0_0] Successfully processed shape_id=68003213 | distance=7803.8m | confidence=[0.9834] | segments=1 | osm_nodes=368
[2026-07-31 10:23:35] [INFO] [Thread-ThreadPoolExecutor-0_0] Pre-matching filter removed 49 side-stub point(s) from shape_id=68003466
[2026-07-31 10:23:35] [INFO] [Thread-ThreadPoolExecutor-0_8] Successfully processed shape_id=68003411 | distance=5351.8m | confidence=[0.9751] | segments=1 | osm_nodes=1011
[2026-07-31 10:23:35] [INFO] [Thread-ThreadPoolExecutor-0_8] Pre-matching filter removed 53 side-stub point(s) from shape_id=68003467
[2026-07-31 10:23:35] [INFO] [Thread-ThreadPoolExecutor-0_9] Successfully processed shape_id=68002823 | distance=12327.8m | confidence=[0.983] | segments=1 | osm_nodes=632
[2026-07-31 10:23:36] [INFO] [Thread-ThreadPoolExecutor-0_3] Successfully processed shape_id=68003449 | distance=6229.3m | confidence=[0.9581] | segments=1 | osm_nodes=1123
[2026-07-31 10:23:36] [INFO] [Thread-ThreadPoolExecutor-0_3] Pre-matching filter removed 28 side-stub point(s) from shape_id=68003493
[2026-07-31 10:23:36] [INFO] [Thread-ThreadPoolExecutor-0_11] Pre-matching filter removed 109 side-stub point(s) from shape_id=68002944
[2026-07-31 10:23:36] [INFO] [Thread-ThreadPoolExecutor-0_11] Successfully processed shape_id=68002944 | distance=10980.3m | confidence=[0.9816] | segments=1 | osm_nodes=558
[2026-07-31 10:23:36] [INFO] [Thread-ThreadPoolExecutor-0_0] Successfully processed shape_id=68003466 | distance=5814.7m | confidence=[0.9779] | segments=1 | osm_nodes=1084
[2026-07-31 10:23:36] [INFO] [Thread-ThreadPoolExecutor-0_8] Successfully processed shape_id=68003467 | distance=6155.1m | confidence=[0.978] | segments=1 | osm_nodes=1147
[2026-07-31 10:23:36] [INFO] [Thread-ThreadPoolExecutor-0_3] Successfully processed shape_id=68003493 | distance=2648.9m | confidence=[0.9434] | segments=1 | osm_nodes=491
[2026-07-31 10:23:36] [INFO] [Thread-ThreadPoolExecutor-0_6] Pre-matching filter removed 59 side-stub point(s) from shape_id=68003258
[2026-07-31 10:23:36] [INFO] [Thread-ThreadPoolExecutor-0_9] Pre-matching filter removed 57 side-stub point(s) from shape_id=68003469
[2026-07-31 10:23:36] [INFO] [Thread-ThreadPoolExecutor-0_10] Pre-matching filter removed 62 side-stub point(s) from shape_id=68003215
[2026-07-31 10:23:36] [INFO] [Thread-ThreadPoolExecutor-0_3] Pre-matching filter removed 56 side-stub point(s) from shape_id=68003626
[2026-07-31 10:23:36] [INFO] [Thread-ThreadPoolExecutor-0_12] Pre-matching filter removed 62 side-stub point(s) from shape_id=68003214
[2026-07-31 10:23:36] [INFO] [Thread-ThreadPoolExecutor-0_6] Successfully processed shape_id=68003258 | distance=7572.1m | confidence=[0.9821] | segments=1 | osm_nodes=344
[2026-07-31 10:23:36] [INFO] [Thread-ThreadPoolExecutor-0_6] Pre-matching filter removed 27 side-stub point(s) from shape_id=68003634
[2026-07-31 10:23:37] [INFO] [Thread-ThreadPoolExecutor-0_2] Pre-matching filter removed 111 side-stub point(s) from shape_id=68003082
[2026-07-31 10:23:37] [INFO] [Thread-ThreadPoolExecutor-0_12] Successfully processed shape_id=68003214 | distance=7514.8m | confidence=[0.9843] | segments=1 | osm_nodes=288
[2026-07-31 10:23:37] [INFO] [Thread-ThreadPoolExecutor-0_12] Pre-matching filter removed 28 side-stub point(s) from shape_id=68003637
[2026-07-31 10:23:37] [INFO] [Thread-ThreadPoolExecutor-0_2] Successfully processed shape_id=68003082 | distance=10893.5m | confidence=[0.9825] | segments=1 | osm_nodes=528
[2026-07-31 10:23:37] [INFO] [Thread-ThreadPoolExecutor-0_2] Pre-matching filter removed 49 side-stub point(s) from shape_id=68003879
[2026-07-31 10:23:37] [INFO] [Thread-ThreadPoolExecutor-0_10] Successfully processed shape_id=68003215 | distance=7796.9m | confidence=[0.9859] | segments=1 | osm_nodes=334
[2026-07-31 10:23:37] [INFO] [Thread-ThreadPoolExecutor-0_10] Pre-matching filter removed 51 side-stub point(s) from shape_id=68003881
[2026-07-31 10:23:37] [INFO] [Thread-ThreadPoolExecutor-0_15] Pre-matching filter removed 92 side-stub point(s) from shape_id=68003086
[2026-07-31 10:23:37] [INFO] [Thread-ThreadPoolExecutor-0_6] Successfully processed shape_id=68003634 | distance=4280.5m | confidence=[0.9683] | segments=1 | osm_nodes=754
[2026-07-31 10:23:37] [INFO] [Thread-ThreadPoolExecutor-0_3] Successfully processed shape_id=68003626 | distance=5261.1m | confidence=[0.9821] | segments=1 | osm_nodes=1086
[2026-07-31 10:23:37] [INFO] [Thread-ThreadPoolExecutor-0_15] Successfully processed shape_id=68003086 | distance=9542.3m | confidence=[0.9805] | segments=1 | osm_nodes=445
[2026-07-31 10:23:37] [INFO] [Thread-ThreadPoolExecutor-0_12] Successfully processed shape_id=68003637 | distance=4454.2m | confidence=[0.9695] | segments=1 | osm_nodes=806
[2026-07-31 10:23:37] [INFO] [Thread-ThreadPoolExecutor-0_4] Pre-matching filter removed 99 side-stub point(s) from shape_id=68003189
[2026-07-31 10:23:37] [INFO] [Thread-ThreadPoolExecutor-0_9] Successfully processed shape_id=68003469 | distance=6331.4m | confidence=[0.9788] | segments=1 | osm_nodes=1230
[2026-07-31 10:23:37] [INFO] [Thread-ThreadPoolExecutor-0_5] Pre-matching filter removed 96 side-stub point(s) from shape_id=68003190
[2026-07-31 10:23:37] [INFO] [Thread-ThreadPoolExecutor-0_4] Successfully processed shape_id=68003189 | distance=10145.0m | confidence=[0.984] | segments=1 | osm_nodes=433
[2026-07-31 10:23:37] [INFO] [Thread-ThreadPoolExecutor-0_5] Successfully processed shape_id=68003190 | distance=9828.3m | confidence=[0.9837] | segments=1 | osm_nodes=391
[2026-07-31 10:23:37] [INFO] [Thread-ThreadPoolExecutor-0_7] Pre-matching filter removed 149 side-stub point(s) from shape_id=68002946
[2026-07-31 10:23:38] [INFO] [Thread-ThreadPoolExecutor-0_10] Successfully processed shape_id=68003881 | distance=5887.9m | confidence=[0.979] | segments=1 | osm_nodes=1143
[2026-07-31 10:23:38] [INFO] [Thread-ThreadPoolExecutor-0_2] Successfully processed shape_id=68003879 | distance=5750.2m | confidence=[0.9856] | segments=1 | osm_nodes=1109
[2026-07-31 10:23:38] [INFO] [Thread-ThreadPoolExecutor-0_13] Pre-matching filter removed 152 side-stub point(s) from shape_id=68002945
[2026-07-31 10:23:38] [INFO] [Thread-ThreadPoolExecutor-0_7] Successfully processed shape_id=68002946 | distance=14678.8m | confidence=[0.9841] | segments=1 | osm_nodes=659
[2026-07-31 10:23:38] [INFO] [Thread-ThreadPoolExecutor-0_13] Successfully processed shape_id=68002945 | distance=14851.3m | confidence=[0.9852] | segments=1 | osm_nodes=666
[2026-07-31 10:23:38] [INFO] [Thread-ThreadPoolExecutor-0_14] Pre-matching filter removed 145 side-stub point(s) from shape_id=68003090
[2026-07-31 10:23:38] [INFO] [Thread-ThreadPoolExecutor-0_14] Successfully processed shape_id=68003090 | distance=14540.3m | confidence=[0.9829] | segments=1 | osm_nodes=683
[2026-07-31 10:23:39] [INFO] [Thread-ThreadPoolExecutor-0_6] Pre-matching filter removed 61 side-stub point(s) from shape_id=68003910
[2026-07-31 10:23:39] [INFO] [Thread-ThreadPoolExecutor-0_3] Pre-matching filter removed 67 side-stub point(s) from shape_id=68003915
[2026-07-31 10:23:39] [INFO] [Thread-ThreadPoolExecutor-0_6] Successfully processed shape_id=68003910 | distance=15005.5m | confidence=[0.9791] | segments=1 | osm_nodes=694
[2026-07-31 10:23:39] [INFO] [Thread-ThreadPoolExecutor-0_6] Pre-matching filter removed 44 side-stub point(s) from shape_id=68004106
[2026-07-31 10:23:39] [INFO] [Thread-ThreadPoolExecutor-0_3] Successfully processed shape_id=68003915 | distance=9512.9m | confidence=[0.9699] | segments=1 | osm_nodes=462
[2026-07-31 10:23:39] [INFO] [Thread-ThreadPoolExecutor-0_3] Pre-matching filter removed 49 side-stub point(s) from shape_id=68004107
[2026-07-31 10:23:39] [INFO] [Thread-ThreadPoolExecutor-0_6] Successfully processed shape_id=68004106 | distance=4885.6m | confidence=[0.9418] | segments=1 | osm_nodes=946
[2026-07-31 10:23:39] [INFO] [Thread-ThreadPoolExecutor-0_6] Pre-matching filter removed 52 side-stub point(s) from shape_id=68004108
[2026-07-31 10:23:40] [INFO] [Thread-ThreadPoolExecutor-0_1] Pre-matching filter removed 170 side-stub point(s) from shape_id=68003084
[2026-07-31 10:23:40] [INFO] [Thread-ThreadPoolExecutor-0_3] Successfully processed shape_id=68004107 | distance=6055.7m | confidence=[0.9493] | segments=1 | osm_nodes=1164
[2026-07-31 10:23:40] [INFO] [Thread-ThreadPoolExecutor-0_1] Successfully processed shape_id=68003084 | distance=16808.3m | confidence=[0.982] | segments=1 | osm_nodes=784
[2026-07-31 10:23:40] [INFO] [Thread-ThreadPoolExecutor-0_5] Pre-matching filter removed 78 side-stub point(s) from shape_id=68003934
[2026-07-31 10:23:40] [INFO] [Thread-ThreadPoolExecutor-0_13] Pre-matching filter removed 60 side-stub point(s) from shape_id=68004095
[2026-07-31 10:23:40] [INFO] [Thread-ThreadPoolExecutor-0_5] Successfully processed shape_id=68003934 | distance=8414.9m | confidence=[0.9678] | segments=1 | osm_nodes=436
[2026-07-31 10:23:40] [INFO] [Thread-ThreadPoolExecutor-0_13] Successfully processed shape_id=68004095 | distance=9023.2m | confidence=[0.9844] | segments=1 | osm_nodes=469
[2026-07-31 10:23:40] [INFO] [Thread-ThreadPoolExecutor-0_6] Successfully processed shape_id=68004108 | distance=5963.4m | confidence=[0.9749] | segments=1 | osm_nodes=1100
[2026-07-31 10:23:40] [INFO] [Thread-ThreadPoolExecutor-0_9] Pre-matching filter removed 93 side-stub point(s) from shape_id=68003929
[2026-07-31 10:23:40] [INFO] [Thread-ThreadPoolExecutor-0_15] Pre-matching filter removed 103 side-stub point(s) from shape_id=68003916
[2026-07-31 10:23:40] [INFO] [Thread-ThreadPoolExecutor-0_9] Successfully processed shape_id=68003929 | distance=12107.3m | confidence=[0.9812] | segments=1 | osm_nodes=662
[2026-07-31 10:23:40] [INFO] [Thread-ThreadPoolExecutor-0_7] Pre-matching filter removed 75 side-stub point(s) from shape_id=68004080
[2026-07-31 10:23:40] [INFO] [Thread-ThreadPoolExecutor-0_15] Successfully processed shape_id=68003916 | distance=12707.7m | confidence=[0.9731] | segments=1 | osm_nodes=622
[2026-07-31 10:23:40] [INFO] [Thread-ThreadPoolExecutor-0_8] Pre-matching filter removed 135 side-stub point(s) from shape_id=68003527
[2026-07-31 10:23:40] [INFO] [Thread-ThreadPoolExecutor-0_12] Pre-matching filter removed 107 side-stub point(s) from shape_id=68003918
[2026-07-31 10:23:41] [INFO] [Thread-ThreadPoolExecutor-0_12] Successfully processed shape_id=68003918 | distance=11845.9m | confidence=[0.9743] | segments=1 | osm_nodes=561
[2026-07-31 10:23:41] [INFO] [Thread-ThreadPoolExecutor-0_10] Pre-matching filter removed 101 side-stub point(s) from shape_id=68003935
[2026-07-31 10:23:41] [INFO] [Thread-ThreadPoolExecutor-0_4] Pre-matching filter removed 105 side-stub point(s) from shape_id=68003932
[2026-07-31 10:23:41] [INFO] [Thread-ThreadPoolExecutor-0_14] Pre-matching filter removed 66 side-stub point(s) from shape_id=68004096
[2026-07-31 10:23:41] [INFO] [Thread-ThreadPoolExecutor-0_10] Successfully processed shape_id=68003935 | distance=14742.6m | confidence=[0.9811] | segments=1 | osm_nodes=814
[2026-07-31 10:23:41] [INFO] [Thread-ThreadPoolExecutor-0_7] Successfully processed shape_id=68004080 | distance=16722.8m | confidence=[0.9846] | segments=1 | osm_nodes=757
[2026-07-31 10:23:41] [INFO] [Thread-ThreadPoolExecutor-0_8] Successfully processed shape_id=68003527 | distance=14241.2m | confidence=[0.9845] | segments=1 | osm_nodes=656
[2026-07-31 10:23:41] [INFO] [Thread-ThreadPoolExecutor-0_3] Pre-matching filter removed 69 side-stub point(s) from shape_id=68004116
[2026-07-31 10:23:41] [INFO] [Thread-ThreadPoolExecutor-0_4] Successfully processed shape_id=68003932 | distance=17855.8m | confidence=[0.9698] | segments=1 | osm_nodes=1017
[2026-07-31 10:23:41] [INFO] [Thread-ThreadPoolExecutor-0_14] Successfully processed shape_id=68004096 | distance=13167.0m | confidence=[0.985] | segments=1 | osm_nodes=671
[2026-07-31 10:23:41] [INFO] [Thread-ThreadPoolExecutor-0_4] Pre-matching filter removed 9 side-stub point(s) from shape_id=68004335
[2026-07-31 10:23:41] [INFO] [Thread-ThreadPoolExecutor-0_2] Pre-matching filter removed 108 side-stub point(s) from shape_id=68003936
[2026-07-31 10:23:41] [INFO] [Thread-ThreadPoolExecutor-0_2] Successfully processed shape_id=68003936 | distance=17226.8m | confidence=[0.9803] | segments=1 | osm_nodes=967
[2026-07-31 10:23:41] [INFO] [Thread-ThreadPoolExecutor-0_11] Pre-matching filter removed 169 side-stub point(s) from shape_id=68003498
[2026-07-31 10:23:42] [INFO] [Thread-ThreadPoolExecutor-0_11] Successfully processed shape_id=68003498 | distance=18281.1m | confidence=[0.9849] | segments=1 | osm_nodes=926
[2026-07-31 10:23:42] [INFO] [Thread-ThreadPoolExecutor-0_0] Pre-matching filter removed 171 side-stub point(s) from shape_id=68003501
[2026-07-31 10:23:42] [INFO] [Thread-ThreadPoolExecutor-0_4] Successfully processed shape_id=68004335 | distance=5636.9m | confidence=[0.824] | segments=1 | osm_nodes=841
[2026-07-31 10:23:42] [INFO] [Thread-ThreadPoolExecutor-0_3] Successfully processed shape_id=68004116 | distance=6489.8m | confidence=[0.9796] | segments=1 | osm_nodes=1177
[2026-07-31 10:23:42] [INFO] [Thread-ThreadPoolExecutor-0_0] Successfully processed shape_id=68003501 | distance=18639.6m | confidence=[0.9824] | segments=1 | osm_nodes=980
[2026-07-31 10:23:42] [INFO] [Thread-ThreadPoolExecutor-0_6] Pre-matching filter removed 65 side-stub point(s) from shape_id=68004277
[2026-07-31 10:23:42] [INFO] [Thread-ThreadPoolExecutor-0_5] Pre-matching filter removed 70 side-stub point(s) from shape_id=68004275
[2026-07-31 10:23:42] [INFO] [Thread-ThreadPoolExecutor-0_13] Pre-matching filter removed 71 side-stub point(s) from shape_id=68004276
[2026-07-31 10:23:42] [INFO] [Thread-ThreadPoolExecutor-0_6] Successfully processed shape_id=68004277 | distance=25263.7m | confidence=[0.9826] | segments=1 | osm_nodes=1051
[2026-07-31 10:23:42] [INFO] [Thread-ThreadPoolExecutor-0_5] Successfully processed shape_id=68004275 | distance=25565.6m | confidence=[0.9822] | segments=1 | osm_nodes=1067
[2026-07-31 10:23:42] [INFO] [Thread-ThreadPoolExecutor-0_13] Successfully processed shape_id=68004276 | distance=25820.1m | confidence=[0.9832] | segments=1 | osm_nodes=1090
[2026-07-31 10:23:43] [INFO] [Thread-ThreadPoolExecutor-0_14] Pre-matching filter removed 71 side-stub point(s) from shape_id=68004338
[2026-07-31 10:23:43] [INFO] [Thread-ThreadPoolExecutor-0_14] Successfully processed shape_id=68004338 | distance=7473.4m | confidence=[0.9827] | segments=1 | osm_nodes=377
[2026-07-31 10:23:43] [INFO] [Thread-ThreadPoolExecutor-0_1] Pre-matching filter removed 124 side-stub point(s) from shape_id=68004135
[2026-07-31 10:23:43] [INFO] [Thread-ThreadPoolExecutor-0_13] Pre-matching filter removed 30 side-stub point(s) from shape_id=68004371
[2026-07-31 10:23:43] [INFO] [Thread-ThreadPoolExecutor-0_6] Pre-matching filter removed 40 side-stub point(s) from shape_id=68004369
[2026-07-31 10:23:43] [INFO] [Thread-ThreadPoolExecutor-0_5] Pre-matching filter removed 36 side-stub point(s) from shape_id=68004370
[2026-07-31 10:23:43] [INFO] [Thread-ThreadPoolExecutor-0_13] Successfully processed shape_id=68004371 | distance=9852.5m | confidence=[0.9801] | segments=1 | osm_nodes=509
[2026-07-31 10:23:43] [INFO] [Thread-ThreadPoolExecutor-0_1] Successfully processed shape_id=68004135 | distance=13624.6m | confidence=[0.9844] | segments=1 | osm_nodes=640
[2026-07-31 10:23:44] [INFO] [Thread-ThreadPoolExecutor-0_1] Pre-matching filter removed 43 side-stub point(s) from shape_id=68004490
[2026-07-31 10:23:44] [INFO] [Thread-ThreadPoolExecutor-0_11] Pre-matching filter removed 66 side-stub point(s) from shape_id=68004355
[2026-07-31 10:23:44] [INFO] [Thread-ThreadPoolExecutor-0_5] Successfully processed shape_id=68004370 | distance=10195.3m | confidence=[0.9855] | segments=1 | osm_nodes=557
[2026-07-31 10:23:44] [INFO] [Thread-ThreadPoolExecutor-0_6] Successfully processed shape_id=68004369 | distance=13554.7m | confidence=[0.9839] | segments=1 | osm_nodes=744
[2026-07-31 10:23:44] [INFO] [Thread-ThreadPoolExecutor-0_6] Pre-matching filter removed 31 side-stub point(s) from shape_id=68004492
[2026-07-31 10:23:44] [INFO] [Thread-ThreadPoolExecutor-0_5] Pre-matching filter removed 39 side-stub point(s) from shape_id=68004491
[2026-07-31 10:23:44] [INFO] [Thread-ThreadPoolExecutor-0_2] Pre-matching filter removed 86 side-stub point(s) from shape_id=68004340
[2026-07-31 10:23:44] [INFO] [Thread-ThreadPoolExecutor-0_11] Successfully processed shape_id=68004355 | distance=9617.5m | confidence=[0.981] | segments=1 | osm_nodes=516
[2026-07-31 10:23:44] [INFO] [Thread-ThreadPoolExecutor-0_2] Successfully processed shape_id=68004340 | distance=8108.8m | confidence=[0.9847] | segments=1 | osm_nodes=433
[2026-07-31 10:23:44] [INFO] [Thread-ThreadPoolExecutor-0_8] Pre-matching filter removed 112 side-stub point(s) from shape_id=68004321
[2026-07-31 10:23:44] [INFO] [Thread-ThreadPoolExecutor-0_8] Successfully processed shape_id=68004321 | distance=11162.8m | confidence=[0.9849] | segments=1 | osm_nodes=454
[2026-07-31 10:23:44] [INFO] [Thread-ThreadPoolExecutor-0_5] Successfully processed shape_id=68004491 | distance=5462.2m | confidence=[0.9799] | segments=1 | osm_nodes=908
[2026-07-31 10:23:44] [INFO] [Thread-ThreadPoolExecutor-0_1] Successfully processed shape_id=68004490 | distance=7481.4m | confidence=[0.9791] | segments=1 | osm_nodes=1204
[2026-07-31 10:23:44] [INFO] [Thread-ThreadPoolExecutor-0_12] Pre-matching filter removed 125 side-stub point(s) from shape_id=68004318
[2026-07-31 10:23:44] [INFO] [Thread-ThreadPoolExecutor-0_6] Successfully processed shape_id=68004492 | distance=5732.5m | confidence=[0.8727] | segments=1 | osm_nodes=1039
[2026-07-31 10:23:44] [INFO] [Thread-ThreadPoolExecutor-0_0] Pre-matching filter removed 80 side-stub point(s) from shape_id=68004362
[2026-07-31 10:23:44] [INFO] [Thread-ThreadPoolExecutor-0_12] Successfully processed shape_id=68004318 | distance=13986.2m | confidence=[0.9845] | segments=1 | osm_nodes=548
[2026-07-31 10:23:44] [INFO] [Thread-ThreadPoolExecutor-0_10] Pre-matching filter removed 124 side-stub point(s) from shape_id=68004319
[2026-07-31 10:23:44] [INFO] [Thread-ThreadPoolExecutor-0_7] Pre-matching filter removed 126 side-stub point(s) from shape_id=68004320
[2026-07-31 10:23:44] [INFO] [Thread-ThreadPoolExecutor-0_0] Successfully processed shape_id=68004362 | distance=8104.5m | confidence=[0.9847] | segments=1 | osm_nodes=414
[2026-07-31 10:23:45] [INFO] [Thread-ThreadPoolExecutor-0_7] Successfully processed shape_id=68004320 | distance=11503.9m | confidence=[0.9735] | segments=1 | osm_nodes=464
[2026-07-31 10:23:45] [INFO] [Thread-ThreadPoolExecutor-0_10] Successfully processed shape_id=68004319 | distance=13888.5m | confidence=[0.9848] | segments=1 | osm_nodes=550
[2026-07-31 10:23:45] [INFO] [Thread-ThreadPoolExecutor-0_4] Pre-matching filter removed 95 side-stub point(s) from shape_id=68004357
[2026-07-31 10:23:45] [INFO] [Thread-ThreadPoolExecutor-0_11] Pre-matching filter removed 35 side-stub point(s) from shape_id=68004493
[2026-07-31 10:23:45] [INFO] [Thread-ThreadPoolExecutor-0_4] Successfully processed shape_id=68004357 | distance=10944.9m | confidence=[0.9841] | segments=1 | osm_nodes=540
[2026-07-31 10:23:45] [INFO] [Thread-ThreadPoolExecutor-0_1] Pre-matching filter removed 27 side-stub point(s) from shape_id=68004509
[2026-07-31 10:23:45] [INFO] [Thread-ThreadPoolExecutor-0_14] Pre-matching filter removed 63 side-stub point(s) from shape_id=68004372
[2026-07-31 10:23:45] [INFO] [Thread-ThreadPoolExecutor-0_1] Successfully processed shape_id=68004509 | distance=9325.9m | confidence=[0.9761] | segments=1 | osm_nodes=449
[2026-07-31 10:23:45] [INFO] [Thread-ThreadPoolExecutor-0_14] Successfully processed shape_id=68004372 | distance=12290.1m | confidence=[0.9795] | segments=1 | osm_nodes=635
[2026-07-31 10:23:45] [INFO] [Thread-ThreadPoolExecutor-0_11] Successfully processed shape_id=68004493 | distance=8044.1m | confidence=[0.8819] | segments=1 | osm_nodes=1363
[2026-07-31 10:23:45] [INFO] [Thread-ThreadPoolExecutor-0_5] Pre-matching filter removed 37 side-stub point(s) from shape_id=68004508
[2026-07-31 10:23:45] [INFO] [Thread-ThreadPoolExecutor-0_5] Successfully processed shape_id=68004508 | distance=9700.7m | confidence=[0.9858] | segments=1 | osm_nodes=478
[2026-07-31 10:23:45] [INFO] [Thread-ThreadPoolExecutor-0_15] Pre-matching filter removed 172 side-stub point(s) from shape_id=68004288
[2026-07-31 10:23:46] [INFO] [Thread-ThreadPoolExecutor-0_13] Pre-matching filter removed 71 side-stub point(s) from shape_id=68004466
[2026-07-31 10:23:46] [INFO] [Thread-ThreadPoolExecutor-0_15] Successfully processed shape_id=68004288 | distance=18469.2m | confidence=[0.9508] | segments=1 | osm_nodes=845
[2026-07-31 10:23:46] [INFO] [Thread-ThreadPoolExecutor-0_12] Pre-matching filter removed 47 side-stub point(s) from shape_id=68004511
[2026-07-31 10:23:46] [INFO] [Thread-ThreadPoolExecutor-0_9] Pre-matching filter removed 177 side-stub point(s) from shape_id=68004287
[2026-07-31 10:23:46] [INFO] [Thread-ThreadPoolExecutor-0_0] Pre-matching filter removed 43 side-stub point(s) from shape_id=68004512
[2026-07-31 10:23:46] [INFO] [Thread-ThreadPoolExecutor-0_13] Successfully processed shape_id=68004466 | distance=7068.7m | confidence=[0.9786] | segments=1 | osm_nodes=320
[2026-07-31 10:23:46] [INFO] [Thread-ThreadPoolExecutor-0_3] Pre-matching filter removed 136 side-stub point(s) from shape_id=68004361
[2026-07-31 10:23:46] [INFO] [Thread-ThreadPoolExecutor-0_6] Pre-matching filter removed 55 side-stub point(s) from shape_id=68004510
[2026-07-31 10:23:46] [INFO] [Thread-ThreadPoolExecutor-0_12] Successfully processed shape_id=68004511 | distance=8121.3m | confidence=[0.9764] | segments=1 | osm_nodes=410
[2026-07-31 10:23:46] [INFO] [Thread-ThreadPoolExecutor-0_0] Successfully processed shape_id=68004512 | distance=7458.2m | confidence=[0.9689] | segments=1 | osm_nodes=363
[2026-07-31 10:23:46] [INFO] [Thread-ThreadPoolExecutor-0_9] Successfully processed shape_id=68004287 | distance=18337.2m | confidence=[0.9828] | segments=1 | osm_nodes=877
[2026-07-31 10:23:46] [INFO] [Thread-ThreadPoolExecutor-0_9] Pre-matching filter removed 26 side-stub point(s) from shape_id=68004585
[2026-07-31 10:23:46] [INFO] [Thread-ThreadPoolExecutor-0_3] Successfully processed shape_id=68004361 | distance=13504.8m | confidence=[0.9856] | segments=1 | osm_nodes=631
[2026-07-31 10:23:46] [INFO] [Thread-ThreadPoolExecutor-0_3] Pre-matching filter removed 8 side-stub point(s) from shape_id=68004586
[2026-07-31 10:23:46] [INFO] [Thread-ThreadPoolExecutor-0_6] Successfully processed shape_id=68004510 | distance=12568.2m | confidence=[0.9858] | segments=1 | osm_nodes=604
[2026-07-31 10:23:46] [INFO] [Thread-ThreadPoolExecutor-0_6] Pre-matching filter removed 11 side-stub point(s) from shape_id=68004587
[2026-07-31 10:23:46] [INFO] [Thread-ThreadPoolExecutor-0_2] Pre-matching filter removed 84 side-stub point(s) from shape_id=68004504
[2026-07-31 10:23:46] [INFO] [Thread-ThreadPoolExecutor-0_7] Pre-matching filter removed 62 side-stub point(s) from shape_id=68004522
[2026-07-31 10:23:46] [INFO] [Thread-ThreadPoolExecutor-0_2] Successfully processed shape_id=68004504 | distance=7860.3m | confidence=[0.9765] | segments=1 | osm_nodes=407
[2026-07-31 10:23:47] [INFO] [Thread-ThreadPoolExecutor-0_7] Successfully processed shape_id=68004522 | distance=14821.8m | confidence=[0.9763] | segments=1 | osm_nodes=576
[2026-07-31 10:23:47] [INFO] [Thread-ThreadPoolExecutor-0_7] Pre-matching filter removed 29 side-stub point(s) from shape_id=68004589
[2026-07-31 10:23:47] [INFO] [Thread-ThreadPoolExecutor-0_9] Successfully processed shape_id=68004585 | distance=5558.0m | confidence=[0.9601] | segments=1 | osm_nodes=1008
[2026-07-31 10:23:47] [INFO] [Thread-ThreadPoolExecutor-0_6] Successfully processed shape_id=68004587 | distance=5403.9m | confidence=[0.9821] | segments=1 | osm_nodes=945
[2026-07-31 10:23:47] [INFO] [Thread-ThreadPoolExecutor-0_6] Pre-matching filter removed 20 side-stub point(s) from shape_id=68004595
[2026-07-31 10:23:47] [INFO] [Thread-ThreadPoolExecutor-0_12] Pre-matching filter removed 63 side-stub point(s) from shape_id=68004577
[2026-07-31 10:23:47] [INFO] [Thread-ThreadPoolExecutor-0_3] Successfully processed shape_id=68004586 | distance=7338.6m | confidence=[0.9835] | segments=1 | osm_nodes=1246
[2026-07-31 10:23:47] [INFO] [Thread-ThreadPoolExecutor-0_3] Pre-matching filter removed 15 side-stub point(s) from shape_id=68004596
[2026-07-31 10:23:47] [INFO] [Thread-ThreadPoolExecutor-0_2] Pre-matching filter removed 19 side-stub point(s) from shape_id=68004588
[2026-07-31 10:23:47] [INFO] [Thread-ThreadPoolExecutor-0_4] Pre-matching filter removed 81 side-stub point(s) from shape_id=68004526
[2026-07-31 10:23:47] [INFO] [Thread-ThreadPoolExecutor-0_10] Pre-matching filter removed 90 side-stub point(s) from shape_id=68004524
[2026-07-31 10:23:47] [INFO] [Thread-ThreadPoolExecutor-0_6] Successfully processed shape_id=68004595 | distance=7136.3m | confidence=[0.985] | segments=1 | osm_nodes=1066
[2026-07-31 10:23:47] [INFO] [Thread-ThreadPoolExecutor-0_6] Pre-matching filter removed 27 side-stub point(s) from shape_id=68004597
[2026-07-31 10:23:47] [INFO] [Thread-ThreadPoolExecutor-0_2] Successfully processed shape_id=68004588 | distance=12748.4m | confidence=[0.9837] | segments=1 | osm_nodes=739
[2026-07-31 10:23:47] [INFO] [Thread-ThreadPoolExecutor-0_2] Pre-matching filter removed 24 side-stub point(s) from shape_id=68004598
[2026-07-31 10:23:48] [INFO] [Thread-ThreadPoolExecutor-0_12] Successfully processed shape_id=68004577 | distance=6540.4m | confidence=[0.9836] | segments=1 | osm_nodes=1211
[2026-07-31 10:23:48] [INFO] [Thread-ThreadPoolExecutor-0_4] Successfully processed shape_id=68004526 | distance=18120.6m | confidence=[0.9787] | segments=1 | osm_nodes=752
[2026-07-31 10:23:48] [INFO] [Thread-ThreadPoolExecutor-0_4] Pre-matching filter removed 27 side-stub point(s) from shape_id=68004601
[2026-07-31 10:23:48] [INFO] [Thread-ThreadPoolExecutor-0_3] Successfully processed shape_id=68004596 | distance=7114.6m | confidence=[0.7594] | segments=1 | osm_nodes=1127
[2026-07-31 10:23:48] [INFO] [Thread-ThreadPoolExecutor-0_10] Successfully processed shape_id=68004524 | distance=18773.6m | confidence=[0.9836] | segments=1 | osm_nodes=795
[2026-07-31 10:23:48] [INFO] [Thread-ThreadPoolExecutor-0_7] Successfully processed shape_id=68004589 | distance=7406.0m | confidence=[0.9828] | segments=1 | osm_nodes=1301
[2026-07-31 10:23:48] [INFO] [Thread-ThreadPoolExecutor-0_4] Successfully processed shape_id=68004601 | distance=3312.0m | confidence=[0.9708] | segments=1 | osm_nodes=679
[2026-07-31 10:23:48] [INFO] [Thread-ThreadPoolExecutor-0_2] Successfully processed shape_id=68004598 | distance=7478.9m | confidence=[0.0434] | segments=1 | osm_nodes=1122
[2026-07-31 10:23:48] [INFO] [Thread-ThreadPoolExecutor-0_6] Successfully processed shape_id=68004597 | distance=7104.7m | confidence=[0.9792] | segments=1 | osm_nodes=1130
[2026-07-31 10:23:48] [INFO] [Thread-ThreadPoolExecutor-0_8] Pre-matching filter removed 136 side-stub point(s) from shape_id=68004505
[2026-07-31 10:23:48] [INFO] [Thread-ThreadPoolExecutor-0_0] Pre-matching filter removed 73 side-stub point(s) from shape_id=68004582
[2026-07-31 10:23:48] [INFO] [Thread-ThreadPoolExecutor-0_0] Successfully processed shape_id=68004582 | distance=7510.9m | confidence=[0.9836] | segments=1 | osm_nodes=340
[2026-07-31 10:23:48] [INFO] [Thread-ThreadPoolExecutor-0_11] Pre-matching filter removed 105 side-stub point(s) from shape_id=68004556
[2026-07-31 10:23:48] [INFO] [Thread-ThreadPoolExecutor-0_8] Successfully processed shape_id=68004505 | distance=12816.8m | confidence=[0.9758] | segments=1 | osm_nodes=541
[2026-07-31 10:23:48] [INFO] [Thread-ThreadPoolExecutor-0_9] Pre-matching filter removed 55 side-stub point(s) from shape_id=68004590
[2026-07-31 10:23:48] [INFO] [Thread-ThreadPoolExecutor-0_12] Pre-matching filter removed 57 side-stub point(s) from shape_id=68004599
[2026-07-31 10:23:48] [INFO] [Thread-ThreadPoolExecutor-0_1] Pre-matching filter removed 113 side-stub point(s) from shape_id=68004554
[2026-07-31 10:23:48] [INFO] [Thread-ThreadPoolExecutor-0_11] Successfully processed shape_id=68004556 | distance=12547.7m | confidence=[0.9823] | segments=1 | osm_nodes=712
[2026-07-31 10:23:48] [INFO] [Thread-ThreadPoolExecutor-0_9] Successfully processed shape_id=68004590 | distance=12844.7m | confidence=[0.9843] | segments=1 | osm_nodes=773
[2026-07-31 10:23:48] [INFO] [Thread-ThreadPoolExecutor-0_1] Successfully processed shape_id=68004554 | distance=13398.4m | confidence=[0.985] | segments=1 | osm_nodes=741
[2026-07-31 10:23:49] [INFO] [Thread-ThreadPoolExecutor-0_15] Pre-matching filter removed 103 side-stub point(s) from shape_id=68004561
[2026-07-31 10:23:49] [INFO] [Thread-ThreadPoolExecutor-0_15] Successfully processed shape_id=68004561 | distance=13606.8m | confidence=[0.9821] | segments=1 | osm_nodes=670
[2026-07-31 10:23:49] [INFO] [Thread-ThreadPoolExecutor-0_12] Successfully processed shape_id=68004599 | distance=6755.0m | confidence=[0.8947] | segments=1 | osm_nodes=1125
[2026-07-31 10:23:49] [INFO] [Thread-ThreadPoolExecutor-0_12] Pre-matching filter removed 41 side-stub point(s) from shape_id=68004663
[2026-07-31 10:23:49] [INFO] [Thread-ThreadPoolExecutor-0_13] Pre-matching filter removed 123 side-stub point(s) from shape_id=68004573
[2026-07-31 10:23:50] [INFO] [Thread-ThreadPoolExecutor-0_13] Successfully processed shape_id=68004573 | distance=13360.1m | confidence=[0.9842] | segments=1 | osm_nodes=658
[2026-07-31 10:23:50] [INFO] [Thread-ThreadPoolExecutor-0_5] Pre-matching filter removed 136 side-stub point(s) from shape_id=68004557
[2026-07-31 10:23:50] [INFO] [Thread-ThreadPoolExecutor-0_7] Pre-matching filter removed 63 side-stub point(s) from shape_id=68004608
[2026-07-31 10:23:50] [INFO] [Thread-ThreadPoolExecutor-0_7] Successfully processed shape_id=68004608 | distance=7517.4m | confidence=[0.9848] | segments=1 | osm_nodes=329
[2026-07-31 10:23:50] [INFO] [Thread-ThreadPoolExecutor-0_14] Pre-matching filter removed 147 side-stub point(s) from shape_id=68004555
[2026-07-31 10:23:50] [INFO] [Thread-ThreadPoolExecutor-0_7] Pre-matching filter removed 37 side-stub point(s) from shape_id=68004665
[2026-07-31 10:23:50] [INFO] [Thread-ThreadPoolExecutor-0_5] Successfully processed shape_id=68004557 | distance=17258.4m | confidence=[0.9833] | segments=1 | osm_nodes=970
[2026-07-31 10:23:50] [INFO] [Thread-ThreadPoolExecutor-0_12] Successfully processed shape_id=68004663 | distance=6385.7m | confidence=[0.9769] | segments=1 | osm_nodes=1116
[2026-07-31 10:23:50] [INFO] [Thread-ThreadPoolExecutor-0_12] Pre-matching filter removed 27 side-stub point(s) from shape_id=68004672
[2026-07-31 10:23:50] [INFO] [Thread-ThreadPoolExecutor-0_14] Successfully processed shape_id=68004555 | distance=17620.7m | confidence=[0.9842] | segments=1 | osm_nodes=952
[2026-07-31 10:23:50] [INFO] [Thread-ThreadPoolExecutor-0_15] Pre-matching filter removed 43 side-stub point(s) from shape_id=68004662
[2026-07-31 10:23:50] [INFO] [Thread-ThreadPoolExecutor-0_15] Successfully processed shape_id=68004662 | distance=6515.7m | confidence=[0.9854] | segments=1 | osm_nodes=274
[2026-07-31 10:23:50] [INFO] [Thread-ThreadPoolExecutor-0_15] Pre-matching filter removed 23 side-stub point(s) from shape_id=68004708
[2026-07-31 10:23:50] [INFO] [Thread-ThreadPoolExecutor-0_3] Pre-matching filter removed 95 side-stub point(s) from shape_id=68004604
[2026-07-31 10:23:50] [INFO] [Thread-ThreadPoolExecutor-0_7] Successfully processed shape_id=68004665 | distance=5940.2m | confidence=[0.9827] | segments=1 | osm_nodes=1049
[2026-07-31 10:23:50] [INFO] [Thread-ThreadPoolExecutor-0_3] Successfully processed shape_id=68004604 | distance=10567.5m | confidence=[0.985] | segments=1 | osm_nodes=517
[2026-07-31 10:23:51] [INFO] [Thread-ThreadPoolExecutor-0_5] Pre-matching filter removed 62 side-stub point(s) from shape_id=68004671
[2026-07-31 10:23:51] [INFO] [Thread-ThreadPoolExecutor-0_13] Pre-matching filter removed 45 side-stub point(s) from shape_id=68004664
[2026-07-31 10:23:51] [INFO] [Thread-ThreadPoolExecutor-0_8] Pre-matching filter removed 83 side-stub point(s) from shape_id=68004618
[2026-07-31 10:23:51] [INFO] [Thread-ThreadPoolExecutor-0_15] Successfully processed shape_id=68004708 | distance=4123.7m | confidence=[0.8517] | segments=1 | osm_nodes=752
[2026-07-31 10:23:51] [INFO] [Thread-ThreadPoolExecutor-0_1] Pre-matching filter removed 72 side-stub point(s) from shape_id=68004658
[2026-07-31 10:23:51] [INFO] [Thread-ThreadPoolExecutor-0_4] Pre-matching filter removed 98 side-stub point(s) from shape_id=68004609
[2026-07-31 10:23:51] [INFO] [Thread-ThreadPoolExecutor-0_8] Successfully processed shape_id=68004618 | distance=8204.1m | confidence=[0.9782] | segments=1 | osm_nodes=343
[2026-07-31 10:23:51] [INFO] [Thread-ThreadPoolExecutor-0_0] Pre-matching filter removed 90 side-stub point(s) from shape_id=68004615
[2026-07-31 10:23:51] [INFO] [Thread-ThreadPoolExecutor-0_7] Pre-matching filter removed 16 side-stub point(s) from shape_id=68004718
[2026-07-31 10:23:51] [INFO] [Thread-ThreadPoolExecutor-0_4] Successfully processed shape_id=68004609 | distance=10767.0m | confidence=[0.9858] | segments=1 | osm_nodes=515
[2026-07-31 10:23:51] [INFO] [Thread-ThreadPoolExecutor-0_4] Pre-matching filter removed 22 side-stub point(s) from shape_id=68005019
[2026-07-31 10:23:51] [INFO] [Thread-ThreadPoolExecutor-0_7] Successfully processed shape_id=68004718 | distance=11166.2m | confidence=[0.9832] | segments=1 | osm_nodes=648
[2026-07-31 10:23:51] [INFO] [Thread-ThreadPoolExecutor-0_0] Successfully processed shape_id=68004615 | distance=8558.6m | confidence=[0.9827] | segments=1 | osm_nodes=379
[2026-07-31 10:23:51] [INFO] [Thread-ThreadPoolExecutor-0_5] Successfully processed shape_id=68004671 | distance=6832.6m | confidence=[0.8379] | segments=1 | osm_nodes=1115
[2026-07-31 10:23:51] [INFO] [Thread-ThreadPoolExecutor-0_1] Successfully processed shape_id=68004658 | distance=27761.0m | confidence=[0.9823] | segments=1 | osm_nodes=1295
[2026-07-31 10:23:51] [INFO] [Thread-ThreadPoolExecutor-0_3] Pre-matching filter removed 25 side-stub point(s) from shape_id=68004720
[2026-07-31 10:23:51] [INFO] [Thread-ThreadPoolExecutor-0_3] Successfully processed shape_id=68004720 | distance=11101.6m | confidence=[0.9859] | segments=1 | osm_nodes=651
[2026-07-31 10:23:51] [INFO] [Thread-ThreadPoolExecutor-0_13] Successfully processed shape_id=68004664 | distance=6526.1m | confidence=[0.9856] | segments=1 | osm_nodes=1202
[2026-07-31 10:23:51] [INFO] [Thread-ThreadPoolExecutor-0_4] Successfully processed shape_id=68005019 | distance=2792.3m | confidence=[0.973] | segments=1 | osm_nodes=535
[2026-07-31 10:23:51] [INFO] [Thread-ThreadPoolExecutor-0_12] Successfully processed shape_id=68004672 | distance=7503.5m | confidence=[0.6605] | segments=1 | osm_nodes=1166
[2026-07-31 10:23:52] [INFO] [Thread-ThreadPoolExecutor-0_15] Pre-matching filter removed 60 side-stub point(s) from shape_id=68004726
[2026-07-31 10:23:53] [INFO] [Thread-ThreadPoolExecutor-0_7] Pre-matching filter removed 51 side-stub point(s) from shape_id=68005020
[2026-07-31 10:23:53] [INFO] [Thread-ThreadPoolExecutor-0_10] Pre-matching filter removed 165 side-stub point(s) from shape_id=68004605
[2026-07-31 10:23:53] [INFO] [Thread-ThreadPoolExecutor-0_0] Pre-matching filter removed 57 side-stub point(s) from shape_id=68005021
[2026-07-31 10:23:53] [INFO] [Thread-ThreadPoolExecutor-0_7] Successfully processed shape_id=68005020 | distance=7468.9m | confidence=[0.9859] | segments=1 | osm_nodes=388
[2026-07-31 10:23:53] [INFO] [Thread-ThreadPoolExecutor-0_10] Successfully processed shape_id=68004605 | distance=15856.7m | confidence=[0.9787] | segments=1 | osm_nodes=850
[2026-07-31 10:23:53] [INFO] [Thread-ThreadPoolExecutor-0_8] Pre-matching filter removed 70 side-stub point(s) from shape_id=68004729
[2026-07-31 10:23:53] [INFO] [Thread-ThreadPoolExecutor-0_0] Successfully processed shape_id=68005021 | distance=7223.8m | confidence=[0.9831] | segments=1 | osm_nodes=354
[2026-07-31 10:23:53] [INFO] [Thread-ThreadPoolExecutor-0_15] Successfully processed shape_id=68004726 | distance=14411.8m | confidence=[0.9794] | segments=1 | osm_nodes=730
[2026-07-31 10:23:53] [INFO] [Thread-ThreadPoolExecutor-0_11] Pre-matching filter removed 145 side-stub point(s) from shape_id=68004619
[2026-07-31 10:23:53] [INFO] [Thread-ThreadPoolExecutor-0_9] Pre-matching filter removed 150 side-stub point(s) from shape_id=68004621
[2026-07-31 10:23:53] [INFO] [Thread-ThreadPoolExecutor-0_11] Successfully processed shape_id=68004619 | distance=14886.1m | confidence=[0.9806] | segments=1 | osm_nodes=671
[2026-07-31 10:23:53] [INFO] [Thread-ThreadPoolExecutor-0_9] Successfully processed shape_id=68004621 | distance=15383.5m | confidence=[0.9834] | segments=1 | osm_nodes=717
[2026-07-31 10:23:53] [INFO] [Thread-ThreadPoolExecutor-0_2] Pre-matching filter removed 177 side-stub point(s) from shape_id=68004610
[2026-07-31 10:23:53] [INFO] [Thread-ThreadPoolExecutor-0_8] Successfully processed shape_id=68004729 | distance=14267.7m | confidence=[0.967] | segments=1 | osm_nodes=750
[2026-07-31 10:23:53] [INFO] [Thread-ThreadPoolExecutor-0_5] Pre-matching filter removed 74 side-stub point(s) from shape_id=68005057
[2026-07-31 10:23:53] [INFO] [Thread-ThreadPoolExecutor-0_6] Pre-matching filter removed 178 side-stub point(s) from shape_id=68004611
[2026-07-31 10:23:53] [INFO] [Thread-ThreadPoolExecutor-0_12] Pre-matching filter removed 56 side-stub point(s) from shape_id=68005422
[2026-07-31 10:23:53] [INFO] [Thread-ThreadPoolExecutor-0_2] Successfully processed shape_id=68004610 | distance=15782.1m | confidence=[0.9846] | segments=1 | osm_nodes=811
[2026-07-31 10:23:53] [INFO] [Thread-ThreadPoolExecutor-0_5] Successfully processed shape_id=68005057 | distance=7696.9m | confidence=[0.9852] | segments=1 | osm_nodes=452
[2026-07-31 10:23:53] [INFO] [Thread-ThreadPoolExecutor-0_12] Successfully processed shape_id=68005422 | distance=7433.4m | confidence=[0.9819] | segments=1 | osm_nodes=423
[2026-07-31 10:23:53] [INFO] [Thread-ThreadPoolExecutor-0_5] Pre-matching filter removed 42 side-stub point(s) from shape_id=68005566
[2026-07-31 10:23:53] [INFO] [Thread-ThreadPoolExecutor-0_6] Successfully processed shape_id=68004611 | distance=16290.5m | confidence=[0.9833] | segments=1 | osm_nodes=868
[2026-07-31 10:23:54] [INFO] [Thread-ThreadPoolExecutor-0_5] Successfully processed shape_id=68005566 | distance=5507.5m | confidence=[0.8349] | segments=1 | osm_nodes=1039
[2026-07-31 10:23:55] [INFO] [Thread-ThreadPoolExecutor-0_0] Pre-matching filter removed 69 side-stub point(s) from shape_id=68005426
[2026-07-31 10:23:55] [INFO] [Thread-ThreadPoolExecutor-0_0] Successfully processed shape_id=68005426 | distance=7802.5m | confidence=[0.9832] | segments=1 | osm_nodes=355
[2026-07-31 10:23:55] [INFO] [Thread-ThreadPoolExecutor-0_11] Pre-matching filter removed 69 side-stub point(s) from shape_id=68005529
[2026-07-31 10:23:55] [INFO] [Thread-ThreadPoolExecutor-0_11] Successfully processed shape_id=68005529 | distance=18071.5m | confidence=[0.984] | segments=1 | osm_nodes=832
[2026-07-31 10:23:55] [INFO] [Thread-ThreadPoolExecutor-0_11] Pre-matching filter removed 42 side-stub point(s) from shape_id=68005572
[2026-07-31 10:23:56] [INFO] [Thread-ThreadPoolExecutor-0_9] Pre-matching filter removed 78 side-stub point(s) from shape_id=68005530
[2026-07-31 10:23:56] [INFO] [Thread-ThreadPoolExecutor-0_3] Pre-matching filter removed 137 side-stub point(s) from shape_id=68005210
[2026-07-31 10:23:56] [INFO] [Thread-ThreadPoolExecutor-0_8] Pre-matching filter removed 73 side-stub point(s) from shape_id=68005531
[2026-07-31 10:23:56] [INFO] [Thread-ThreadPoolExecutor-0_3] Successfully processed shape_id=68005210 | distance=15056.9m | confidence=[0.9847] | segments=1 | osm_nodes=788
[2026-07-31 10:23:56] [INFO] [Thread-ThreadPoolExecutor-0_3] Pre-matching filter removed 54 side-stub point(s) from shape_id=68005603
[2026-07-31 10:23:56] [INFO] [Thread-ThreadPoolExecutor-0_9] Successfully processed shape_id=68005530 | distance=16491.0m | confidence=[0.9851] | segments=1 | osm_nodes=730
[2026-07-31 10:23:56] [INFO] [Thread-ThreadPoolExecutor-0_8] Successfully processed shape_id=68005531 | distance=17279.8m | confidence=[0.9839] | segments=1 | osm_nodes=758
[2026-07-31 10:23:56] [INFO] [Thread-ThreadPoolExecutor-0_4] Pre-matching filter removed 142 side-stub point(s) from shape_id=68005364
[2026-07-31 10:23:56] [INFO] [Thread-ThreadPoolExecutor-0_4] Successfully processed shape_id=68005364 | distance=14031.6m | confidence=[0.9841] | segments=1 | osm_nodes=641
[2026-07-31 10:23:56] [INFO] [Thread-ThreadPoolExecutor-0_15] Pre-matching filter removed 96 side-stub point(s) from shape_id=68005528
[2026-07-31 10:23:56] [INFO] [Thread-ThreadPoolExecutor-0_11] Successfully processed shape_id=68005572 | distance=4880.9m | confidence=[0.965] | segments=1 | osm_nodes=1006
[2026-07-31 10:23:56] [INFO] [Thread-ThreadPoolExecutor-0_11] Pre-matching filter removed 24 side-stub point(s) from shape_id=68005670
[2026-07-31 10:23:56] [INFO] [Thread-ThreadPoolExecutor-0_13] Pre-matching filter removed 156 side-stub point(s) from shape_id=68005211
[2026-07-31 10:23:56] [INFO] [Thread-ThreadPoolExecutor-0_14] Pre-matching filter removed 191 side-stub point(s) from shape_id=68004680
[2026-07-31 10:23:56] [INFO] [Thread-ThreadPoolExecutor-0_15] Successfully processed shape_id=68005528 | distance=17147.4m | confidence=[0.9848] | segments=1 | osm_nodes=820
[2026-07-31 10:23:57] [INFO] [Thread-ThreadPoolExecutor-0_11] Successfully processed shape_id=68005670 | distance=2388.0m | confidence=[0.9797] | segments=1 | osm_nodes=460
[2026-07-31 10:23:57] [INFO] [Thread-ThreadPoolExecutor-0_13] Successfully processed shape_id=68005211 | distance=15618.8m | confidence=[0.9854] | segments=1 | osm_nodes=866
[2026-07-31 10:23:57] [INFO] [Thread-ThreadPoolExecutor-0_13] Pre-matching filter removed 52 side-stub point(s) from shape_id=68005676
[2026-07-31 10:23:57] [INFO] [Thread-ThreadPoolExecutor-0_14] Successfully processed shape_id=68004680 | distance=27766.0m | confidence=[0.9834] | segments=1 | osm_nodes=1348
[2026-07-31 10:23:57] [INFO] [Thread-ThreadPoolExecutor-0_3] Successfully processed shape_id=68005603 | distance=5654.3m | confidence=[0.9217] | segments=1 | osm_nodes=1020
[2026-07-31 10:23:57] [INFO] [Thread-ThreadPoolExecutor-0_6] Pre-matching filter removed 121 side-stub point(s) from shape_id=68005569
[2026-07-31 10:23:58] [INFO] [Thread-ThreadPoolExecutor-0_7] Pre-matching filter removed 139 side-stub point(s) from shape_id=68005424
[2026-07-31 10:23:58] [INFO] [Thread-ThreadPoolExecutor-0_6] Successfully processed shape_id=68005569 | distance=11719.4m | confidence=[0.9827] | segments=1 | osm_nodes=615
[2026-07-31 10:23:58] [INFO] [Thread-ThreadPoolExecutor-0_7] Successfully processed shape_id=68005424 | distance=14946.8m | confidence=[0.9817] | segments=1 | osm_nodes=684
[2026-07-31 10:23:58] [INFO] [Thread-ThreadPoolExecutor-0_2] Pre-matching filter removed 131 side-stub point(s) from shape_id=68005555
[2026-07-31 10:23:58] [INFO] [Thread-ThreadPoolExecutor-0_10] Pre-matching filter removed 148 side-stub point(s) from shape_id=68005425
[2026-07-31 10:23:58] [INFO] [Thread-ThreadPoolExecutor-0_12] Pre-matching filter removed 128 side-stub point(s) from shape_id=68005567
[2026-07-31 10:23:58] [INFO] [Thread-ThreadPoolExecutor-0_1] Pre-matching filter removed 206 side-stub point(s) from shape_id=68005069
[2026-07-31 10:23:58] [INFO] [Thread-ThreadPoolExecutor-0_10] Successfully processed shape_id=68005425 | distance=15357.0m | confidence=[0.983] | segments=1 | osm_nodes=721
[2026-07-31 10:23:58] [INFO] [Thread-ThreadPoolExecutor-0_12] Successfully processed shape_id=68005567 | distance=12709.3m | confidence=[0.9823] | segments=1 | osm_nodes=650
[2026-07-31 10:23:58] [INFO] [Thread-ThreadPoolExecutor-0_2] Successfully processed shape_id=68005555 | distance=15421.3m | confidence=[0.98] | segments=1 | osm_nodes=827
[2026-07-31 10:23:58] [INFO] [Thread-ThreadPoolExecutor-0_15] Pre-matching filter removed 68 side-stub point(s) from shape_id=68005671
[2026-07-31 10:23:58] [INFO] [Thread-ThreadPoolExecutor-0_1] Successfully processed shape_id=68005069 | distance=21410.2m | confidence=[0.9859] | segments=1 | osm_nodes=912
[2026-07-31 10:23:58] [INFO] [Thread-ThreadPoolExecutor-0_13] Successfully processed shape_id=68005676 | distance=5218.8m | confidence=[0.9784] | segments=1 | osm_nodes=885
[2026-07-31 10:23:58] [INFO] [Thread-ThreadPoolExecutor-0_10] Pre-matching filter removed 17 side-stub point(s) from shape_id=68005897
[2026-07-31 10:23:58] [INFO] [Thread-ThreadPoolExecutor-0_10] Successfully processed shape_id=68005897 | distance=5638.1m | confidence=[0.9842] | segments=1 | osm_nodes=312
[2026-07-31 10:23:59] [INFO] [Thread-ThreadPoolExecutor-0_11] Pre-matching filter removed 77 side-stub point(s) from shape_id=68005675
[2026-07-31 10:23:59] [INFO] [Thread-ThreadPoolExecutor-0_11] Successfully processed shape_id=68005675 | distance=7046.6m | confidence=[0.9818] | segments=1 | osm_nodes=324
[2026-07-31 10:23:59] [INFO] [Thread-ThreadPoolExecutor-0_8] Pre-matching filter removed 104 side-stub point(s) from shape_id=68005613
[2026-07-31 10:23:59] [INFO] [Thread-ThreadPoolExecutor-0_15] Successfully processed shape_id=68005671 | distance=7296.1m | confidence=[0.924] | segments=1 | osm_nodes=1300
[2026-07-31 10:23:59] [INFO] [Thread-ThreadPoolExecutor-0_14] Pre-matching filter removed 91 side-stub point(s) from shape_id=68005680
[2026-07-31 10:23:59] [INFO] [Thread-ThreadPoolExecutor-0_8] Successfully processed shape_id=68005613 | distance=9728.2m | confidence=[0.9829] | segments=1 | osm_nodes=484
[2026-07-31 10:23:59] [INFO] [Thread-ThreadPoolExecutor-0_4] Pre-matching filter removed 103 side-stub point(s) from shape_id=68005666
[2026-07-31 10:23:59] [INFO] [Thread-ThreadPoolExecutor-0_14] Successfully processed shape_id=68005680 | distance=8543.9m | confidence=[0.9828] | segments=1 | osm_nodes=430
[2026-07-31 10:23:59] [INFO] [Thread-ThreadPoolExecutor-0_4] Successfully processed shape_id=68005666 | distance=11868.2m | confidence=[0.9816] | segments=1 | osm_nodes=544
[2026-07-31 10:24:00] [INFO] [Thread-ThreadPoolExecutor-0_5] Pre-matching filter removed 173 side-stub point(s) from shape_id=68005570
[2026-07-31 10:24:00] [INFO] [Thread-ThreadPoolExecutor-0_5] Successfully processed shape_id=68005570 | distance=16835.4m | confidence=[0.9828] | segments=1 | osm_nodes=763
[2026-07-31 10:24:00] [INFO] [Thread-ThreadPoolExecutor-0_3] Pre-matching filter removed 104 side-stub point(s) from shape_id=68005693
[2026-07-31 10:24:00] [INFO] [Thread-ThreadPoolExecutor-0_6] Pre-matching filter removed 85 side-stub point(s) from shape_id=68005725
[2026-07-31 10:24:00] [INFO] [Thread-ThreadPoolExecutor-0_6] Successfully processed shape_id=68005725 | distance=13003.3m | confidence=[0.9526] | segments=1 | osm_nodes=722
[2026-07-31 10:24:00] [INFO] [Thread-ThreadPoolExecutor-0_9] Pre-matching filter removed 145 side-stub point(s) from shape_id=68005610
[2026-07-31 10:24:00] [INFO] [Thread-ThreadPoolExecutor-0_3] Successfully processed shape_id=68005693 | distance=26621.2m | confidence=[0.9535] | segments=1 | osm_nodes=1393
[2026-07-31 10:24:00] [INFO] [Thread-ThreadPoolExecutor-0_9] Successfully processed shape_id=68005610 | distance=14213.1m | confidence=[0.9823] | segments=1 | osm_nodes=665
[2026-07-31 10:24:01] [INFO] [Thread-ThreadPoolExecutor-0_3] Pre-matching filter removed 9 side-stub point(s) from shape_id=68006136
[2026-07-31 10:24:01] [INFO] [Thread-ThreadPoolExecutor-0_14] Pre-matching filter removed 46 side-stub point(s) from shape_id=68006125
[2026-07-31 10:24:01] [INFO] [Thread-ThreadPoolExecutor-0_9] Pre-matching filter removed 10 side-stub point(s) from shape_id=68006137
[2026-07-31 10:24:01] [INFO] [Thread-ThreadPoolExecutor-0_3] Successfully processed shape_id=68006136 | distance=9773.0m | confidence=[0.9833] | segments=1 | osm_nodes=523
[2026-07-31 10:24:01] [INFO] [Thread-ThreadPoolExecutor-0_14] Successfully processed shape_id=68006125 | distance=10544.3m | confidence=[0.9514] | segments=1 | osm_nodes=615
[2026-07-31 10:24:01] [INFO] [Thread-ThreadPoolExecutor-0_9] Successfully processed shape_id=68006137 | distance=9719.1m | confidence=[0.9858] | segments=1 | osm_nodes=518
[2026-07-31 10:24:01] [INFO] [Thread-ThreadPoolExecutor-0_10] Pre-matching filter removed 83 side-stub point(s) from shape_id=68005911
[2026-07-31 10:24:01] [INFO] [Thread-ThreadPoolExecutor-0_0] Pre-matching filter removed 180 side-stub point(s) from shape_id=68005571
[2026-07-31 10:24:01] [INFO] [Thread-ThreadPoolExecutor-0_12] Pre-matching filter removed 105 side-stub point(s) from shape_id=68005901
[2026-07-31 10:24:01] [INFO] [Thread-ThreadPoolExecutor-0_1] Pre-matching filter removed 106 side-stub point(s) from shape_id=68005906
[2026-07-31 10:24:01] [INFO] [Thread-ThreadPoolExecutor-0_10] Successfully processed shape_id=68005911 | distance=8773.7m | confidence=[0.9656] | segments=1 | osm_nodes=470
[2026-07-31 10:24:01] [INFO] [Thread-ThreadPoolExecutor-0_0] Successfully processed shape_id=68005571 | distance=18087.1m | confidence=[0.9821] | segments=1 | osm_nodes=815
[2026-07-31 10:24:01] [INFO] [Thread-ThreadPoolExecutor-0_12] Successfully processed shape_id=68005901 | distance=12583.6m | confidence=[0.9859] | segments=1 | osm_nodes=802
[2026-07-31 10:24:01] [INFO] [Thread-ThreadPoolExecutor-0_12] Pre-matching filter removed 9 side-stub point(s) from shape_id=68006361
[2026-07-31 10:24:01] [INFO] [Thread-ThreadPoolExecutor-0_14] Pre-matching filter removed 16 side-stub point(s) from shape_id=68006354
[2026-07-31 10:24:01] [INFO] [Thread-ThreadPoolExecutor-0_1] Successfully processed shape_id=68005906 | distance=15749.4m | confidence=[0.9859] | segments=1 | osm_nodes=1002
[2026-07-31 10:24:01] [INFO] [Thread-ThreadPoolExecutor-0_1] Pre-matching filter removed 2 side-stub point(s) from shape_id=68006362
[2026-07-31 10:24:02] [INFO] [Thread-ThreadPoolExecutor-0_14] Successfully processed shape_id=68006354 | distance=10282.1m | confidence=[0.9846] | segments=1 | osm_nodes=472
[2026-07-31 10:24:02] [INFO] [Thread-ThreadPoolExecutor-0_14] Pre-matching filter removed 12 side-stub point(s) from shape_id=68006363
[2026-07-31 10:24:02] [INFO] [Thread-ThreadPoolExecutor-0_13] Pre-matching filter removed 109 side-stub point(s) from shape_id=68005907
[2026-07-31 10:24:02] [INFO] [Thread-ThreadPoolExecutor-0_9] Pre-matching filter removed 23 side-stub point(s) from shape_id=68006356
[2026-07-31 10:24:02] [INFO] [Thread-ThreadPoolExecutor-0_9] Successfully processed shape_id=68006356 | distance=10882.4m | confidence=[0.9828] | segments=1 | osm_nodes=457
[2026-07-31 10:24:02] [INFO] [Thread-ThreadPoolExecutor-0_9] Pre-matching filter removed 5 side-stub point(s) from shape_id=68006364
[2026-07-31 10:24:02] [INFO] [Thread-ThreadPoolExecutor-0_13] Successfully processed shape_id=68005907 | distance=15975.8m | confidence=[0.9855] | segments=1 | osm_nodes=1036
[2026-07-31 10:24:02] [INFO] [Thread-ThreadPoolExecutor-0_13] Pre-matching filter removed 34 side-stub point(s) from shape_id=68006369
[2026-07-31 10:24:02] [INFO] [Thread-ThreadPoolExecutor-0_10] Pre-matching filter removed 23 side-stub point(s) from shape_id=68006357
[2026-07-31 10:24:02] [INFO] [Thread-ThreadPoolExecutor-0_7] Pre-matching filter removed 143 side-stub point(s) from shape_id=68005857
[2026-07-31 10:24:02] [INFO] [Thread-ThreadPoolExecutor-0_14] Successfully processed shape_id=68006363 | distance=3569.2m | confidence=[0.001] | segments=1 | osm_nodes=633
[2026-07-31 10:24:02] [INFO] [Thread-ThreadPoolExecutor-0_4] Pre-matching filter removed 84 side-stub point(s) from shape_id=68006126
[2026-07-31 10:24:02] [INFO] [Thread-ThreadPoolExecutor-0_2] Pre-matching filter removed 142 side-stub point(s) from shape_id=68005905
[2026-07-31 10:24:02] [INFO] [Thread-ThreadPoolExecutor-0_10] Successfully processed shape_id=68006357 | distance=10858.4m | confidence=[0.986] | segments=1 | osm_nodes=501
[2026-07-31 10:24:02] [INFO] [Thread-ThreadPoolExecutor-0_7] Successfully processed shape_id=68005857 | distance=14174.7m | confidence=[0.9789] | segments=1 | osm_nodes=640
[2026-07-31 10:24:02] [INFO] [Thread-ThreadPoolExecutor-0_3] Pre-matching filter removed 47 side-stub point(s) from shape_id=68006351
[2026-07-31 10:24:02] [INFO] [Thread-ThreadPoolExecutor-0_1] Successfully processed shape_id=68006362 | distance=3234.5m | confidence=[0.8977] | segments=1 | osm_nodes=662
[2026-07-31 10:24:02] [INFO] [Thread-ThreadPoolExecutor-0_2] Successfully processed shape_id=68005905 | distance=16107.6m | confidence=[0.986] | segments=1 | osm_nodes=1028
[2026-07-31 10:24:02] [INFO] [Thread-ThreadPoolExecutor-0_8] Pre-matching filter removed 107 side-stub point(s) from shape_id=68005917
[2026-07-31 10:24:02] [INFO] [Thread-ThreadPoolExecutor-0_12] Successfully processed shape_id=68006361 | distance=3216.0m | confidence=[0.8707] | segments=1 | osm_nodes=662
[2026-07-31 10:24:02] [INFO] [Thread-ThreadPoolExecutor-0_4] Successfully processed shape_id=68006126 | distance=16619.0m | confidence=[0.9724] | segments=1 | osm_nodes=956
[2026-07-31 10:24:03] [INFO] [Thread-ThreadPoolExecutor-0_9] Successfully processed shape_id=68006364 | distance=3543.1m | confidence=[0.0] | segments=1 | osm_nodes=589
[2026-07-31 10:24:03] [INFO] [Thread-ThreadPoolExecutor-0_0] Pre-matching filter removed 40 side-stub point(s) from shape_id=68006358
[2026-07-31 10:24:03] [INFO] [Thread-ThreadPoolExecutor-0_8] Successfully processed shape_id=68005917 | distance=11376.9m | confidence=[0.9841] | segments=1 | osm_nodes=572
[2026-07-31 10:24:03] [INFO] [Thread-ThreadPoolExecutor-0_5] Pre-matching filter removed 91 side-stub point(s) from shape_id=68006127
[2026-07-31 10:24:03] [INFO] [Thread-ThreadPoolExecutor-0_0] Successfully processed shape_id=68006358 | distance=11570.2m | confidence=[0.9791] | segments=1 | osm_nodes=507
[2026-07-31 10:24:03] [INFO] [Thread-ThreadPoolExecutor-0_0] Pre-matching filter removed 43 side-stub point(s) from shape_id=68006492
[2026-07-31 10:24:03] [INFO] [Thread-ThreadPoolExecutor-0_13] Successfully processed shape_id=68006369 | distance=4673.4m | confidence=[0.9595] | segments=1 | osm_nodes=950
[2026-07-31 10:24:03] [INFO] [Thread-ThreadPoolExecutor-0_13] Pre-matching filter removed 17 side-stub point(s) from shape_id=68006508
[2026-07-31 10:24:03] [INFO] [Thread-ThreadPoolExecutor-0_5] Successfully processed shape_id=68006127 | distance=10318.2m | confidence=[0.9842] | segments=1 | osm_nodes=594
[2026-07-31 10:24:03] [INFO] [Thread-ThreadPoolExecutor-0_5] Pre-matching filter removed 21 side-stub point(s) from shape_id=68006509
[2026-07-31 10:24:03] [INFO] [Thread-ThreadPoolExecutor-0_11] Pre-matching filter removed 135 side-stub point(s) from shape_id=68005912
[2026-07-31 10:24:03] [INFO] [Thread-ThreadPoolExecutor-0_7] Pre-matching filter removed 34 side-stub point(s) from shape_id=68006398
[2026-07-31 10:24:03] [INFO] [Thread-ThreadPoolExecutor-0_13] Successfully processed shape_id=68006508 | distance=6017.1m | confidence=[0.9765] | segments=1 | osm_nodes=876
[2026-07-31 10:24:03] [INFO] [Thread-ThreadPoolExecutor-0_15] Pre-matching filter removed 142 side-stub point(s) from shape_id=68005915
[2026-07-31 10:24:03] [INFO] [Thread-ThreadPoolExecutor-0_11] Successfully processed shape_id=68005912 | distance=13864.8m | confidence=[0.977] | segments=1 | osm_nodes=711
[2026-07-31 10:24:03] [INFO] [Thread-ThreadPoolExecutor-0_7] Successfully processed shape_id=68006398 | distance=8375.7m | confidence=[0.9852] | segments=1 | osm_nodes=385
[2026-07-31 10:24:03] [INFO] [Thread-ThreadPoolExecutor-0_5] Successfully processed shape_id=68006509 | distance=6100.5m | confidence=[0.9772] | segments=1 | osm_nodes=944
[2026-07-31 10:24:03] [INFO] [Thread-ThreadPoolExecutor-0_0] Successfully processed shape_id=68006492 | distance=4476.6m | confidence=[0.9767] | segments=1 | osm_nodes=803
[2026-07-31 10:24:04] [INFO] [Thread-ThreadPoolExecutor-0_15] Successfully processed shape_id=68005915 | distance=15895.2m | confidence=[0.9823] | segments=1 | osm_nodes=844
[2026-07-31 10:24:04] [INFO] [Thread-ThreadPoolExecutor-0_14] Pre-matching filter removed 62 side-stub point(s) from shape_id=68006394
[2026-07-31 10:24:04] [INFO] [Thread-ThreadPoolExecutor-0_14] Successfully processed shape_id=68006394 | distance=12336.2m | confidence=[0.9856] | segments=1 | osm_nodes=585
[2026-07-31 10:24:04] [INFO] [Thread-ThreadPoolExecutor-0_14] Pre-matching filter removed 51 side-stub point(s) from shape_id=68006652
[2026-07-31 10:24:04] [INFO] [Thread-ThreadPoolExecutor-0_13] Pre-matching filter removed 29 side-stub point(s) from shape_id=68006546
[2026-07-31 10:24:04] [INFO] [Thread-ThreadPoolExecutor-0_12] Pre-matching filter removed 65 side-stub point(s) from shape_id=68006402
[2026-07-31 10:24:04] [INFO] [Thread-ThreadPoolExecutor-0_10] Pre-matching filter removed 75 side-stub point(s) from shape_id=68006395
[2026-07-31 10:24:04] [INFO] [Thread-ThreadPoolExecutor-0_1] Pre-matching filter removed 69 side-stub point(s) from shape_id=68006399
[2026-07-31 10:24:04] [INFO] [Thread-ThreadPoolExecutor-0_4] Pre-matching filter removed 65 side-stub point(s) from shape_id=68006403
[2026-07-31 10:24:04] [INFO] [Thread-ThreadPoolExecutor-0_6] Pre-matching filter removed 142 side-stub point(s) from shape_id=68006128
[2026-07-31 10:24:05] [INFO] [Thread-ThreadPoolExecutor-0_2] Pre-matching filter removed 76 side-stub point(s) from shape_id=68006400
[2026-07-31 10:24:05] [INFO] [Thread-ThreadPoolExecutor-0_12] Successfully processed shape_id=68006402 | distance=12227.5m | confidence=[0.9842] | segments=1 | osm_nodes=519
[2026-07-31 10:24:05] [INFO] [Thread-ThreadPoolExecutor-0_12] Pre-matching filter removed 36 side-stub point(s) from shape_id=68006653
[2026-07-31 10:24:05] [INFO] [Thread-ThreadPoolExecutor-0_13] Successfully processed shape_id=68006546 | distance=10722.8m | confidence=[0.9814] | segments=1 | osm_nodes=537
[2026-07-31 10:24:05] [INFO] [Thread-ThreadPoolExecutor-0_13] Pre-matching filter removed 5 side-stub point(s) from shape_id=68006655
[2026-07-31 10:24:05] [INFO] [Thread-ThreadPoolExecutor-0_11] Pre-matching filter removed 47 side-stub point(s) from shape_id=68006547
[2026-07-31 10:24:05] [INFO] [Thread-ThreadPoolExecutor-0_1] Successfully processed shape_id=68006399 | distance=11765.8m | confidence=[0.9845] | segments=1 | osm_nodes=576
[2026-07-31 10:24:05] [INFO] [Thread-ThreadPoolExecutor-0_6] Successfully processed shape_id=68006128 | distance=16476.8m | confidence=[0.9837] | segments=1 | osm_nodes=932
[2026-07-31 10:24:05] [INFO] [Thread-ThreadPoolExecutor-0_10] Successfully processed shape_id=68006395 | distance=13893.2m | confidence=[0.9851] | segments=1 | osm_nodes=687
[2026-07-31 10:24:05] [INFO] [Thread-ThreadPoolExecutor-0_4] Successfully processed shape_id=68006403 | distance=12377.3m | confidence=[0.9846] | segments=1 | osm_nodes=556
[2026-07-31 10:24:05] [INFO] [Thread-ThreadPoolExecutor-0_14] Successfully processed shape_id=68006652 | distance=6785.3m | confidence=[0.9759] | segments=1 | osm_nodes=1120
[2026-07-31 10:24:05] [INFO] [Thread-ThreadPoolExecutor-0_2] Successfully processed shape_id=68006400 | distance=12822.8m | confidence=[0.9844] | segments=1 | osm_nodes=633
[2026-07-31 10:24:05] [INFO] [Thread-ThreadPoolExecutor-0_9] Pre-matching filter removed 93 side-stub point(s) from shape_id=68006410
[2026-07-31 10:24:05] [INFO] [Thread-ThreadPoolExecutor-0_11] Successfully processed shape_id=68006547 | distance=10746.6m | confidence=[0.9822] | segments=1 | osm_nodes=522
[2026-07-31 10:24:05] [INFO] [Thread-ThreadPoolExecutor-0_11] Pre-matching filter removed 32 side-stub point(s) from shape_id=68006771
[2026-07-31 10:24:05] [INFO] [Thread-ThreadPoolExecutor-0_12] Successfully processed shape_id=68006653 | distance=4943.3m | confidence=[0.9725] | segments=1 | osm_nodes=800
[2026-07-31 10:24:05] [INFO] [Thread-ThreadPoolExecutor-0_13] Successfully processed shape_id=68006655 | distance=6714.1m | confidence=[0.9852] | segments=1 | osm_nodes=1083
[2026-07-31 10:24:05] [INFO] [Thread-ThreadPoolExecutor-0_13] Pre-matching filter removed 25 side-stub point(s) from shape_id=68006773
[2026-07-31 10:24:06] [INFO] [Thread-ThreadPoolExecutor-0_1] Pre-matching filter removed 33 side-stub point(s) from shape_id=68006656
[2026-07-31 10:24:06] [INFO] [Thread-ThreadPoolExecutor-0_9] Successfully processed shape_id=68006410 | distance=8837.1m | confidence=[0.9856] | segments=1 | osm_nodes=544
[2026-07-31 10:24:06] [INFO] [Thread-ThreadPoolExecutor-0_1] Successfully processed shape_id=68006656 | distance=17019.0m | confidence=[0.9825] | segments=1 | osm_nodes=804
[2026-07-31 10:24:06] [INFO] [Thread-ThreadPoolExecutor-0_11] Successfully processed shape_id=68006771 | distance=3988.6m | confidence=[0.9814] | segments=1 | osm_nodes=815
[2026-07-31 10:24:06] [INFO] [Thread-ThreadPoolExecutor-0_3] Successfully processed shape_id=68006351 | distance=7206.0m | confidence=[0.9809] | segments=1 | osm_nodes=1267
[2026-07-31 10:24:06] [INFO] [Thread-ThreadPoolExecutor-0_13] Successfully processed shape_id=68006773 | distance=4028.8m | confidence=[0.9714] | segments=1 | osm_nodes=789
[2026-07-31 10:24:06] [INFO] [Thread-ThreadPoolExecutor-0_0] Pre-matching filter removed 90 side-stub point(s) from shape_id=68006586
[2026-07-31 10:24:06] [INFO] [Thread-ThreadPoolExecutor-0_7] Pre-matching filter removed 97 side-stub point(s) from shape_id=68006581
[2026-07-31 10:24:06] [INFO] [Thread-ThreadPoolExecutor-0_0] Successfully processed shape_id=68006586 | distance=13970.7m | confidence=[0.9854] | segments=1 | osm_nodes=694
[2026-07-31 10:24:06] [INFO] [Thread-ThreadPoolExecutor-0_5] Pre-matching filter removed 101 side-stub point(s) from shape_id=68006582
[2026-07-31 10:24:07] [INFO] [Thread-ThreadPoolExecutor-0_7] Successfully processed shape_id=68006581 | distance=15726.3m | confidence=[0.985] | segments=1 | osm_nodes=776
[2026-07-31 10:24:07] [INFO] [Thread-ThreadPoolExecutor-0_5] Successfully processed shape_id=68006582 | distance=15989.2m | confidence=[0.9855] | segments=1 | osm_nodes=797
[2026-07-31 10:24:07] [INFO] [Thread-ThreadPoolExecutor-0_5] Pre-matching filter removed 7 side-stub point(s) from shape_id=68006982
[2026-07-31 10:24:07] [INFO] [Thread-ThreadPoolExecutor-0_4] Pre-matching filter removed 81 side-stub point(s) from shape_id=68006661
[2026-07-31 10:24:07] [INFO] [Thread-ThreadPoolExecutor-0_5] Successfully processed shape_id=68006982 | distance=4104.6m | confidence=[0.9512] | segments=1 | osm_nodes=638
[2026-07-31 10:24:07] [INFO] [Thread-ThreadPoolExecutor-0_4] Successfully processed shape_id=68006661 | distance=16281.1m | confidence=[0.982] | segments=1 | osm_nodes=877
[2026-07-31 10:24:07] [INFO] [Thread-ThreadPoolExecutor-0_7] Pre-matching filter removed 18 side-stub point(s) from shape_id=68006980
[2026-07-31 10:24:08] [INFO] [Thread-ThreadPoolExecutor-0_14] Pre-matching filter removed 79 side-stub point(s) from shape_id=68006662
[2026-07-31 10:24:08] [INFO] [Thread-ThreadPoolExecutor-0_7] Successfully processed shape_id=68006980 | distance=15598.2m | confidence=[0.9828] | segments=1 | osm_nodes=587
[2026-07-31 10:24:08] [INFO] [Thread-ThreadPoolExecutor-0_7] Pre-matching filter removed 11 side-stub point(s) from shape_id=68007010
[2026-07-31 10:24:08] [INFO] [Thread-ThreadPoolExecutor-0_9] Pre-matching filter removed 52 side-stub point(s) from shape_id=68006775
[2026-07-31 10:24:08] [INFO] [Thread-ThreadPoolExecutor-0_14] Successfully processed shape_id=68006662 | distance=15348.0m | confidence=[0.9841] | segments=1 | osm_nodes=807
[2026-07-31 10:24:08] [INFO] [Thread-ThreadPoolExecutor-0_14] Pre-matching filter removed 15 side-stub point(s) from shape_id=68007012
[2026-07-31 10:24:08] [INFO] [Thread-ThreadPoolExecutor-0_7] Successfully processed shape_id=68007010 | distance=4015.6m | confidence=[0.0832] | segments=1 | osm_nodes=660
[2026-07-31 10:24:08] [INFO] [Thread-ThreadPoolExecutor-0_9] Successfully processed shape_id=68006775 | distance=16583.6m | confidence=[0.9618] | segments=1 | osm_nodes=703
[2026-07-31 10:24:08] [INFO] [Thread-ThreadPoolExecutor-0_14] Successfully processed shape_id=68007012 | distance=3845.3m | confidence=[0.9829] | segments=1 | osm_nodes=653
[2026-07-31 10:24:08] [INFO] [Thread-ThreadPoolExecutor-0_4] Pre-matching filter removed 17 side-stub point(s) from shape_id=68007006
[2026-07-31 10:24:08] [INFO] [Thread-ThreadPoolExecutor-0_5] Pre-matching filter removed 22 side-stub point(s) from shape_id=68007005
[2026-07-31 10:24:08] [INFO] [Thread-ThreadPoolExecutor-0_12] Pre-matching filter removed 77 side-stub point(s) from shape_id=68006772
[2026-07-31 10:24:08] [INFO] [Thread-ThreadPoolExecutor-0_4] Successfully processed shape_id=68007006 | distance=27127.7m | confidence=[0.9831] | segments=1 | osm_nodes=1143
[2026-07-31 10:24:08] [INFO] [Thread-ThreadPoolExecutor-0_5] Successfully processed shape_id=68007005 | distance=25990.2m | confidence=[0.9839] | segments=1 | osm_nodes=1152
[2026-07-31 10:24:08] [INFO] [Thread-ThreadPoolExecutor-0_8] Pre-matching filter removed 184 side-stub point(s) from shape_id=68006414
[2026-07-31 10:24:08] [INFO] [Thread-ThreadPoolExecutor-0_12] Successfully processed shape_id=68006772 | distance=19738.0m | confidence=[0.9751] | segments=1 | osm_nodes=914
[2026-07-31 10:24:09] [INFO] [Thread-ThreadPoolExecutor-0_15] Pre-matching filter removed 145 side-stub point(s) from shape_id=68006643
[2026-07-31 10:24:09] [INFO] [Thread-ThreadPoolExecutor-0_11] Pre-matching filter removed 91 side-stub point(s) from shape_id=68006777
[2026-07-31 10:24:09] [INFO] [Thread-ThreadPoolExecutor-0_10] Pre-matching filter removed 137 side-stub point(s) from shape_id=68006658
[2026-07-31 10:24:09] [INFO] [Thread-ThreadPoolExecutor-0_6] Pre-matching filter removed 135 side-stub point(s) from shape_id=68006657
[2026-07-31 10:24:09] [INFO] [Thread-ThreadPoolExecutor-0_15] Successfully processed shape_id=68006643 | distance=22639.2m | confidence=[0.9834] | segments=1 | osm_nodes=1020
[2026-07-31 10:24:09] [INFO] [Thread-ThreadPoolExecutor-0_11] Successfully processed shape_id=68006777 | distance=15957.8m | confidence=[0.9822] | segments=1 | osm_nodes=743
[2026-07-31 10:24:09] [INFO] [Thread-ThreadPoolExecutor-0_6] Successfully processed shape_id=68006657 | distance=16935.1m | confidence=[0.9813] | segments=1 | osm_nodes=812
[2026-07-31 10:24:09] [INFO] [Thread-ThreadPoolExecutor-0_8] Successfully processed shape_id=68006414 | distance=17588.6m | confidence=[0.986] | segments=1 | osm_nodes=1032
[2026-07-31 10:24:09] [INFO] [Thread-ThreadPoolExecutor-0_10] Successfully processed shape_id=68006658 | distance=16100.1m | confidence=[0.9851] | segments=1 | osm_nodes=833
[2026-07-31 10:24:09] [INFO] [Thread-ThreadPoolExecutor-0_10] Pre-matching filter removed 48 side-stub point(s) from shape_id=68007027
[2026-07-31 10:24:09] [INFO] [Thread-ThreadPoolExecutor-0_2] Pre-matching filter removed 131 side-stub point(s) from shape_id=68006665
[2026-07-31 10:24:10] [INFO] [Thread-ThreadPoolExecutor-0_13] Pre-matching filter removed 99 side-stub point(s) from shape_id=68006779
[2026-07-31 10:24:10] [INFO] [Thread-ThreadPoolExecutor-0_1] Pre-matching filter removed 105 side-stub point(s) from shape_id=68006776
[2026-07-31 10:24:10] [INFO] [Thread-ThreadPoolExecutor-0_9] Pre-matching filter removed 47 side-stub point(s) from shape_id=68007015
[2026-07-31 10:24:10] [INFO] [Thread-ThreadPoolExecutor-0_2] Successfully processed shape_id=68006665 | distance=15087.5m | confidence=[0.9843] | segments=1 | osm_nodes=755
[2026-07-31 10:24:10] [INFO] [Thread-ThreadPoolExecutor-0_9] Successfully processed shape_id=68007015 | distance=15216.0m | confidence=[0.9845] | segments=1 | osm_nodes=799
[2026-07-31 10:24:10] [INFO] [Thread-ThreadPoolExecutor-0_7] Pre-matching filter removed 55 side-stub point(s) from shape_id=68007014
[2026-07-31 10:24:10] [INFO] [Thread-ThreadPoolExecutor-0_13] Successfully processed shape_id=68006779 | distance=16900.0m | confidence=[0.9845] | segments=1 | osm_nodes=841
[2026-07-31 10:24:10] [INFO] [Thread-ThreadPoolExecutor-0_1] Successfully processed shape_id=68006776 | distance=19000.8m | confidence=[0.9823] | segments=1 | osm_nodes=927
[2026-07-31 10:24:10] [INFO] [Thread-ThreadPoolExecutor-0_1] Pre-matching filter removed 40 side-stub point(s) from shape_id=68007031
[2026-07-31 10:24:10] [INFO] [Thread-ThreadPoolExecutor-0_7] Successfully processed shape_id=68007014 | distance=15145.7m | confidence=[0.9849] | segments=1 | osm_nodes=771
[2026-07-31 10:24:10] [INFO] [Thread-ThreadPoolExecutor-0_5] Pre-matching filter removed 51 side-stub point(s) from shape_id=68007020
[2026-07-31 10:24:10] [INFO] [Thread-ThreadPoolExecutor-0_10] Successfully processed shape_id=68007027 | distance=6090.5m | confidence=[0.9538] | segments=1 | osm_nodes=1182
[2026-07-31 10:24:10] [INFO] [Thread-ThreadPoolExecutor-0_12] Pre-matching filter removed 44 side-stub point(s) from shape_id=68007021
[2026-07-31 10:24:10] [INFO] [Thread-ThreadPoolExecutor-0_5] Successfully processed shape_id=68007020 | distance=7489.4m | confidence=[0.9843] | segments=1 | osm_nodes=407
[2026-07-31 10:24:10] [INFO] [Thread-ThreadPoolExecutor-0_3] Pre-matching filter removed 113 side-stub point(s) from shape_id=68006778
[2026-07-31 10:24:10] [INFO] [Thread-ThreadPoolExecutor-0_12] Successfully processed shape_id=68007021 | distance=7488.1m | confidence=[0.9836] | segments=1 | osm_nodes=379
[2026-07-31 10:24:10] [INFO] [Thread-ThreadPoolExecutor-0_14] Pre-matching filter removed 63 side-stub point(s) from shape_id=68007016
[2026-07-31 10:24:10] [INFO] [Thread-ThreadPoolExecutor-0_14] Successfully processed shape_id=68007016 | distance=6711.2m | confidence=[0.9802] | segments=1 | osm_nodes=320
[2026-07-31 10:24:11] [INFO] [Thread-ThreadPoolExecutor-0_0] Pre-matching filter removed 122 side-stub point(s) from shape_id=68006872
[2026-07-31 10:24:11] [INFO] [Thread-ThreadPoolExecutor-0_4] Pre-matching filter removed 67 side-stub point(s) from shape_id=68007018
[2026-07-31 10:24:11] [INFO] [Thread-ThreadPoolExecutor-0_4] Successfully processed shape_id=68007018 | distance=6907.6m | confidence=[0.985] | segments=1 | osm_nodes=331
[2026-07-31 10:24:11] [INFO] [Thread-ThreadPoolExecutor-0_1] Successfully processed shape_id=68007031 | distance=5912.3m | confidence=[0.9788] | segments=1 | osm_nodes=1194
[2026-07-31 10:24:11] [INFO] [Thread-ThreadPoolExecutor-0_3] Successfully processed shape_id=68006778 | distance=19943.0m | confidence=[0.9842] | segments=1 | osm_nodes=1025
[2026-07-31 10:24:11] [INFO] [Thread-ThreadPoolExecutor-0_0] Successfully processed shape_id=68006872 | distance=12788.0m | confidence=[0.9829] | segments=1 | osm_nodes=513
[2026-07-31 10:24:12] [INFO] [Thread-ThreadPoolExecutor-0_5] Pre-matching filter removed 56 side-stub point(s) from shape_id=68007101
[2026-07-31 10:24:12] [INFO] [Thread-ThreadPoolExecutor-0_5] Successfully processed shape_id=68007101 | distance=9036.2m | confidence=[0.9257] | segments=1 | osm_nodes=544
[2026-07-31 10:24:12] [INFO] [Thread-ThreadPoolExecutor-0_15] Pre-matching filter removed 91 side-stub point(s) from shape_id=68007022
[2026-07-31 10:24:12] [INFO] [Thread-ThreadPoolExecutor-0_15] Successfully processed shape_id=68007022 | distance=8600.4m | confidence=[0.9858] | segments=1 | osm_nodes=390
[2026-07-31 10:24:12] [INFO] [Thread-ThreadPoolExecutor-0_6] Pre-matching filter removed 97 side-stub point(s) from shape_id=68007024
[2026-07-31 10:24:12] [INFO] [Thread-ThreadPoolExecutor-0_10] Pre-matching filter removed 79 side-stub point(s) from shape_id=68007100
[2026-07-31 10:24:12] [INFO] [Thread-ThreadPoolExecutor-0_10] Successfully processed shape_id=68007100 | distance=8930.9m | confidence=[0.9834] | segments=1 | osm_nodes=515
[2026-07-31 10:24:12] [INFO] [Thread-ThreadPoolExecutor-0_6] Successfully processed shape_id=68007024 | distance=9055.3m | confidence=[0.9839] | segments=1 | osm_nodes=427
[2026-07-31 10:24:13] [INFO] [Thread-ThreadPoolExecutor-0_12] Pre-matching filter removed 81 side-stub point(s) from shape_id=68007103
[2026-07-31 10:24:13] [INFO] [Thread-ThreadPoolExecutor-0_12] Successfully processed shape_id=68007103 | distance=14339.3m | confidence=[0.9587] | segments=1 | osm_nodes=793
[2026-07-31 10:24:13] [INFO] [Thread-ThreadPoolExecutor-0_2] Pre-matching filter removed 119 side-stub point(s) from shape_id=68007028
[2026-07-31 10:24:13] [INFO] [Thread-ThreadPoolExecutor-0_2] Successfully processed shape_id=68007028 | distance=13822.4m | confidence=[0.9821] | segments=1 | osm_nodes=729
[2026-07-31 10:24:14] [INFO] [Thread-ThreadPoolExecutor-0_4] Pre-matching filter removed 88 side-stub point(s) from shape_id=68007105
[2026-07-31 10:24:14] [INFO] [Thread-ThreadPoolExecutor-0_4] Successfully processed shape_id=68007105 | distance=9857.9m | confidence=[0.9835] | segments=1 | osm_nodes=546
[2026-07-31 10:24:14] [INFO] [Thread-ThreadPoolExecutor-0_13] Pre-matching filter removed 118 side-stub point(s) from shape_id=68007030
[2026-07-31 10:24:14] [INFO] [Thread-ThreadPoolExecutor-0_13] Successfully processed shape_id=68007030 | distance=13857.2m | confidence=[0.985] | segments=1 | osm_nodes=730
[2026-07-31 10:24:14] [INFO] [Thread-ThreadPoolExecutor-0_11] Pre-matching filter removed 150 side-stub point(s) from shape_id=68007023
[2026-07-31 10:24:14] [INFO] [Thread-ThreadPoolExecutor-0_9] Pre-matching filter removed 136 side-stub point(s) from shape_id=68007029
[2026-07-31 10:24:14] [INFO] [Thread-ThreadPoolExecutor-0_11] Successfully processed shape_id=68007023 | distance=14839.3m | confidence=[0.9846] | segments=1 | osm_nodes=666
[2026-07-31 10:24:14] [INFO] [Thread-ThreadPoolExecutor-0_3] Pre-matching filter removed 111 side-stub point(s) from shape_id=68007108
[2026-07-31 10:24:15] [INFO] [Thread-ThreadPoolExecutor-0_8] Pre-matching filter removed 154 side-stub point(s) from shape_id=68007025
[2026-07-31 10:24:15] [INFO] [Thread-ThreadPoolExecutor-0_7] Pre-matching filter removed 133 side-stub point(s) from shape_id=68007032
[2026-07-31 10:24:15] [INFO] [Thread-ThreadPoolExecutor-0_9] Successfully processed shape_id=68007029 | distance=15387.7m | confidence=[0.9832] | segments=1 | osm_nodes=792
[2026-07-31 10:24:15] [INFO] [Thread-ThreadPoolExecutor-0_14] Pre-matching filter removed 123 side-stub point(s) from shape_id=68007104
[2026-07-31 10:24:15] [INFO] [Thread-ThreadPoolExecutor-0_7] Successfully processed shape_id=68007032 | distance=15387.2m | confidence=[0.9855] | segments=1 | osm_nodes=784
[2026-07-31 10:24:15] [INFO] [Thread-ThreadPoolExecutor-0_7] Pre-matching filter removed 15 side-stub point(s) from shape_id=68007134
[2026-07-31 10:24:15] [INFO] [Thread-ThreadPoolExecutor-0_8] Successfully processed shape_id=68007025 | distance=15690.8m | confidence=[0.9857] | segments=1 | osm_nodes=731
[2026-07-31 10:24:15] [INFO] [Thread-ThreadPoolExecutor-0_14] Successfully processed shape_id=68007104 | distance=14304.6m | confidence=[0.9842] | segments=1 | osm_nodes=763
[2026-07-31 10:24:15] [INFO] [Thread-ThreadPoolExecutor-0_8] Pre-matching filter removed 1 side-stub point(s) from shape_id=68007135
[2026-07-31 10:24:15] [INFO] [Thread-ThreadPoolExecutor-0_3] Successfully processed shape_id=68007108 | distance=19490.5m | confidence=[0.9624] | segments=1 | osm_nodes=974
[2026-07-31 10:24:15] [INFO] [Thread-ThreadPoolExecutor-0_8] Successfully processed shape_id=68007135 | distance=4663.6m | confidence=[0.9852] | segments=1 | osm_nodes=717
[2026-07-31 10:24:15] [INFO] [Thread-ThreadPoolExecutor-0_7] Successfully processed shape_id=68007134 | distance=5703.0m | confidence=[0.7685] | segments=1 | osm_nodes=939
[2026-07-31 10:24:15] [INFO] [Thread-ThreadPoolExecutor-0_0] Pre-matching filter removed 117 side-stub point(s) from shape_id=68007109
[2026-07-31 10:24:16] [INFO] [Thread-ThreadPoolExecutor-0_1] Pre-matching filter removed 135 side-stub point(s) from shape_id=68007107
[2026-07-31 10:24:16] [INFO] [Thread-ThreadPoolExecutor-0_2] Pre-matching filter removed 58 side-stub point(s) from shape_id=68007124
[2026-07-31 10:24:16] [INFO] [Thread-ThreadPoolExecutor-0_0] Successfully processed shape_id=68007109 | distance=26377.4m | confidence=[0.9725] | segments=1 | osm_nodes=1346
[2026-07-31 10:24:16] [INFO] [Thread-ThreadPoolExecutor-0_15] Pre-matching filter removed 98 side-stub point(s) from shape_id=68007111
[2026-07-31 10:24:16] [INFO] [Thread-ThreadPoolExecutor-0_6] Pre-matching filter removed 93 side-stub point(s) from shape_id=68007119
[2026-07-31 10:24:16] [INFO] [Thread-ThreadPoolExecutor-0_2] Successfully processed shape_id=68007124 | distance=17318.3m | confidence=[0.9305] | segments=1 | osm_nodes=924
[2026-07-31 10:24:16] [INFO] [Thread-ThreadPoolExecutor-0_1] Successfully processed shape_id=68007107 | distance=21705.9m | confidence=[0.9855] | segments=1 | osm_nodes=1065
[2026-07-31 10:24:16] [INFO] [Thread-ThreadPoolExecutor-0_5] Pre-matching filter removed 104 side-stub point(s) from shape_id=68007110
[2026-07-31 10:24:16] [INFO] [Thread-ThreadPoolExecutor-0_15] Successfully processed shape_id=68007111 | distance=21596.1m | confidence=[0.9712] | segments=1 | osm_nodes=1116
[2026-07-31 10:24:16] [INFO] [Thread-ThreadPoolExecutor-0_10] Pre-matching filter removed 100 side-stub point(s) from shape_id=68007112
[2026-07-31 10:24:16] [INFO] [Thread-ThreadPoolExecutor-0_6] Successfully processed shape_id=68007119 | distance=17029.6m | confidence=[0.9139] | segments=1 | osm_nodes=898
[2026-07-31 10:24:16] [INFO] [Thread-ThreadPoolExecutor-0_12] Pre-matching filter removed 95 side-stub point(s) from shape_id=68007120
[2026-07-31 10:24:16] [INFO] [Thread-ThreadPoolExecutor-0_5] Successfully processed shape_id=68007110 | distance=22310.7m | confidence=[0.9717] | segments=1 | osm_nodes=1128
[2026-07-31 10:24:17] [INFO] [Thread-ThreadPoolExecutor-0_10] Successfully processed shape_id=68007112 | distance=16779.2m | confidence=[0.9573] | segments=1 | osm_nodes=867
[2026-07-31 10:24:17] [INFO] [Thread-ThreadPoolExecutor-0_12] Successfully processed shape_id=68007120 | distance=21802.9m | confidence=[0.9466] | segments=1 | osm_nodes=1147
[2026-07-31 10:24:17] [INFO] [Thread-ThreadPoolExecutor-0_14] Pre-matching filter removed 65 side-stub point(s) from shape_id=68007170
[2026-07-31 10:24:17] [INFO] [Thread-ThreadPoolExecutor-0_14] Successfully processed shape_id=68007170 | distance=7383.0m | confidence=[0.9829] | segments=1 | osm_nodes=477
[2026-07-31 10:24:17] [INFO] [Thread-ThreadPoolExecutor-0_4] Pre-matching filter removed 98 side-stub point(s) from shape_id=68007127
[2026-07-31 10:24:17] [INFO] [Thread-ThreadPoolExecutor-0_3] Pre-matching filter removed 70 side-stub point(s) from shape_id=68007171
[2026-07-31 10:24:17] [INFO] [Thread-ThreadPoolExecutor-0_4] Successfully processed shape_id=68007127 | distance=9994.1m | confidence=[0.9839] | segments=1 | osm_nodes=483
[2026-07-31 10:24:17] [INFO] [Thread-ThreadPoolExecutor-0_3] Successfully processed shape_id=68007171 | distance=7362.9m | confidence=[0.9798] | segments=1 | osm_nodes=472
[2026-07-31 10:24:17] [INFO] [Thread-ThreadPoolExecutor-0_10] Pre-matching filter removed 26 side-stub point(s) from shape_id=68007443
[2026-07-31 10:24:17] [INFO] [Thread-ThreadPoolExecutor-0_7] Pre-matching filter removed 71 side-stub point(s) from shape_id=68007174
[2026-07-31 10:24:17] [INFO] [Thread-ThreadPoolExecutor-0_7] Successfully processed shape_id=68007174 | distance=7194.0m | confidence=[0.9858] | segments=1 | osm_nodes=420
[2026-07-31 10:24:17] [INFO] [Thread-ThreadPoolExecutor-0_10] Successfully processed shape_id=68007443 | distance=10827.0m | confidence=[0.9834] | segments=1 | osm_nodes=480
[2026-07-31 10:24:18] [INFO] [Thread-ThreadPoolExecutor-0_0] Pre-matching filter removed 66 side-stub point(s) from shape_id=68007175
[2026-07-31 10:24:18] [INFO] [Thread-ThreadPoolExecutor-0_2] Pre-matching filter removed 61 side-stub point(s) from shape_id=68007176
[2026-07-31 10:24:18] [INFO] [Thread-ThreadPoolExecutor-0_2] Successfully processed shape_id=68007176 | distance=6681.7m | confidence=[0.9826] | segments=1 | osm_nodes=332
[2026-07-31 10:24:18] [INFO] [Thread-ThreadPoolExecutor-0_13] Pre-matching filter removed 116 side-stub point(s) from shape_id=68007128
[2026-07-31 10:24:18] [INFO] [Thread-ThreadPoolExecutor-0_1] Pre-matching filter removed 60 side-stub point(s) from shape_id=68007177
[2026-07-31 10:24:18] [INFO] [Thread-ThreadPoolExecutor-0_8] Pre-matching filter removed 90 side-stub point(s) from shape_id=68007172
[2026-07-31 10:24:18] [INFO] [Thread-ThreadPoolExecutor-0_9] Pre-matching filter removed 100 side-stub point(s) from shape_id=68007131
[2026-07-31 10:24:18] [INFO] [Thread-ThreadPoolExecutor-0_1] Successfully processed shape_id=68007177 | distance=6810.4m | confidence=[0.9734] | segments=1 | osm_nodes=342
[2026-07-31 10:24:18] [INFO] [Thread-ThreadPoolExecutor-0_0] Successfully processed shape_id=68007175 | distance=7632.7m | confidence=[0.9794] | segments=1 | osm_nodes=449
[2026-07-31 10:24:18] [INFO] [Thread-ThreadPoolExecutor-0_1] Pre-matching filter removed 22 side-stub point(s) from shape_id=68007455
[2026-07-31 10:24:18] [INFO] [Thread-ThreadPoolExecutor-0_11] Pre-matching filter removed 116 side-stub point(s) from shape_id=68007129
[2026-07-31 10:24:18] [INFO] [Thread-ThreadPoolExecutor-0_13] Successfully processed shape_id=68007128 | distance=11589.9m | confidence=[0.9856] | segments=1 | osm_nodes=548
[2026-07-31 10:24:18] [INFO] [Thread-ThreadPoolExecutor-0_13] Pre-matching filter removed 25 side-stub point(s) from shape_id=68007457
[2026-07-31 10:24:18] [INFO] [Thread-ThreadPoolExecutor-0_9] Successfully processed shape_id=68007131 | distance=9888.0m | confidence=[0.9843] | segments=1 | osm_nodes=489
[2026-07-31 10:24:18] [INFO] [Thread-ThreadPoolExecutor-0_8] Successfully processed shape_id=68007172 | distance=9505.4m | confidence=[0.9829] | segments=1 | osm_nodes=438
[2026-07-31 10:24:18] [INFO] [Thread-ThreadPoolExecutor-0_11] Successfully processed shape_id=68007129 | distance=11564.8m | confidence=[0.9849] | segments=1 | osm_nodes=557
[2026-07-31 10:24:18] [INFO] [Thread-ThreadPoolExecutor-0_15] Pre-matching filter removed 65 side-stub point(s) from shape_id=68007204
[2026-07-31 10:24:18] [INFO] [Thread-ThreadPoolExecutor-0_12] Pre-matching filter removed 47 side-stub point(s) from shape_id=68007444
[2026-07-31 10:24:18] [INFO] [Thread-ThreadPoolExecutor-0_5] Pre-matching filter removed 61 side-stub point(s) from shape_id=68007385
[2026-07-31 10:24:18] [INFO] [Thread-ThreadPoolExecutor-0_15] Successfully processed shape_id=68007204 | distance=12407.1m | confidence=[0.7427] | segments=1 | osm_nodes=714
[2026-07-31 10:24:18] [INFO] [Thread-ThreadPoolExecutor-0_1] Successfully processed shape_id=68007455 | distance=6199.8m | confidence=[0.9831] | segments=1 | osm_nodes=1157
[2026-07-31 10:24:18] [INFO] [Thread-ThreadPoolExecutor-0_13] Successfully processed shape_id=68007457 | distance=6350.4m | confidence=[0.9803] | segments=1 | osm_nodes=1149
[2026-07-31 10:24:18] [INFO] [Thread-ThreadPoolExecutor-0_12] Successfully processed shape_id=68007444 | distance=12318.2m | confidence=[0.9822] | segments=1 | osm_nodes=567
[2026-07-31 10:24:18] [INFO] [Thread-ThreadPoolExecutor-0_4] Pre-matching filter removed 51 side-stub point(s) from shape_id=68007448
[2026-07-31 10:24:19] [INFO] [Thread-ThreadPoolExecutor-0_5] Successfully processed shape_id=68007385 | distance=16488.6m | confidence=[0.9831] | segments=1 | osm_nodes=717
[2026-07-31 10:24:19] [INFO] [Thread-ThreadPoolExecutor-0_2] Pre-matching filter removed 45 side-stub point(s) from shape_id=68007452
[2026-07-31 10:24:19] [INFO] [Thread-ThreadPoolExecutor-0_6] Pre-matching filter removed 89 side-stub point(s) from shape_id=68007205
[2026-07-31 10:24:19] [INFO] [Thread-ThreadPoolExecutor-0_4] Successfully processed shape_id=68007448 | distance=10848.2m | confidence=[0.9853] | segments=1 | osm_nodes=561
[2026-07-31 10:24:19] [INFO] [Thread-ThreadPoolExecutor-0_14] Pre-matching filter removed 73 side-stub point(s) from shape_id=68007445
[2026-07-31 10:24:19] [INFO] [Thread-ThreadPoolExecutor-0_3] Pre-matching filter removed 68 side-stub point(s) from shape_id=68007449
[2026-07-31 10:24:19] [INFO] [Thread-ThreadPoolExecutor-0_6] Successfully processed shape_id=68007205 | distance=16702.0m | confidence=[0.8706] | segments=1 | osm_nodes=922
[2026-07-31 10:24:19] [INFO] [Thread-ThreadPoolExecutor-0_2] Successfully processed shape_id=68007452 | distance=9946.2m | confidence=[0.9853] | segments=1 | osm_nodes=495
[2026-07-31 10:24:19] [INFO] [Thread-ThreadPoolExecutor-0_0] Pre-matching filter removed 50 side-stub point(s) from shape_id=68007456
[2026-07-31 10:24:19] [INFO] [Thread-ThreadPoolExecutor-0_0] Successfully processed shape_id=68007456 | distance=15000.2m | confidence=[0.984] | segments=1 | osm_nodes=757
[2026-07-31 10:24:19] [INFO] [Thread-ThreadPoolExecutor-0_15] Pre-matching filter removed 40 side-stub point(s) from shape_id=68007555
[2026-07-31 10:24:19] [INFO] [Thread-ThreadPoolExecutor-0_14] Successfully processed shape_id=68007445 | distance=12672.1m | confidence=[0.9846] | segments=1 | osm_nodes=648
[2026-07-31 10:24:19] [INFO] [Thread-ThreadPoolExecutor-0_3] Successfully processed shape_id=68007449 | distance=13666.0m | confidence=[0.9848] | segments=1 | osm_nodes=696
[2026-07-31 10:24:19] [INFO] [Thread-ThreadPoolExecutor-0_3] Pre-matching filter removed 33 side-stub point(s) from shape_id=68007741
[2026-07-31 10:24:19] [INFO] [Thread-ThreadPoolExecutor-0_15] Successfully processed shape_id=68007555 | distance=13476.8m | confidence=[0.9731] | segments=1 | osm_nodes=692
[2026-07-31 10:24:19] [INFO] [Thread-ThreadPoolExecutor-0_15] Pre-matching filter removed 18 side-stub point(s) from shape_id=68007742
[2026-07-31 10:24:19] [INFO] [Thread-ThreadPoolExecutor-0_1] Pre-matching filter removed 41 side-stub point(s) from shape_id=68007556
[2026-07-31 10:24:20] [INFO] [Thread-ThreadPoolExecutor-0_1] Successfully processed shape_id=68007556 | distance=13699.7m | confidence=[0.9838] | segments=1 | osm_nodes=683
[2026-07-31 10:24:20] [INFO] [Thread-ThreadPoolExecutor-0_7] Pre-matching filter removed 89 side-stub point(s) from shape_id=68007450
[2026-07-31 10:24:20] [INFO] [Thread-ThreadPoolExecutor-0_10] Pre-matching filter removed 96 side-stub point(s) from shape_id=68007451
[2026-07-31 10:24:20] [INFO] [Thread-ThreadPoolExecutor-0_3] Successfully processed shape_id=68007741 | distance=3722.9m | confidence=[0.965] | segments=1 | osm_nodes=695
[2026-07-31 10:24:20] [INFO] [Thread-ThreadPoolExecutor-0_7] Successfully processed shape_id=68007450 | distance=14299.3m | confidence=[0.9847] | segments=1 | osm_nodes=739
[2026-07-31 10:24:21] [INFO] [Thread-ThreadPoolExecutor-0_0] Pre-matching filter removed 49 side-stub point(s) from shape_id=68007727
[2026-07-31 10:24:21] [INFO] [Thread-ThreadPoolExecutor-0_11] Pre-matching filter removed 96 side-stub point(s) from shape_id=68007532
[2026-07-31 10:24:21] [INFO] [Thread-ThreadPoolExecutor-0_10] Successfully processed shape_id=68007451 | distance=16113.5m | confidence=[0.9849] | segments=1 | osm_nodes=832
[2026-07-31 10:24:21] [INFO] [Thread-ThreadPoolExecutor-0_11] Successfully processed shape_id=68007532 | distance=9791.5m | confidence=[0.9847] | segments=1 | osm_nodes=478
[2026-07-31 10:24:21] [INFO] [Thread-ThreadPoolExecutor-0_15] Successfully processed shape_id=68007742 | distance=4140.8m | confidence=[0.8366] | segments=1 | osm_nodes=770
[2026-07-31 10:24:21] [INFO] [Thread-ThreadPoolExecutor-0_15] Pre-matching filter removed 7 side-stub point(s) from shape_id=68007901
[2026-07-31 10:24:21] [INFO] [Thread-ThreadPoolExecutor-0_0] Successfully processed shape_id=68007727 | distance=11292.8m | confidence=[0.9754] | segments=1 | osm_nodes=552
[2026-07-31 10:24:21] [INFO] [Thread-ThreadPoolExecutor-0_9] Pre-matching filter removed 107 side-stub point(s) from shape_id=68007458
[2026-07-31 10:24:21] [INFO] [Thread-ThreadPoolExecutor-0_15] Successfully processed shape_id=68007901 | distance=3269.5m | confidence=[0.9858] | segments=1 | osm_nodes=614
[2026-07-31 10:24:21] [INFO] [Thread-ThreadPoolExecutor-0_9] Successfully processed shape_id=68007458 | distance=15138.2m | confidence=[0.9852] | segments=1 | osm_nodes=759
[2026-07-31 10:24:21] [INFO] [Thread-ThreadPoolExecutor-0_13] Pre-matching filter removed 91 side-stub point(s) from shape_id=68007557
[2026-07-31 10:24:21] [INFO] [Thread-ThreadPoolExecutor-0_5] Pre-matching filter removed 89 side-stub point(s) from shape_id=68007560
[2026-07-31 10:24:21] [INFO] [Thread-ThreadPoolExecutor-0_13] Successfully processed shape_id=68007557 | distance=10638.9m | confidence=[0.9721] | segments=1 | osm_nodes=560
[2026-07-31 10:24:21] [INFO] [Thread-ThreadPoolExecutor-0_2] Pre-matching filter removed 75 side-stub point(s) from shape_id=68007724
[2026-07-31 10:24:22] [INFO] [Thread-ThreadPoolExecutor-0_5] Successfully processed shape_id=68007560 | distance=11747.0m | confidence=[0.9843] | segments=1 | osm_nodes=559
[2026-07-31 10:24:22] [INFO] [Thread-ThreadPoolExecutor-0_5] Pre-matching filter removed 8 side-stub point(s) from shape_id=68008086
[2026-07-31 10:24:22] [INFO] [Thread-ThreadPoolExecutor-0_2] Successfully processed shape_id=68007724 | distance=16884.5m | confidence=[0.9755] | segments=1 | osm_nodes=688
[2026-07-31 10:24:22] [INFO] [Thread-ThreadPoolExecutor-0_2] Pre-matching filter removed 1 side-stub point(s) from shape_id=68008087
[2026-07-31 10:24:22] [INFO] [Thread-ThreadPoolExecutor-0_8] Pre-matching filter removed 132 side-stub point(s) from shape_id=68007471
[2026-07-31 10:24:22] [INFO] [Thread-ThreadPoolExecutor-0_12] Pre-matching filter removed 114 side-stub point(s) from shape_id=68007559
[2026-07-31 10:24:22] [INFO] [Thread-ThreadPoolExecutor-0_8] Successfully processed shape_id=68007471 | distance=14075.9m | confidence=[0.9845] | segments=1 | osm_nodes=709
[2026-07-31 10:24:22] [INFO] [Thread-ThreadPoolExecutor-0_8] Pre-matching filter removed 15 side-stub point(s) from shape_id=68008088
[2026-07-31 10:24:22] [INFO] [Thread-ThreadPoolExecutor-0_14] Pre-matching filter removed 89 side-stub point(s) from shape_id=68007740
[2026-07-31 10:24:22] [INFO] [Thread-ThreadPoolExecutor-0_12] Successfully processed shape_id=68007559 | distance=15570.1m | confidence=[0.9824] | segments=1 | osm_nodes=677
[2026-07-31 10:24:22] [INFO] [Thread-ThreadPoolExecutor-0_12] Pre-matching filter removed 19 side-stub point(s) from shape_id=68008089
[2026-07-31 10:24:22] [INFO] [Thread-ThreadPoolExecutor-0_14] Successfully processed shape_id=68007740 | distance=14360.9m | confidence=[0.9855] | segments=1 | osm_nodes=699
[2026-07-31 10:24:22] [INFO] [Thread-ThreadPoolExecutor-0_14] Pre-matching filter removed 12 side-stub point(s) from shape_id=68008091
[2026-07-31 10:24:22] [INFO] [Thread-ThreadPoolExecutor-0_1] Pre-matching filter removed 84 side-stub point(s) from shape_id=68007743
[2026-07-31 10:24:22] [INFO] [Thread-ThreadPoolExecutor-0_4] Pre-matching filter removed 114 side-stub point(s) from shape_id=68007561
[2026-07-31 10:24:23] [INFO] [Thread-ThreadPoolExecutor-0_1] Successfully processed shape_id=68007743 | distance=14819.0m | confidence=[0.9783] | segments=1 | osm_nodes=735
[2026-07-31 10:24:23] [INFO] [Thread-ThreadPoolExecutor-0_1] Pre-matching filter removed 37 side-stub point(s) from shape_id=68008094
[2026-07-31 10:24:23] [INFO] [Thread-ThreadPoolExecutor-0_13] Pre-matching filter removed 48 side-stub point(s) from shape_id=68008085
[2026-07-31 10:24:23] [INFO] [Thread-ThreadPoolExecutor-0_4] Successfully processed shape_id=68007561 | distance=15297.4m | confidence=[0.9834] | segments=1 | osm_nodes=694
[2026-07-31 10:24:23] [INFO] [Thread-ThreadPoolExecutor-0_3] Pre-matching filter removed 87 side-stub point(s) from shape_id=68007804
[2026-07-31 10:24:23] [INFO] [Thread-ThreadPoolExecutor-0_13] Successfully processed shape_id=68008085 | distance=7653.2m | confidence=[0.9819] | segments=1 | osm_nodes=401
[2026-07-31 10:24:23] [INFO] [Thread-ThreadPoolExecutor-0_3] Successfully processed shape_id=68007804 | distance=9298.9m | confidence=[0.9847] | segments=1 | osm_nodes=431
[2026-07-31 10:24:23] [INFO] [Thread-ThreadPoolExecutor-0_11] Pre-matching filter removed 66 side-stub point(s) from shape_id=68007873
[2026-07-31 10:24:23] [INFO] [Thread-ThreadPoolExecutor-0_7] Pre-matching filter removed 92 side-stub point(s) from shape_id=68007805
[2026-07-31 10:24:23] [INFO] [Thread-ThreadPoolExecutor-0_0] Pre-matching filter removed 71 side-stub point(s) from shape_id=68007904
[2026-07-31 10:24:23] [INFO] [Thread-ThreadPoolExecutor-0_10] Pre-matching filter removed 75 side-stub point(s) from shape_id=68007871
[2026-07-31 10:24:23] [INFO] [Thread-ThreadPoolExecutor-0_6] Pre-matching filter removed 140 side-stub point(s) from shape_id=68007570
[2026-07-31 10:24:23] [INFO] [Thread-ThreadPoolExecutor-0_11] Successfully processed shape_id=68007873 | distance=25476.7m | confidence=[0.9818] | segments=1 | osm_nodes=1414
[2026-07-31 10:24:23] [INFO] [Thread-ThreadPoolExecutor-0_7] Successfully processed shape_id=68007805 | distance=9443.1m | confidence=[0.9846] | segments=1 | osm_nodes=440
[2026-07-31 10:24:23] [INFO] [Thread-ThreadPoolExecutor-0_0] Successfully processed shape_id=68007904 | distance=16185.4m | confidence=[0.983] | segments=1 | osm_nodes=759
[2026-07-31 10:24:24] [INFO] [Thread-ThreadPoolExecutor-0_9] Pre-matching filter removed 83 side-stub point(s) from shape_id=68007911
[2026-07-31 10:24:24] [INFO] [Thread-ThreadPoolExecutor-0_10] Successfully processed shape_id=68007871 | distance=25617.4m | confidence=[0.9843] | segments=1 | osm_nodes=1407
[2026-07-31 10:24:24] [INFO] [Thread-ThreadPoolExecutor-0_15] Pre-matching filter removed 89 side-stub point(s) from shape_id=68007910
[2026-07-31 10:24:24] [INFO] [Thread-ThreadPoolExecutor-0_11] Pre-matching filter removed 21 side-stub point(s) from shape_id=68008108
[2026-07-31 10:24:24] [INFO] [Thread-ThreadPoolExecutor-0_9] Successfully processed shape_id=68007911 | distance=15042.4m | confidence=[0.9833, 0.9572] | segments=2 | osm_nodes=741
[2026-07-31 10:24:24] [INFO] [Thread-ThreadPoolExecutor-0_15] Successfully processed shape_id=68007910 | distance=15117.2m | confidence=[0.1916, 0.9856] | segments=2 | osm_nodes=768
[2026-07-31 10:24:24] [INFO] [Thread-ThreadPoolExecutor-0_3] Pre-matching filter removed 50 side-stub point(s) from shape_id=68008106
[2026-07-31 10:24:24] [INFO] [Thread-ThreadPoolExecutor-0_6] Successfully processed shape_id=68007570 | distance=13901.1m | confidence=[0.9856] | segments=1 | osm_nodes=672
[2026-07-31 10:24:24] [INFO] [Thread-ThreadPoolExecutor-0_4] Pre-matching filter removed 71 side-stub point(s) from shape_id=68008097
[2026-07-31 10:24:24] [INFO] [Thread-ThreadPoolExecutor-0_7] Pre-matching filter removed 74 side-stub point(s) from shape_id=68008110
[2026-07-31 10:24:24] [INFO] [Thread-ThreadPoolExecutor-0_11] Successfully processed shape_id=68008108 | distance=6286.9m | confidence=[0.9818] | segments=1 | osm_nodes=363
[2026-07-31 10:24:25] [INFO] [Thread-ThreadPoolExecutor-0_8] Successfully processed shape_id=68008088 | distance=3473.6m | confidence=[0.9374] | segments=1 | osm_nodes=629
[2026-07-31 10:24:25] [INFO] [Thread-ThreadPoolExecutor-0_4] Successfully processed shape_id=68008097 | distance=7132.5m | confidence=[0.9838] | segments=1 | osm_nodes=422
[2026-07-31 10:24:25] [INFO] [Thread-ThreadPoolExecutor-0_3] Successfully processed shape_id=68008106 | distance=8847.4m | confidence=[0.9817] | segments=1 | osm_nodes=516
[2026-07-31 10:24:25] [INFO] [Thread-ThreadPoolExecutor-0_0] Pre-matching filter removed 99 side-stub point(s) from shape_id=68008113
[2026-07-31 10:24:25] [INFO] [Thread-ThreadPoolExecutor-0_0] Successfully processed shape_id=68008113 | distance=10325.7m | confidence=[0.9746] | segments=1 | osm_nodes=438
[2026-07-31 10:24:25] [INFO] [Thread-ThreadPoolExecutor-0_0] Pre-matching filter removed 16 side-stub point(s) from shape_id=68008124
[2026-07-31 10:24:25] [INFO] [Thread-ThreadPoolExecutor-0_0] Successfully processed shape_id=68008124 | distance=2635.8m | confidence=[0.9588] | segments=1 | osm_nodes=514
[2026-07-31 10:24:26] [INFO] [Thread-ThreadPoolExecutor-0_9] Pre-matching filter removed 94 side-stub point(s) from shape_id=68008116
[2026-07-31 10:24:26] [INFO] [Thread-ThreadPoolExecutor-0_10] Pre-matching filter removed 113 side-stub point(s) from shape_id=68008114
[2026-07-31 10:24:26] [INFO] [Thread-ThreadPoolExecutor-0_9] Successfully processed shape_id=68008116 | distance=9973.3m | confidence=[0.9756] | segments=1 | osm_nodes=393
[2026-07-31 10:24:26] [INFO] [Thread-ThreadPoolExecutor-0_9] Pre-matching filter removed 10 side-stub point(s) from shape_id=68008127
[2026-07-31 10:24:26] [INFO] [Thread-ThreadPoolExecutor-0_10] Successfully processed shape_id=68008114 | distance=10690.4m | confidence=[0.9858] | segments=1 | osm_nodes=465
[2026-07-31 10:24:26] [INFO] [Thread-ThreadPoolExecutor-0_15] Pre-matching filter removed 108 side-stub point(s) from shape_id=68008117
[2026-07-31 10:24:26] [INFO] [Thread-ThreadPoolExecutor-0_7] Successfully processed shape_id=68008110 | distance=8777.6m | confidence=[0.9855] | segments=1 | osm_nodes=520
[2026-07-31 10:24:26] [INFO] [Thread-ThreadPoolExecutor-0_7] Pre-matching filter removed 40 side-stub point(s) from shape_id=68008143
[2026-07-31 10:24:26] [INFO] [Thread-ThreadPoolExecutor-0_0] Pre-matching filter removed 23 side-stub point(s) from shape_id=68008125
[2026-07-31 10:24:26] [INFO] [Thread-ThreadPoolExecutor-0_15] Successfully processed shape_id=68008117 | distance=10338.0m | confidence=[0.985] | segments=1 | osm_nodes=420
[2026-07-31 10:24:26] [INFO] [Thread-ThreadPoolExecutor-0_0] Successfully processed shape_id=68008125 | distance=7641.8m | confidence=[0.0709] | segments=1 | osm_nodes=417
[2026-07-31 10:24:26] [INFO] [Thread-ThreadPoolExecutor-0_0] Pre-matching filter removed 32 side-stub point(s) from shape_id=68008146
[2026-07-31 10:24:27] [INFO] [Thread-ThreadPoolExecutor-0_10] Pre-matching filter removed 27 side-stub point(s) from shape_id=68008128
[2026-07-31 10:24:27] [INFO] [Thread-ThreadPoolExecutor-0_7] Successfully processed shape_id=68008143 | distance=4193.7m | confidence=[0.674] | segments=1 | osm_nodes=852
[2026-07-31 10:24:27] [INFO] [Thread-ThreadPoolExecutor-0_10] Successfully processed shape_id=68008128 | distance=7451.4m | confidence=[0.619] | segments=1 | osm_nodes=413
[2026-07-31 10:24:27] [INFO] [Thread-ThreadPoolExecutor-0_10] Pre-matching filter removed 37 side-stub point(s) from shape_id=68008179
[2026-07-31 10:24:27] [INFO] [Thread-ThreadPoolExecutor-0_0] Successfully processed shape_id=68008146 | distance=4237.4m | confidence=[0.9842] | segments=1 | osm_nodes=839
[2026-07-31 10:24:27] [INFO] [Thread-ThreadPoolExecutor-0_0] Pre-matching filter removed 27 side-stub point(s) from shape_id=68008180
[2026-07-31 10:24:27] [INFO] [Thread-ThreadPoolExecutor-0_9] Successfully processed shape_id=68008127 | distance=4676.8m | confidence=[0.0277] | segments=1 | osm_nodes=922
[2026-07-31 10:24:27] [INFO] [Thread-ThreadPoolExecutor-0_13] Pre-matching filter removed 185 side-stub point(s) from shape_id=68008102
[2026-07-31 10:24:28] [INFO] [Thread-ThreadPoolExecutor-0_10] Successfully processed shape_id=68008179 | distance=6299.3m | confidence=[0.8535] | segments=1 | osm_nodes=1108
[2026-07-31 10:24:28] [INFO] [Thread-ThreadPoolExecutor-0_0] Successfully processed shape_id=68008180 | distance=6957.9m | confidence=[0.7405] | segments=1 | osm_nodes=1142
[2026-07-31 10:24:28] [INFO] [Thread-ThreadPoolExecutor-0_1] Successfully processed shape_id=68008094 | distance=6546.2m | confidence=[0.0224] | segments=1 | osm_nodes=1134
[2026-07-31 10:24:28] [INFO] [Thread-ThreadPoolExecutor-0_12] Successfully processed shape_id=68008089 | distance=3863.8m | confidence=[0.9196] | segments=1 | osm_nodes=702
[2026-07-31 10:24:28] [INFO] [Thread-ThreadPoolExecutor-0_13] Successfully processed shape_id=68008102 | distance=17689.5m | confidence=[0.9838] | segments=1 | osm_nodes=1018
[2026-07-31 10:24:28] [INFO] [Thread-ThreadPoolExecutor-0_15] Pre-matching filter removed 66 side-stub point(s) from shape_id=68008144
[2026-07-31 10:24:28] [INFO] [Thread-ThreadPoolExecutor-0_14] Successfully processed shape_id=68008091 | distance=3837.7m | confidence=[0.2134] | segments=1 | osm_nodes=658
[2026-07-31 10:24:28] [INFO] [Thread-ThreadPoolExecutor-0_15] Successfully processed shape_id=68008144 | distance=8028.6m | confidence=[0.9859] | segments=1 | osm_nodes=440
[2026-07-31 10:24:29] [INFO] [Thread-ThreadPoolExecutor-0_9] Pre-matching filter removed 55 side-stub point(s) from shape_id=68008184
[2026-07-31 10:24:29] [INFO] [Thread-ThreadPoolExecutor-0_5] Successfully processed shape_id=68008086 | distance=3610.7m | confidence=[0.9841] | segments=1 | osm_nodes=756
[2026-07-31 10:24:29] [INFO] [Thread-ThreadPoolExecutor-0_2] Successfully processed shape_id=68008087 | distance=3629.2m | confidence=[0.9848] | segments=1 | osm_nodes=756
[2026-07-31 10:24:29] [INFO] [Thread-ThreadPoolExecutor-0_9] Successfully processed shape_id=68008184 | distance=10727.1m | confidence=[0.983] | segments=1 | osm_nodes=528
[2026-07-31 10:24:29] [INFO] [Thread-ThreadPoolExecutor-0_5] Pre-matching filter removed 24 side-stub point(s) from shape_id=68008414
[2026-07-31 10:24:29] [INFO] [Thread-ThreadPoolExecutor-0_2] Pre-matching filter removed 23 side-stub point(s) from shape_id=68008415
[2026-07-31 10:24:29] [INFO] [Thread-ThreadPoolExecutor-0_5] Successfully processed shape_id=68008414 | distance=2666.3m | confidence=[0.9845] | segments=1 | osm_nodes=488
[2026-07-31 10:24:29] [INFO] [Thread-ThreadPoolExecutor-0_2] Successfully processed shape_id=68008415 | distance=2727.9m | confidence=[0.9355] | segments=1 | osm_nodes=486
[2026-07-31 10:24:30] [INFO] [Thread-ThreadPoolExecutor-0_4] Pre-matching filter removed 150 side-stub point(s) from shape_id=68008122
[2026-07-31 10:24:30] [INFO] [Thread-ThreadPoolExecutor-0_6] Pre-matching filter removed 180 side-stub point(s) from shape_id=68008119
[2026-07-31 10:24:30] [INFO] [Thread-ThreadPoolExecutor-0_4] Successfully processed shape_id=68008122 | distance=25168.7m | confidence=[0.9661] | segments=1 | osm_nodes=1119
[2026-07-31 10:24:30] [INFO] [Thread-ThreadPoolExecutor-0_4] Pre-matching filter removed 12 side-stub point(s) from shape_id=68008421
[2026-07-31 10:24:30] [INFO] [Thread-ThreadPoolExecutor-0_6] Successfully processed shape_id=68008119 | distance=30679.9m | confidence=[0.9836] | segments=1 | osm_nodes=1383
[2026-07-31 10:24:30] [INFO] [Thread-ThreadPoolExecutor-0_7] Pre-matching filter removed 106 side-stub point(s) from shape_id=68008147
[2026-07-31 10:24:31] [INFO] [Thread-ThreadPoolExecutor-0_5] Pre-matching filter removed 24 side-stub point(s) from shape_id=68008419
[2026-07-31 10:24:31] [INFO] [Thread-ThreadPoolExecutor-0_3] Pre-matching filter removed 152 side-stub point(s) from shape_id=68008123
[2026-07-31 10:24:31] [INFO] [Thread-ThreadPoolExecutor-0_7] Successfully processed shape_id=68008147 | distance=15675.6m | confidence=[0.9857] | segments=1 | osm_nodes=801
[2026-07-31 10:24:31] [INFO] [Thread-ThreadPoolExecutor-0_7] Pre-matching filter removed 22 side-stub point(s) from shape_id=68008423
[2026-07-31 10:24:31] [INFO] [Thread-ThreadPoolExecutor-0_5] Successfully processed shape_id=68008419 | distance=11221.8m | confidence=[0.9796] | segments=1 | osm_nodes=528
[2026-07-31 10:24:31] [INFO] [Thread-ThreadPoolExecutor-0_2] Pre-matching filter removed 31 side-stub point(s) from shape_id=68008420
[2026-07-31 10:24:31] [INFO] [Thread-ThreadPoolExecutor-0_11] Pre-matching filter removed 179 side-stub point(s) from shape_id=68008120
[2026-07-31 10:24:31] [INFO] [Thread-ThreadPoolExecutor-0_9] Pre-matching filter removed 39 side-stub point(s) from shape_id=68008418
[2026-07-31 10:24:31] [INFO] [Thread-ThreadPoolExecutor-0_2] Successfully processed shape_id=68008420 | distance=12708.0m | confidence=[0.9797] | segments=1 | osm_nodes=625
[2026-07-31 10:24:31] [INFO] [Thread-ThreadPoolExecutor-0_2] Pre-matching filter removed 30 side-stub point(s) from shape_id=68008467
[2026-07-31 10:24:31] [INFO] [Thread-ThreadPoolExecutor-0_4] Successfully processed shape_id=68008421 | distance=6215.7m | confidence=[0.9846] | segments=1 | osm_nodes=1103
[2026-07-31 10:24:31] [INFO] [Thread-ThreadPoolExecutor-0_8] Pre-matching filter removed 179 side-stub point(s) from shape_id=68008121
[2026-07-31 10:24:31] [INFO] [Thread-ThreadPoolExecutor-0_9] Successfully processed shape_id=68008418 | distance=12714.6m | confidence=[0.9852] | segments=1 | osm_nodes=596
[2026-07-31 10:24:31] [INFO] [Thread-ThreadPoolExecutor-0_3] Successfully processed shape_id=68008123 | distance=25531.2m | confidence=[0.9664] | segments=1 | osm_nodes=1147
[2026-07-31 10:24:31] [INFO] [Thread-ThreadPoolExecutor-0_11] Successfully processed shape_id=68008120 | distance=30383.6m | confidence=[0.9854] | segments=1 | osm_nodes=1344
[2026-07-31 10:24:31] [INFO] [Thread-ThreadPoolExecutor-0_3] Pre-matching filter removed 11 side-stub point(s) from shape_id=68008695
[2026-07-31 10:24:31] [INFO] [Thread-ThreadPoolExecutor-0_13] Pre-matching filter removed 74 side-stub point(s) from shape_id=68008382
[2026-07-31 10:24:31] [INFO] [Thread-ThreadPoolExecutor-0_8] Successfully processed shape_id=68008121 | distance=30538.4m | confidence=[0.9854] | segments=1 | osm_nodes=1351
[2026-07-31 10:24:31] [INFO] [Thread-ThreadPoolExecutor-0_12] Pre-matching filter removed 74 side-stub point(s) from shape_id=68008381
[2026-07-31 10:24:32] [INFO] [Thread-ThreadPoolExecutor-0_13] Successfully processed shape_id=68008382 | distance=20049.5m | confidence=[0.985] | segments=1 | osm_nodes=924
[2026-07-31 10:24:32] [INFO] [Thread-ThreadPoolExecutor-0_7] Successfully processed shape_id=68008423 | distance=6444.3m | confidence=[0.976] | segments=1 | osm_nodes=1062
[2026-07-31 10:24:32] [INFO] [Thread-ThreadPoolExecutor-0_12] Successfully processed shape_id=68008381 | distance=19459.4m | confidence=[0.9848] | segments=1 | osm_nodes=897
[2026-07-31 10:24:32] [INFO] [Thread-ThreadPoolExecutor-0_15] Pre-matching filter removed 77 side-stub point(s) from shape_id=68008413
[2026-07-31 10:24:32] [INFO] [Thread-ThreadPoolExecutor-0_10] Pre-matching filter removed 101 side-stub point(s) from shape_id=68008226
[2026-07-31 10:24:32] [INFO] [Thread-ThreadPoolExecutor-0_15] Successfully processed shape_id=68008413 | distance=7084.6m | confidence=[0.9696] | segments=1 | osm_nodes=324
[2026-07-31 10:24:32] [INFO] [Thread-ThreadPoolExecutor-0_6] Pre-matching filter removed 39 side-stub point(s) from shape_id=68008422
[2026-07-31 10:24:32] [INFO] [Thread-ThreadPoolExecutor-0_0] Pre-matching filter removed 101 side-stub point(s) from shape_id=68008227
[2026-07-31 10:24:32] [INFO] [Thread-ThreadPoolExecutor-0_2] Successfully processed shape_id=68008467 | distance=5236.7m | confidence=[0.9749] | segments=1 | osm_nodes=937
[2026-07-31 10:24:32] [INFO] [Thread-ThreadPoolExecutor-0_14] Pre-matching filter removed 97 side-stub point(s) from shape_id=68008384
[2026-07-31 10:24:32] [INFO] [Thread-ThreadPoolExecutor-0_3] Successfully processed shape_id=68008695 | distance=1584.0m | confidence=[0.9844] | segments=1 | osm_nodes=313
[2026-07-31 10:24:32] [INFO] [Thread-ThreadPoolExecutor-0_10] Successfully processed shape_id=68008226 | distance=23941.8m | confidence=[0.9848] | segments=1 | osm_nodes=1138
[2026-07-31 10:24:32] [INFO] [Thread-ThreadPoolExecutor-0_6] Successfully processed shape_id=68008422 | distance=14057.1m | confidence=[0.986] | segments=1 | osm_nodes=670
[2026-07-31 10:24:32] [INFO] [Thread-ThreadPoolExecutor-0_0] Successfully processed shape_id=68008227 | distance=24532.1m | confidence=[0.9849] | segments=1 | osm_nodes=1167
[2026-07-31 10:24:32] [INFO] [Thread-ThreadPoolExecutor-0_14] Successfully processed shape_id=68008384 | distance=16868.1m | confidence=[0.9276] | segments=1 | osm_nodes=787
[2026-07-31 10:24:33] [INFO] [Thread-ThreadPoolExecutor-0_1] Pre-matching filter removed 136 side-stub point(s) from shape_id=68008228
[2026-07-31 10:24:33] [INFO] [Thread-ThreadPoolExecutor-0_1] Successfully processed shape_id=68008228 | distance=20701.1m | confidence=[0.9722] | segments=1 | osm_nodes=1000
[2026-07-31 10:24:33] [INFO] [Thread-ThreadPoolExecutor-0_4] Pre-matching filter removed 60 side-stub point(s) from shape_id=68008469
[2026-07-31 10:24:33] [INFO] [Thread-ThreadPoolExecutor-0_4] Successfully processed shape_id=68008469 | distance=24013.4m | confidence=[0.983] | segments=1 | osm_nodes=1122
[2026-07-31 10:24:33] [INFO] [Thread-ThreadPoolExecutor-0_9] Pre-matching filter removed 71 side-stub point(s) from shape_id=68008470
[2026-07-31 10:24:34] [INFO] [Thread-ThreadPoolExecutor-0_9] Successfully processed shape_id=68008470 | distance=28394.1m | confidence=[0.983] | segments=1 | osm_nodes=1356
[2026-07-31 10:24:34] [INFO] [Thread-ThreadPoolExecutor-0_13] Pre-matching filter removed 78 side-stub point(s) from shape_id=68009343
[2026-07-31 10:24:34] [INFO] [Thread-ThreadPoolExecutor-0_13] Successfully processed shape_id=68009343 | distance=11215.5m | confidence=[0.9822] | segments=1 | osm_nodes=659
[2026-07-31 10:24:34] [INFO] [Thread-ThreadPoolExecutor-0_5] Pre-matching filter removed 103 side-stub point(s) from shape_id=68008465
[2026-07-31 10:24:34] [INFO] [Thread-ThreadPoolExecutor-0_5] Successfully processed shape_id=68008465 | distance=17504.9m | confidence=[0.9613] | segments=1 | osm_nodes=878
[2026-07-31 10:24:35] [INFO] [Thread-ThreadPoolExecutor-0_12] Pre-matching filter removed 97 side-stub point(s) from shape_id=68009364
[2026-07-31 10:24:35] [INFO] [Thread-ThreadPoolExecutor-0_12] Successfully processed shape_id=68009364 | distance=19747.0m | confidence=[0.9302] | segments=1 | osm_nodes=1029
[2026-07-31 10:24:35] [INFO] [Thread-ThreadPoolExecutor-0_15] Pre-matching filter removed 93 side-stub point(s) from shape_id=68009365
[2026-07-31 10:24:35] [INFO] [Thread-ThreadPoolExecutor-0_15] Successfully processed shape_id=68009365 | distance=22507.9m | confidence=[0.9459] | segments=1 | osm_nodes=1172
[2026-07-31 10:24:36] [INFO] [Thread-ThreadPoolExecutor-0_11] Pre-matching filter removed 138 side-stub point(s) from shape_id=68008959
[2026-07-31 10:24:36] [INFO] [Thread-ThreadPoolExecutor-0_7] Pre-matching filter removed 135 side-stub point(s) from shape_id=68009345
[2026-07-31 10:24:36] [INFO] [Thread-ThreadPoolExecutor-0_11] Successfully processed shape_id=68008959 | distance=15377.2m | confidence=[0.985] | segments=1 | osm_nodes=842
[2026-07-31 10:24:36] [INFO] [Thread-ThreadPoolExecutor-0_7] Successfully processed shape_id=68009345 | distance=17009.4m | confidence=[0.9817] | segments=1 | osm_nodes=986
[2026-07-31 10:24:37] [INFO] [Thread-ThreadPoolExecutor-0_8] Pre-matching filter removed 156 side-stub point(s) from shape_id=68009250
[2026-07-31 10:24:37] [INFO] [Thread-ThreadPoolExecutor-0_3] Pre-matching filter removed 134 side-stub point(s) from shape_id=68009370
[2026-07-31 10:24:37] [INFO] [Thread-ThreadPoolExecutor-0_8] Successfully processed shape_id=68009250 | distance=18506.7m | confidence=[0.9848] | segments=1 | osm_nodes=1004
[2026-07-31 10:24:37] [INFO] [Thread-ThreadPoolExecutor-0_3] Successfully processed shape_id=68009370 | distance=23791.8m | confidence=[0.9826] | segments=1 | osm_nodes=1077
[2026-07-31 10:24:38] [INFO] [Thread-ThreadPoolExecutor-0_12] Pre-matching filter removed 67 side-stub point(s) from shape_id=68010882
[2026-07-31 10:24:38] [INFO] [Thread-ThreadPoolExecutor-0_12] Successfully processed shape_id=68010882 | distance=7640.4m | confidence=[0.9855] | segments=1 | osm_nodes=419
[2026-07-31 10:24:38] [INFO] [Thread-ThreadPoolExecutor-0_4] Pre-matching filter removed 129 side-stub point(s) from shape_id=68009660
[2026-07-31 10:24:38] [INFO] [Thread-ThreadPoolExecutor-0_4] Successfully processed shape_id=68009660 | distance=13671.8m | confidence=[0.983] | segments=1 | osm_nodes=644
[2026-07-31 10:24:39] [INFO] [Thread-ThreadPoolExecutor-0_6] Pre-matching filter removed 163 side-stub point(s) from shape_id=68009372
[2026-07-31 10:24:39] [INFO] [Thread-ThreadPoolExecutor-0_6] Successfully processed shape_id=68009372 | distance=28171.8m | confidence=[0.9826] | segments=1 | osm_nodes=1309
[2026-07-31 10:24:39] [INFO] [Thread-ThreadPoolExecutor-0_4] Pre-matching filter removed 58 side-stub point(s) from shape_id=68010912
[2026-07-31 10:24:39] [INFO] [Thread-ThreadPoolExecutor-0_14] Pre-matching filter removed 180 side-stub point(s) from shape_id=68009375
[2026-07-31 10:24:39] [INFO] [Thread-ThreadPoolExecutor-0_4] Successfully processed shape_id=68010912 | distance=5817.2m | confidence=[0.9779] | segments=1 | osm_nodes=1092
[2026-07-31 10:24:39] [INFO] [Thread-ThreadPoolExecutor-0_0] Pre-matching filter removed 184 side-stub point(s) from shape_id=68009373
[2026-07-31 10:24:40] [INFO] [Thread-ThreadPoolExecutor-0_14] Successfully processed shape_id=68009375 | distance=30273.2m | confidence=[0.9824] | segments=1 | osm_nodes=1361
[2026-07-31 10:24:40] [INFO] [Thread-ThreadPoolExecutor-0_0] Successfully processed shape_id=68009373 | distance=27597.8m | confidence=[0.982] | segments=1 | osm_nodes=1324
[2026-07-31 10:24:40] [INFO] [Thread-ThreadPoolExecutor-0_10] Pre-matching filter removed 196 side-stub point(s) from shape_id=68009371
[2026-07-31 10:24:41] [INFO] [Thread-ThreadPoolExecutor-0_10] Successfully processed shape_id=68009371 | distance=31462.4m | confidence=[0.9836] | segments=1 | osm_nodes=1485
[2026-07-31 10:24:41] [INFO] [Thread-ThreadPoolExecutor-0_2] Pre-matching filter removed 217 side-stub point(s) from shape_id=68009368
[2026-07-31 10:24:41] [INFO] [Thread-ThreadPoolExecutor-0_5] Pre-matching filter removed 151 side-stub point(s) from shape_id=68010811
[2026-07-31 10:24:41] [INFO] [Thread-ThreadPoolExecutor-0_13] Pre-matching filter removed 153 side-stub point(s) from shape_id=68009794
[2026-07-31 10:24:41] [INFO] [Thread-ThreadPoolExecutor-0_5] Successfully processed shape_id=68010811 | distance=15427.0m | confidence=[0.9812] | segments=1 | osm_nodes=700
[2026-07-31 10:24:41] [INFO] [Thread-ThreadPoolExecutor-0_9] Pre-matching filter removed 166 side-stub point(s) from shape_id=68009717
[2026-07-31 10:24:41] [INFO] [Thread-ThreadPoolExecutor-0_2] Successfully processed shape_id=68009368 | distance=24066.7m | confidence=[0.9855] | segments=1 | osm_nodes=1345
[2026-07-31 10:24:41] [INFO] [Thread-ThreadPoolExecutor-0_13] Successfully processed shape_id=68009794 | distance=24467.0m | confidence=[0.9821] | segments=1 | osm_nodes=1161
[2026-07-31 10:24:41] [INFO] [Thread-ThreadPoolExecutor-0_9] Successfully processed shape_id=68009717 | distance=28455.1m | confidence=[0.9825] | segments=1 | osm_nodes=1308
[2026-07-31 10:24:41] [INFO] [Thread-ThreadPoolExecutor-0_12] Pre-matching filter removed 78 side-stub point(s) from shape_id=68010911
[2026-07-31 10:24:41] [INFO] [Thread-ThreadPoolExecutor-0_15] Pre-matching filter removed 139 side-stub point(s) from shape_id=68010901
[2026-07-31 10:24:42] [INFO] [Thread-ThreadPoolExecutor-0_12] Successfully processed shape_id=68010911 | distance=8414.9m | confidence=[0.9678] | segments=1 | osm_nodes=436
[2026-07-31 10:24:42] [INFO] [Thread-ThreadPoolExecutor-0_15] Successfully processed shape_id=68010901 | distance=14790.3m | confidence=[0.9807] | segments=1 | osm_nodes=643
[2026-07-31 10:24:42] [INFO] [Thread-ThreadPoolExecutor-0_1] Pre-matching filter removed 207 side-stub point(s) from shape_id=68009376
[2026-07-31 10:24:42] [INFO] [Thread-ThreadPoolExecutor-0_8] Pre-matching filter removed 122 side-stub point(s) from shape_id=68010905
[2026-07-31 10:24:42] [INFO] [Thread-ThreadPoolExecutor-0_11] Pre-matching filter removed 138 side-stub point(s) from shape_id=68010902
[2026-07-31 10:24:42] [INFO] [Thread-ThreadPoolExecutor-0_7] Pre-matching filter removed 143 side-stub point(s) from shape_id=68010903
[2026-07-31 10:24:42] [INFO] [Thread-ThreadPoolExecutor-0_1] Successfully processed shape_id=68009376 | distance=23918.8m | confidence=[0.9844] | segments=1 | osm_nodes=1310
[2026-07-31 10:24:42] [INFO] [Thread-ThreadPoolExecutor-0_8] Successfully processed shape_id=68010905 | distance=12788.0m | confidence=[0.9829] | segments=1 | osm_nodes=513
[2026-07-31 10:24:42] [INFO] [Thread-ThreadPoolExecutor-0_14] Pre-matching filter removed 71 side-stub point(s) from shape_id=68010918
[2026-07-31 10:24:42] [INFO] [Thread-ThreadPoolExecutor-0_3] Pre-matching filter removed 125 side-stub point(s) from shape_id=68010909
[2026-07-31 10:24:42] [INFO] [Thread-ThreadPoolExecutor-0_7] Successfully processed shape_id=68010903 | distance=13592.4m | confidence=[0.9789] | segments=1 | osm_nodes=622
[2026-07-31 10:24:42] [INFO] [Thread-ThreadPoolExecutor-0_14] Successfully processed shape_id=68010918 | distance=7914.8m | confidence=[0.9803] | segments=1 | osm_nodes=372
[2026-07-31 10:24:42] [INFO] [Thread-ThreadPoolExecutor-0_7] Pre-matching filter removed 28 side-stub point(s) from shape_id=68010950
[2026-07-31 10:24:42] [INFO] [Thread-ThreadPoolExecutor-0_11] Successfully processed shape_id=68010902 | distance=17561.2m | confidence=[0.9833] | segments=1 | osm_nodes=779
[2026-07-31 10:24:42] [INFO] [Thread-ThreadPoolExecutor-0_3] Successfully processed shape_id=68010909 | distance=12871.3m | confidence=[0.9806] | segments=1 | osm_nodes=585
[2026-07-31 10:24:43] [INFO] [Thread-ThreadPoolExecutor-0_4] Pre-matching filter removed 85 side-stub point(s) from shape_id=68010916
[2026-07-31 10:24:43] [INFO] [Thread-ThreadPoolExecutor-0_10] Pre-matching filter removed 66 side-stub point(s) from shape_id=68010922
[2026-07-31 10:24:43] [INFO] [Thread-ThreadPoolExecutor-0_4] Successfully processed shape_id=68010916 | distance=10492.9m | confidence=[0.9839] | segments=1 | osm_nodes=523
[2026-07-31 10:24:43] [INFO] [Thread-ThreadPoolExecutor-0_10] Successfully processed shape_id=68010922 | distance=6231.5m | confidence=[0.9859] | segments=1 | osm_nodes=267
[2026-07-31 10:24:43] [INFO] [Thread-ThreadPoolExecutor-0_10] Pre-matching filter removed 49 side-stub point(s) from shape_id=68011677
[2026-07-31 10:24:43] [INFO] [Thread-ThreadPoolExecutor-0_0] Pre-matching filter removed 93 side-stub point(s) from shape_id=68010919
[2026-07-31 10:24:43] [INFO] [Thread-ThreadPoolExecutor-0_0] Successfully processed shape_id=68010919 | distance=9562.4m | confidence=[0.9809] | segments=1 | osm_nodes=453
[2026-07-31 10:24:43] [INFO] [Thread-ThreadPoolExecutor-0_9] Pre-matching filter removed 67 side-stub point(s) from shape_id=68010940
[2026-07-31 10:24:43] [INFO] [Thread-ThreadPoolExecutor-0_10] Successfully processed shape_id=68011677 | distance=5770.6m | confidence=[0.9761] | segments=1 | osm_nodes=1102
[2026-07-31 10:24:43] [INFO] [Thread-ThreadPoolExecutor-0_9] Successfully processed shape_id=68010940 | distance=7640.4m | confidence=[0.9855] | segments=1 | osm_nodes=419
[2026-07-31 10:24:44] [INFO] [Thread-ThreadPoolExecutor-0_7] Successfully processed shape_id=68010950 | distance=5899.5m | confidence=[0.0004] | segments=1 | osm_nodes=965
[2026-07-31 10:24:44] [INFO] [Thread-ThreadPoolExecutor-0_6] Pre-matching filter removed 135 side-stub point(s) from shape_id=68010913
[2026-07-31 10:24:44] [INFO] [Thread-ThreadPoolExecutor-0_6] Successfully processed shape_id=68010913 | distance=14344.6m | confidence=[0.9806] | segments=1 | osm_nodes=722
[2026-07-31 10:24:44] [INFO] [Thread-ThreadPoolExecutor-0_4] Pre-matching filter removed 59 side-stub point(s) from shape_id=68011676
[2026-07-31 10:24:44] [INFO] [Thread-ThreadPoolExecutor-0_2] Pre-matching filter removed 112 side-stub point(s) from shape_id=68010931
[2026-07-31 10:24:44] [INFO] [Thread-ThreadPoolExecutor-0_4] Successfully processed shape_id=68011676 | distance=7368.6m | confidence=[0.9854] | segments=1 | osm_nodes=339
[2026-07-31 10:24:44] [INFO] [Thread-ThreadPoolExecutor-0_11] Pre-matching filter removed 74 side-stub point(s) from shape_id=68010954
[2026-07-31 10:24:45] [INFO] [Thread-ThreadPoolExecutor-0_2] Successfully processed shape_id=68010931 | distance=12327.8m | confidence=[0.983] | segments=1 | osm_nodes=632
[2026-07-31 10:24:45] [INFO] [Thread-ThreadPoolExecutor-0_11] Successfully processed shape_id=68010954 | distance=10918.3m | confidence=[0.985] | segments=1 | osm_nodes=615
[2026-07-31 10:24:45] [INFO] [Thread-ThreadPoolExecutor-0_12] Pre-matching filter removed 114 side-stub point(s) from shape_id=68010941
[2026-07-31 10:24:45] [INFO] [Thread-ThreadPoolExecutor-0_12] Successfully processed shape_id=68010941 | distance=12345.6m | confidence=[0.9181] | segments=1 | osm_nodes=617
[2026-07-31 10:24:46] [INFO] [Thread-ThreadPoolExecutor-0_5] Pre-matching filter removed 146 side-stub point(s) from shape_id=68010924
[2026-07-31 10:24:46] [INFO] [Thread-ThreadPoolExecutor-0_15] Pre-matching filter removed 134 side-stub point(s) from shape_id=68010943
[2026-07-31 10:24:46] [INFO] [Thread-ThreadPoolExecutor-0_5] Successfully processed shape_id=68010924 | distance=15517.9m | confidence=[0.9822] | segments=1 | osm_nodes=640
[2026-07-31 10:24:46] [INFO] [Thread-ThreadPoolExecutor-0_13] Pre-matching filter removed 145 side-stub point(s) from shape_id=68010932
[2026-07-31 10:24:46] [INFO] [Thread-ThreadPoolExecutor-0_8] Pre-matching filter removed 125 side-stub point(s) from shape_id=68010949
[2026-07-31 10:24:46] [INFO] [Thread-ThreadPoolExecutor-0_13] Successfully processed shape_id=68010932 | distance=14648.1m | confidence=[0.9773] | segments=1 | osm_nodes=699
[2026-07-31 10:24:46] [INFO] [Thread-ThreadPoolExecutor-0_13] Pre-matching filter removed 29 side-stub point(s) from shape_id=68014103
[2026-07-31 10:24:46] [INFO] [Thread-ThreadPoolExecutor-0_8] Successfully processed shape_id=68010949 | distance=16330.4m | confidence=[0.9857] | segments=1 | osm_nodes=921
[2026-07-31 10:24:46] [INFO] [Thread-ThreadPoolExecutor-0_13] Successfully processed shape_id=68014103 | distance=4253.1m | confidence=[0.9557] | segments=1 | osm_nodes=737
[2026-07-31 10:24:46] [INFO] [Thread-ThreadPoolExecutor-0_13] Pre-matching filter removed 55 side-stub point(s) from shape_id=68014107
[2026-07-31 10:24:46] [INFO] [Thread-ThreadPoolExecutor-0_15] Successfully processed shape_id=68010943 | distance=13646.8m | confidence=[0.9792] | segments=1 | osm_nodes=653
[2026-07-31 10:24:47] [INFO] [Thread-ThreadPoolExecutor-0_3] Pre-matching filter removed 131 side-stub point(s) from shape_id=68010956
[2026-07-31 10:24:47] [INFO] [Thread-ThreadPoolExecutor-0_13] Successfully processed shape_id=68014107 | distance=5658.5m | confidence=[0.7989] | segments=1 | osm_nodes=1051
[2026-07-31 10:24:47] [INFO] [Thread-ThreadPoolExecutor-0_3] Successfully processed shape_id=68010956 | distance=15353.6m | confidence=[0.9844] | segments=1 | osm_nodes=803
[2026-07-31 10:24:47] [INFO] [Thread-ThreadPoolExecutor-0_6] Pre-matching filter removed 93 side-stub point(s) from shape_id=68012430
[2026-07-31 10:24:47] [INFO] [Thread-ThreadPoolExecutor-0_0] Pre-matching filter removed 124 side-stub point(s) from shape_id=68011678
[2026-07-31 10:24:47] [INFO] [Thread-ThreadPoolExecutor-0_6] Successfully processed shape_id=68012430 | distance=14824.5m | confidence=[0.9826] | segments=1 | osm_nodes=754
[2026-07-31 10:24:47] [INFO] [Thread-ThreadPoolExecutor-0_0] Successfully processed shape_id=68011678 | distance=13320.2m | confidence=[0.9822] | segments=1 | osm_nodes=580
[2026-07-31 10:24:47] [INFO] [Thread-ThreadPoolExecutor-0_1] Pre-matching filter removed 161 side-stub point(s) from shape_id=68010944
[2026-07-31 10:24:47] [INFO] [Thread-ThreadPoolExecutor-0_1] Successfully processed shape_id=68010944 | distance=16987.9m | confidence=[0.9809] | segments=1 | osm_nodes=703
[2026-07-31 10:24:47] [INFO] [Thread-ThreadPoolExecutor-0_1] Pre-matching filter removed 9 side-stub point(s) from shape_id=68014122
[2026-07-31 10:24:47] [INFO] [Thread-ThreadPoolExecutor-0_13] Pre-matching filter removed 25 side-stub point(s) from shape_id=68014117
[2026-07-31 10:24:48] [INFO] [Thread-ThreadPoolExecutor-0_14] Pre-matching filter removed 160 side-stub point(s) from shape_id=68010951
[2026-07-31 10:24:48] [INFO] [Thread-ThreadPoolExecutor-0_13] Successfully processed shape_id=68014117 | distance=13432.0m | confidence=[0.9831] | segments=1 | osm_nodes=807
[2026-07-31 10:24:48] [INFO] [Thread-ThreadPoolExecutor-0_13] Pre-matching filter removed 12 side-stub point(s) from shape_id=68014128
[2026-07-31 10:24:48] [INFO] [Thread-ThreadPoolExecutor-0_1] Successfully processed shape_id=68014122 | distance=2249.4m | confidence=[0.9799] | segments=1 | osm_nodes=474
[2026-07-31 10:24:48] [INFO] [Thread-ThreadPoolExecutor-0_4] Pre-matching filter removed 91 side-stub point(s) from shape_id=68012431
[2026-07-31 10:24:48] [INFO] [Thread-ThreadPoolExecutor-0_10] Pre-matching filter removed 137 side-stub point(s) from shape_id=68011682
[2026-07-31 10:24:48] [INFO] [Thread-ThreadPoolExecutor-0_14] Successfully processed shape_id=68010951 | distance=18273.0m | confidence=[0.9851] | segments=1 | osm_nodes=1020
[2026-07-31 10:24:48] [INFO] [Thread-ThreadPoolExecutor-0_13] Successfully processed shape_id=68014128 | distance=3306.2m | confidence=[0.9763] | segments=1 | osm_nodes=670
[2026-07-31 10:24:48] [INFO] [Thread-ThreadPoolExecutor-0_10] Successfully processed shape_id=68011682 | distance=14133.9m | confidence=[0.9843] | segments=1 | osm_nodes=718
[2026-07-31 10:24:48] [INFO] [Thread-ThreadPoolExecutor-0_4] Successfully processed shape_id=68012431 | distance=15214.0m | confidence=[0.9005] | segments=1 | osm_nodes=798
[2026-07-31 10:24:48] [INFO] [Thread-ThreadPoolExecutor-0_0] Pre-matching filter removed 37 side-stub point(s) from shape_id=68014120
[2026-07-31 10:24:48] [INFO] [Thread-ThreadPoolExecutor-0_0] Successfully processed shape_id=68014120 | distance=14430.9m | confidence=[0.9856] | segments=1 | osm_nodes=852
[2026-07-31 10:24:48] [INFO] [Thread-ThreadPoolExecutor-0_8] Pre-matching filter removed 75 side-stub point(s) from shape_id=68014105
[2026-07-31 10:24:48] [INFO] [Thread-ThreadPoolExecutor-0_2] Pre-matching filter removed 111 side-stub point(s) from shape_id=68013247
[2026-07-31 10:24:49] [INFO] [Thread-ThreadPoolExecutor-0_15] Pre-matching filter removed 74 side-stub point(s) from shape_id=68014113
[2026-07-31 10:24:49] [INFO] [Thread-ThreadPoolExecutor-0_8] Successfully processed shape_id=68014105 | distance=9766.8m | confidence=[0.9824] | segments=1 | osm_nodes=558
[2026-07-31 10:24:49] [INFO] [Thread-ThreadPoolExecutor-0_2] Successfully processed shape_id=68013247 | distance=11592.3m | confidence=[0.9833] | segments=1 | osm_nodes=542
[2026-07-31 10:24:49] [INFO] [Thread-ThreadPoolExecutor-0_15] Successfully processed shape_id=68014113 | distance=8912.1m | confidence=[0.9831] | segments=1 | osm_nodes=476
[2026-07-31 10:24:49] [INFO] [Thread-ThreadPoolExecutor-0_11] Pre-matching filter removed 125 side-stub point(s) from shape_id=68013248
[2026-07-31 10:24:49] [INFO] [Thread-ThreadPoolExecutor-0_12] Pre-matching filter removed 112 side-stub point(s) from shape_id=68013249
[2026-07-31 10:24:49] [INFO] [Thread-ThreadPoolExecutor-0_12] Successfully processed shape_id=68013249 | distance=12060.4m | confidence=[0.9816] | segments=1 | osm_nodes=583
[2026-07-31 10:24:49] [INFO] [Thread-ThreadPoolExecutor-0_11] Successfully processed shape_id=68013248 | distance=13200.1m | confidence=[0.9829] | segments=1 | osm_nodes=605
[2026-07-31 10:24:49] [INFO] [Thread-ThreadPoolExecutor-0_5] Pre-matching filter removed 119 side-stub point(s) from shape_id=68014102
[2026-07-31 10:24:50] [INFO] [Thread-ThreadPoolExecutor-0_5] Successfully processed shape_id=68014102 | distance=15140.5m | confidence=[0.9836] | segments=1 | osm_nodes=806
[2026-07-31 10:24:50] [INFO] [Thread-ThreadPoolExecutor-0_14] Pre-matching filter removed 69 side-stub point(s) from shape_id=68014131
[2026-07-31 10:24:50] [INFO] [Thread-ThreadPoolExecutor-0_2] Pre-matching filter removed 44 side-stub point(s) from shape_id=68016549
[2026-07-31 10:24:50] [INFO] [Thread-ThreadPoolExecutor-0_14] Successfully processed shape_id=68014131 | distance=10071.4m | confidence=[0.9846] | segments=1 | osm_nodes=525
[2026-07-31 10:24:50] [INFO] [Thread-ThreadPoolExecutor-0_9] Pre-matching filter removed 208 side-stub point(s) from shape_id=68012428
[2026-07-31 10:24:50] [INFO] [Thread-ThreadPoolExecutor-0_0] Pre-matching filter removed 60 side-stub point(s) from shape_id=68015955
[2026-07-31 10:24:50] [INFO] [Thread-ThreadPoolExecutor-0_9] Successfully processed shape_id=68012428 | distance=19419.2m | confidence=[0.9802] | segments=1 | osm_nodes=1104
[2026-07-31 10:24:51] [INFO] [Thread-ThreadPoolExecutor-0_2] Successfully processed shape_id=68016549 | distance=10556.6m | confidence=[0.9821] | segments=1 | osm_nodes=483
[2026-07-31 10:24:51] [INFO] [Thread-ThreadPoolExecutor-0_0] Successfully processed shape_id=68015955 | distance=23462.7m | confidence=[0.9825] | segments=1 | osm_nodes=1070
[2026-07-31 10:24:51] [INFO] [Thread-ThreadPoolExecutor-0_8] Pre-matching filter removed 73 side-stub point(s) from shape_id=68016548
[2026-07-31 10:24:51] [INFO] [Thread-ThreadPoolExecutor-0_8] Successfully processed shape_id=68016548 | distance=9778.2m | confidence=[0.9824] | segments=1 | osm_nodes=425
[2026-07-31 10:24:51] [INFO] [Thread-ThreadPoolExecutor-0_11] Pre-matching filter removed 64 side-stub point(s) from shape_id=68017464
[2026-07-31 10:24:51] [INFO] [Thread-ThreadPoolExecutor-0_7] Pre-matching filter removed 212 side-stub point(s) from shape_id=68012429
[2026-07-31 10:24:51] [INFO] [Thread-ThreadPoolExecutor-0_6] Pre-matching filter removed 121 side-stub point(s) from shape_id=68014119
[2026-07-31 10:24:51] [INFO] [Thread-ThreadPoolExecutor-0_1] Pre-matching filter removed 112 side-stub point(s) from shape_id=68014130
[2026-07-31 10:24:51] [INFO] [Thread-ThreadPoolExecutor-0_11] Successfully processed shape_id=68017464 | distance=11398.9m | confidence=[0.6993] | segments=1 | osm_nodes=673
[2026-07-31 10:24:51] [INFO] [Thread-ThreadPoolExecutor-0_7] Successfully processed shape_id=68012429 | distance=19288.0m | confidence=[0.9843] | segments=1 | osm_nodes=1081
[2026-07-31 10:24:51] [INFO] [Thread-ThreadPoolExecutor-0_6] Successfully processed shape_id=68014119 | distance=28008.2m | confidence=[0.7585] | segments=1 | osm_nodes=1451
[2026-07-31 10:24:51] [INFO] [Thread-ThreadPoolExecutor-0_1] Successfully processed shape_id=68014130 | distance=13937.7m | confidence=[0.9789] | segments=1 | osm_nodes=759
[2026-07-31 10:24:52] [INFO] [Thread-ThreadPoolExecutor-0_15] Pre-matching filter removed 95 side-stub point(s) from shape_id=68016550
[2026-07-31 10:24:52] [INFO] [Thread-ThreadPoolExecutor-0_5] Pre-matching filter removed 63 side-stub point(s) from shape_id=68017465
[2026-07-31 10:24:52] [INFO] [Thread-ThreadPoolExecutor-0_14] Pre-matching filter removed 48 side-stub point(s) from shape_id=68018413
[2026-07-31 10:24:52] [INFO] [Thread-ThreadPoolExecutor-0_13] Pre-matching filter removed 118 side-stub point(s) from shape_id=68014132
[2026-07-31 10:24:52] [INFO] [Thread-ThreadPoolExecutor-0_14] Successfully processed shape_id=68018413 | distance=16523.4m | confidence=[0.978] | segments=1 | osm_nodes=811
[2026-07-31 10:24:52] [INFO] [Thread-ThreadPoolExecutor-0_15] Successfully processed shape_id=68016550 | distance=10038.2m | confidence=[0.9839] | segments=1 | osm_nodes=560
[2026-07-31 10:24:52] [INFO] [Thread-ThreadPoolExecutor-0_13] Successfully processed shape_id=68014132 | distance=13881.3m | confidence=[0.9852] | segments=1 | osm_nodes=730
[2026-07-31 10:24:52] [INFO] [Thread-ThreadPoolExecutor-0_12] Pre-matching filter removed 96 side-stub point(s) from shape_id=68016551
[2026-07-31 10:24:52] [INFO] [Thread-ThreadPoolExecutor-0_3] Pre-matching filter removed 168 side-stub point(s) from shape_id=68014118
[2026-07-31 10:24:52] [INFO] [Thread-ThreadPoolExecutor-0_10] Pre-matching filter removed 129 side-stub point(s) from shape_id=68014134
[2026-07-31 10:24:53] [INFO] [Thread-ThreadPoolExecutor-0_12] Successfully processed shape_id=68016551 | distance=9953.0m | confidence=[0.983] | segments=1 | osm_nodes=548
[2026-07-31 10:24:53] [INFO] [Thread-ThreadPoolExecutor-0_3] Successfully processed shape_id=68014118 | distance=26778.4m | confidence=[0.9852] | segments=1 | osm_nodes=1405
[2026-07-31 10:24:53] [INFO] [Thread-ThreadPoolExecutor-0_3] Pre-matching filter removed 31 side-stub point(s) from shape_id=68024002
[2026-07-31 10:24:53] [INFO] [Thread-ThreadPoolExecutor-0_10] Successfully processed shape_id=68014134 | distance=20270.3m | confidence=[0.9571] | segments=1 | osm_nodes=904
[2026-07-31 10:24:53] [INFO] [Thread-ThreadPoolExecutor-0_5] Successfully processed shape_id=68017465 | distance=7938.5m | confidence=[0.9851] | segments=1 | osm_nodes=471
[2026-07-31 10:24:53] [INFO] [Thread-ThreadPoolExecutor-0_11] Pre-matching filter removed 52 side-stub point(s) from shape_id=68019373
[2026-07-31 10:24:53] [INFO] [Thread-ThreadPoolExecutor-0_11] Successfully processed shape_id=68019373 | distance=16248.3m | confidence=[0.9833] | segments=1 | osm_nodes=831
[2026-07-31 10:24:53] [INFO] [Thread-ThreadPoolExecutor-0_8] Pre-matching filter removed 62 side-stub point(s) from shape_id=68019372
[2026-07-31 10:24:53] [INFO] [Thread-ThreadPoolExecutor-0_12] Pre-matching filter removed 18 side-stub point(s) from shape_id=68024000
[2026-07-31 10:24:53] [INFO] [Thread-ThreadPoolExecutor-0_8] Successfully processed shape_id=68019372 | distance=21227.7m | confidence=[0.9825] | segments=1 | osm_nodes=1130
[2026-07-31 10:24:54] [INFO] [Thread-ThreadPoolExecutor-0_12] Successfully processed shape_id=68024000 | distance=15598.2m | confidence=[0.9828] | segments=1 | osm_nodes=587
[2026-07-31 10:24:54] [INFO] [Thread-ThreadPoolExecutor-0_9] Pre-matching filter removed 90 side-stub point(s) from shape_id=68018414
[2026-07-31 10:24:54] [INFO] [Thread-ThreadPoolExecutor-0_9] Successfully processed shape_id=68018414 | distance=21670.2m | confidence=[0.9814] | segments=1 | osm_nodes=1148
[2026-07-31 10:24:54] [INFO] [Thread-ThreadPoolExecutor-0_0] Pre-matching filter removed 94 side-stub point(s) from shape_id=68019369
[2026-07-31 10:24:54] [INFO] [Thread-ThreadPoolExecutor-0_0] Successfully processed shape_id=68019369 | distance=10014.6m | confidence=[0.9847] | segments=1 | osm_nodes=527
[2026-07-31 10:24:54] [INFO] [Thread-ThreadPoolExecutor-0_7] Pre-matching filter removed 81 side-stub point(s) from shape_id=68019374
[2026-07-31 10:24:54] [INFO] [Thread-ThreadPoolExecutor-0_15] Pre-matching filter removed 66 side-stub point(s) from shape_id=68020424
[2026-07-31 10:24:54] [INFO] [Thread-ThreadPoolExecutor-0_6] Pre-matching filter removed 80 side-stub point(s) from shape_id=68019378
[2026-07-31 10:24:54] [INFO] [Thread-ThreadPoolExecutor-0_7] Successfully processed shape_id=68019374 | distance=23035.4m | confidence=[0.9809] | segments=1 | osm_nodes=1182
[2026-07-31 10:24:54] [INFO] [Thread-ThreadPoolExecutor-0_15] Successfully processed shape_id=68020424 | distance=7772.7m | confidence=[0.9815] | segments=1 | osm_nodes=354
[2026-07-31 10:24:54] [INFO] [Thread-ThreadPoolExecutor-0_2] Pre-matching filter removed 105 side-stub point(s) from shape_id=68018415
[2026-07-31 10:24:55] [INFO] [Thread-ThreadPoolExecutor-0_10] Pre-matching filter removed 51 side-stub point(s) from shape_id=68025888
[2026-07-31 10:24:55] [INFO] [Thread-ThreadPoolExecutor-0_6] Successfully processed shape_id=68019378 | distance=24082.5m | confidence=[0.984] | segments=1 | osm_nodes=1270
[2026-07-31 10:24:55] [INFO] [Thread-ThreadPoolExecutor-0_13] Pre-matching filter removed 73 side-stub point(s) from shape_id=68020425
[2026-07-31 10:24:55] [INFO] [Thread-ThreadPoolExecutor-0_2] Successfully processed shape_id=68018415 | distance=22450.0m | confidence=[0.9786] | segments=1 | osm_nodes=1134
[2026-07-31 10:24:55] [INFO] [Thread-ThreadPoolExecutor-0_10] Successfully processed shape_id=68025888 | distance=8315.7m | confidence=[0.9827] | segments=1 | osm_nodes=447
[2026-07-31 10:24:55] [INFO] [Thread-ThreadPoolExecutor-0_4] Pre-matching filter removed 201 side-stub point(s) from shape_id=68015953
[2026-07-31 10:24:55] [INFO] [Thread-ThreadPoolExecutor-0_13] Successfully processed shape_id=68020425 | distance=8829.9m | confidence=[0.9813] | segments=1 | osm_nodes=452
[2026-07-31 10:24:55] [INFO] [Thread-ThreadPoolExecutor-0_4] Successfully processed shape_id=68015953 | distance=19598.4m | confidence=[0.9853] | segments=1 | osm_nodes=865
[2026-07-31 10:24:55] [INFO] [Thread-ThreadPoolExecutor-0_5] Pre-matching filter removed 72 side-stub point(s) from shape_id=68025889
[2026-07-31 10:24:55] [INFO] [Thread-ThreadPoolExecutor-0_5] Successfully processed shape_id=68025889 | distance=7098.2m | confidence=[0.9698] | segments=1 | osm_nodes=329
[2026-07-31 10:24:55] [INFO] [Thread-ThreadPoolExecutor-0_5] Pre-matching filter removed 23 side-stub point(s) from shape_id=68028338
[2026-07-31 10:24:56] [INFO] [Thread-ThreadPoolExecutor-0_5] Successfully processed shape_id=68028338 | distance=2955.8m | confidence=[0.9636] | segments=1 | osm_nodes=533
[2026-07-31 10:24:56] [INFO] [Thread-ThreadPoolExecutor-0_3] Successfully processed shape_id=68024002 | distance=4929.3m | confidence=[0.9683] | segments=1 | osm_nodes=916
[2026-07-31 10:24:56] [INFO] [Thread-ThreadPoolExecutor-0_11] Pre-matching filter removed 88 side-stub point(s) from shape_id=68025899
[2026-07-31 10:24:56] [INFO] [Thread-ThreadPoolExecutor-0_11] Successfully processed shape_id=68025899 | distance=25842.1m | confidence=[0.9852] | segments=1 | osm_nodes=1370
[2026-07-31 10:24:56] [INFO] [Thread-ThreadPoolExecutor-0_1] Pre-matching filter removed 146 side-stub point(s) from shape_id=68019379
[2026-07-31 10:24:57] [INFO] [Thread-ThreadPoolExecutor-0_1] Successfully processed shape_id=68019379 | distance=24855.0m | confidence=[0.9804] | segments=1 | osm_nodes=1275
[2026-07-31 10:24:57] [INFO] [Thread-ThreadPoolExecutor-0_0] Pre-matching filter removed 83 side-stub point(s) from shape_id=68028316
[2026-07-31 10:24:57] [INFO] [Thread-ThreadPoolExecutor-0_0] Successfully processed shape_id=68028316 | distance=10138.4m | confidence=[0.9819] | segments=1 | osm_nodes=452
[2026-07-31 10:24:57] [INFO] [Thread-ThreadPoolExecutor-0_14] Pre-matching filter removed 142 side-stub point(s) from shape_id=68019381
[2026-07-31 10:24:57] [INFO] [Thread-ThreadPoolExecutor-0_14] Successfully processed shape_id=68019381 | distance=23888.3m | confidence=[0.9807] | segments=1 | osm_nodes=1219
[2026-07-31 10:24:57] [INFO] [Thread-ThreadPoolExecutor-0_8] Pre-matching filter removed 119 side-stub point(s) from shape_id=68025902
[2026-07-31 10:24:57] [INFO] [Thread-ThreadPoolExecutor-0_15] Pre-matching filter removed 91 side-stub point(s) from shape_id=68028325
[2026-07-31 10:24:57] [INFO] [Thread-ThreadPoolExecutor-0_8] Successfully processed shape_id=68025902 | distance=11000.5m | confidence=[0.9732] | segments=1 | osm_nodes=654
[2026-07-31 10:24:57] [INFO] [Thread-ThreadPoolExecutor-0_6] Pre-matching filter removed 83 side-stub point(s) from shape_id=68028326
[2026-07-31 10:24:57] [INFO] [Thread-ThreadPoolExecutor-0_13] Pre-matching filter removed 75 side-stub point(s) from shape_id=68028329
[2026-07-31 10:24:58] [INFO] [Thread-ThreadPoolExecutor-0_4] Pre-matching filter removed 80 side-stub point(s) from shape_id=68028333
[2026-07-31 10:24:58] [INFO] [Thread-ThreadPoolExecutor-0_15] Successfully processed shape_id=68028325 | distance=10950.5m | confidence=[0.9825] | segments=1 | osm_nodes=572
[2026-07-31 10:24:58] [INFO] [Thread-ThreadPoolExecutor-0_7] Pre-matching filter removed 101 side-stub point(s) from shape_id=68028322
[2026-07-31 10:24:58] [INFO] [Thread-ThreadPoolExecutor-0_13] Successfully processed shape_id=68028329 | distance=21418.5m | confidence=[0.9823] | segments=1 | osm_nodes=1185
[2026-07-31 10:24:58] [INFO] [Thread-ThreadPoolExecutor-0_6] Successfully processed shape_id=68028326 | distance=23178.3m | confidence=[0.984] | segments=1 | osm_nodes=1285
[2026-07-31 10:24:58] [INFO] [Thread-ThreadPoolExecutor-0_7] Successfully processed shape_id=68028322 | distance=11023.1m | confidence=[0.9858] | segments=1 | osm_nodes=554
[2026-07-31 10:24:58] [INFO] [Thread-ThreadPoolExecutor-0_4] Successfully processed shape_id=68028333 | distance=13286.1m | confidence=[0.9851] | segments=1 | osm_nodes=682
[2026-07-31 10:24:58] [INFO] [Thread-ThreadPoolExecutor-0_12] Pre-matching filter removed 152 side-stub point(s) from shape_id=68028312
[2026-07-31 10:24:59] [INFO] [Thread-ThreadPoolExecutor-0_9] Pre-matching filter removed 151 side-stub point(s) from shape_id=68028314
[2026-07-31 10:24:59] [INFO] [Thread-ThreadPoolExecutor-0_12] Successfully processed shape_id=68028312 | distance=14992.2m | confidence=[0.984] | segments=1 | osm_nodes=692
[2026-07-31 10:24:59] [INFO] [Thread-ThreadPoolExecutor-0_9] Successfully processed shape_id=68028314 | distance=14869.3m | confidence=[0.9825] | segments=1 | osm_nodes=686
[2026-07-31 10:25:00] [INFO] [Thread-ThreadPoolExecutor-0_10] Pre-matching filter removed 154 side-stub point(s) from shape_id=68028328
[2026-07-31 10:25:00] [INFO] [Thread-ThreadPoolExecutor-0_0] Pre-matching filter removed 95 side-stub point(s) from shape_id=68028348
[2026-07-31 10:25:00] [INFO] [Thread-ThreadPoolExecutor-0_0] Successfully processed shape_id=68028348 | distance=10365.8m | confidence=[0.9812] | segments=1 | osm_nodes=471
[2026-07-31 10:25:00] [INFO] [Thread-ThreadPoolExecutor-0_10] Successfully processed shape_id=68028328 | distance=21095.0m | confidence=[0.9844] | segments=1 | osm_nodes=1107
[2026-07-31 10:25:00] [INFO] [Thread-ThreadPoolExecutor-0_2] Pre-matching filter removed 158 side-stub point(s) from shape_id=68028327
[2026-07-31 10:25:00] [INFO] [Thread-ThreadPoolExecutor-0_2] Successfully processed shape_id=68028327 | distance=22061.6m | confidence=[0.984] | segments=1 | osm_nodes=1163
[2026-07-31 10:25:01] [INFO] [Thread-ThreadPoolExecutor-0_4] Pre-matching filter removed 104 side-stub point(s) from shape_id=68028355
[2026-07-31 10:25:01] [INFO] [Thread-ThreadPoolExecutor-0_4] Successfully processed shape_id=68028355 | distance=10566.9m | confidence=[0.983] | segments=1 | osm_nodes=484
[2026-07-31 10:25:02] [INFO] [Thread-ThreadPoolExecutor-0_14] Pre-matching filter removed 147 side-stub point(s) from shape_id=68028349
[2026-07-31 10:25:03] [INFO] [Thread-ThreadPoolExecutor-0_14] Successfully processed shape_id=68028349 | distance=16860.0m | confidence=[0.9856] | segments=1 | osm_nodes=841
[2026-07-31 10:25:03] [INFO] [Thread-ThreadPoolExecutor-0_1] Pre-matching filter removed 168 side-stub point(s) from shape_id=68028347
[2026-07-31 10:25:03] [INFO] [Thread-ThreadPoolExecutor-0_1] Successfully processed shape_id=68028347 | distance=17436.1m | confidence=[0.9853] | segments=1 | osm_nodes=793
[2026-07-31 10:25:03] [INFO] [Thread-ThreadPoolExecutor-0_9] Pre-matching filter removed 117 side-stub point(s) from shape_id=68028357
[2026-07-31 10:25:03] [INFO] [Thread-ThreadPoolExecutor-0_12] Pre-matching filter removed 117 side-stub point(s) from shape_id=68028356
[2026-07-31 10:25:03] [INFO] [Thread-ThreadPoolExecutor-0_9] Successfully processed shape_id=68028357 | distance=13470.3m | confidence=[0.9813] | segments=1 | osm_nodes=676
[2026-07-31 10:25:03] [INFO] [Thread-ThreadPoolExecutor-0_7] Pre-matching filter removed 149 side-stub point(s) from shape_id=68028354
[2026-07-31 10:25:03] [INFO] [Thread-ThreadPoolExecutor-0_12] Successfully processed shape_id=68028356 | distance=12486.0m | confidence=[0.9817] | segments=1 | osm_nodes=658
[2026-07-31 10:25:03] [INFO] [Thread-ThreadPoolExecutor-0_7] Successfully processed shape_id=68028354 | distance=16891.2m | confidence=[0.9842] | segments=1 | osm_nodes=844
[2026-07-31 10:25:04] [INFO] [Thread-ThreadPoolExecutor-0_5] Pre-matching filter removed 206 side-stub point(s) from shape_id=68028344
[2026-07-31 10:25:04] [INFO] [Thread-ThreadPoolExecutor-0_3] Pre-matching filter removed 205 side-stub point(s) from shape_id=68028345
[2026-07-31 10:25:04] [INFO] [Thread-ThreadPoolExecutor-0_5] Successfully processed shape_id=68028344 | distance=21093.7m | confidence=[0.9832, 0.9766] | segments=2 | osm_nodes=919
[2026-07-31 10:25:04] [INFO] [Thread-ThreadPoolExecutor-0_3] Successfully processed shape_id=68028345 | distance=21335.7m | confidence=[0.9853] | segments=1 | osm_nodes=947
[2026-07-31 10:25:04] [INFO] [Thread-ThreadPoolExecutor-0_0] Pre-matching filter removed 114 side-stub point(s) from shape_id=68028359
[2026-07-31 10:25:05] [INFO] [Thread-ThreadPoolExecutor-0_6] Pre-matching filter removed 176 side-stub point(s) from shape_id=68028353
[2026-07-31 10:25:05] [INFO] [Thread-ThreadPoolExecutor-0_0] Successfully processed shape_id=68028359 | distance=12429.3m | confidence=[0.984] | segments=1 | osm_nodes=658
[2026-07-31 10:25:05] [INFO] [Thread-ThreadPoolExecutor-0_6] Successfully processed shape_id=68028353 | distance=17631.6m | confidence=[0.9854] | segments=1 | osm_nodes=799
[2026-07-31 10:25:05] [INFO] [Thread-ThreadPoolExecutor-0_6] Pre-matching filter removed 40 side-stub point(s) from shape_id=68029266
[2026-07-31 10:25:05] [INFO] [Thread-ThreadPoolExecutor-0_6] Successfully processed shape_id=68029266 | distance=4644.4m | confidence=[0.9717] | segments=1 | osm_nodes=905
[2026-07-31 10:25:05] [INFO] [Thread-ThreadPoolExecutor-0_6] Pre-matching filter removed 39 side-stub point(s) from shape_id=68029267
[2026-07-31 10:25:06] [INFO] [Thread-ThreadPoolExecutor-0_5] Pre-matching filter removed 43 side-stub point(s) from shape_id=68029260
[2026-07-31 10:25:06] [INFO] [Thread-ThreadPoolExecutor-0_5] Successfully processed shape_id=68029260 | distance=7281.6m | confidence=[0.984] | segments=1 | osm_nodes=340
[2026-07-31 10:25:06] [INFO] [Thread-ThreadPoolExecutor-0_3] Pre-matching filter removed 43 side-stub point(s) from shape_id=68029261
[2026-07-31 10:25:06] [INFO] [Thread-ThreadPoolExecutor-0_6] Successfully processed shape_id=68029267 | distance=4430.5m | confidence=[0.986] | segments=1 | osm_nodes=907
[2026-07-31 10:25:06] [INFO] [Thread-ThreadPoolExecutor-0_15] Pre-matching filter removed 211 side-stub point(s) from shape_id=68028351
[2026-07-31 10:25:06] [INFO] [Thread-ThreadPoolExecutor-0_7] Pre-matching filter removed 65 side-stub point(s) from shape_id=68029258
[2026-07-31 10:25:06] [INFO] [Thread-ThreadPoolExecutor-0_12] Pre-matching filter removed 69 side-stub point(s) from shape_id=68029257
[2026-07-31 10:25:06] [INFO] [Thread-ThreadPoolExecutor-0_7] Successfully processed shape_id=68029258 | distance=7313.1m | confidence=[0.9825] | segments=1 | osm_nodes=364
[2026-07-31 10:25:06] [INFO] [Thread-ThreadPoolExecutor-0_9] Pre-matching filter removed 72 side-stub point(s) from shape_id=68029256
[2026-07-31 10:25:06] [INFO] [Thread-ThreadPoolExecutor-0_15] Successfully processed shape_id=68028351 | distance=21482.6m | confidence=[0.9854] | segments=1 | osm_nodes=944
[2026-07-31 10:25:06] [INFO] [Thread-ThreadPoolExecutor-0_3] Successfully processed shape_id=68029261 | distance=14488.9m | confidence=[0.9831] | segments=1 | osm_nodes=623
[2026-07-31 10:25:06] [INFO] [Thread-ThreadPoolExecutor-0_9] Successfully processed shape_id=68029256 | distance=6883.2m | confidence=[0.9853] | segments=1 | osm_nodes=343
[2026-07-31 10:25:06] [INFO] [Thread-ThreadPoolExecutor-0_12] Successfully processed shape_id=68029257 | distance=7105.7m | confidence=[0.9846] | segments=1 | osm_nodes=351
[2026-07-31 10:25:06] [INFO] [Thread-ThreadPoolExecutor-0_12] Pre-matching filter removed 48 side-stub point(s) from shape_id=68029281
[2026-07-31 10:25:07] [INFO] [Thread-ThreadPoolExecutor-0_10] Pre-matching filter removed 155 side-stub point(s) from shape_id=68029251
[2026-07-31 10:25:07] [INFO] [Thread-ThreadPoolExecutor-0_6] Pre-matching filter removed 55 side-stub point(s) from shape_id=68029269
[2026-07-31 10:25:07] [INFO] [Thread-ThreadPoolExecutor-0_10] Successfully processed shape_id=68029251 | distance=14706.7m | confidence=[0.9816] | segments=1 | osm_nodes=746
[2026-07-31 10:25:07] [INFO] [Thread-ThreadPoolExecutor-0_13] Pre-matching filter removed 221 side-stub point(s) from shape_id=68028352
[2026-07-31 10:25:07] [INFO] [Thread-ThreadPoolExecutor-0_11] Pre-matching filter removed 257 side-stub point(s) from shape_id=68028346
[2026-07-31 10:25:07] [INFO] [Thread-ThreadPoolExecutor-0_2] Pre-matching filter removed 159 side-stub point(s) from shape_id=68029252
[2026-07-31 10:25:07] [INFO] [Thread-ThreadPoolExecutor-0_12] Successfully processed shape_id=68029281 | distance=5922.4m | confidence=[0.9443] | segments=1 | osm_nodes=994
[2026-07-31 10:25:07] [INFO] [Thread-ThreadPoolExecutor-0_12] Pre-matching filter removed 21 side-stub point(s) from shape_id=68029283
[2026-07-31 10:25:07] [INFO] [Thread-ThreadPoolExecutor-0_13] Successfully processed shape_id=68028352 | distance=23956.1m | confidence=[0.9855] | segments=1 | osm_nodes=1157
[2026-07-31 10:25:07] [INFO] [Thread-ThreadPoolExecutor-0_13] Pre-matching filter removed 9 side-stub point(s) from shape_id=68029284
[2026-07-31 10:25:07] [INFO] [Thread-ThreadPoolExecutor-0_2] Successfully processed shape_id=68029252 | distance=14406.1m | confidence=[0.9859] | segments=1 | osm_nodes=737
[2026-07-31 10:25:07] [INFO] [Thread-ThreadPoolExecutor-0_11] Successfully processed shape_id=68028346 | distance=27830.0m | confidence=[0.985] | segments=1 | osm_nodes=1315
[2026-07-31 10:25:07] [INFO] [Thread-ThreadPoolExecutor-0_12] Successfully processed shape_id=68029283 | distance=5811.1m | confidence=[0.9837] | segments=1 | osm_nodes=899
[2026-07-31 10:25:07] [INFO] [Thread-ThreadPoolExecutor-0_12] Pre-matching filter removed 34 side-stub point(s) from shape_id=68029287
[2026-07-31 10:25:07] [INFO] [Thread-ThreadPoolExecutor-0_8] Pre-matching filter removed 256 side-stub point(s) from shape_id=68028350
[2026-07-31 10:25:07] [INFO] [Thread-ThreadPoolExecutor-0_7] Pre-matching filter removed 37 side-stub point(s) from shape_id=68029272
[2026-07-31 10:25:08] [INFO] [Thread-ThreadPoolExecutor-0_12] Successfully processed shape_id=68029287 | distance=4324.7m | confidence=[0.9698] | segments=1 | osm_nodes=859
[2026-07-31 10:25:08] [INFO] [Thread-ThreadPoolExecutor-0_12] Pre-matching filter removed 25 side-stub point(s) from shape_id=68029288
[2026-07-31 10:25:08] [INFO] [Thread-ThreadPoolExecutor-0_7] Successfully processed shape_id=68029272 | distance=11781.5m | confidence=[0.9836] | segments=1 | osm_nodes=550
[2026-07-31 10:25:08] [INFO] [Thread-ThreadPoolExecutor-0_7] Pre-matching filter removed 24 side-stub point(s) from shape_id=68029289
[2026-07-31 10:25:08] [INFO] [Thread-ThreadPoolExecutor-0_13] Successfully processed shape_id=68029284 | distance=8395.4m | confidence=[0.975] | segments=1 | osm_nodes=1219
[2026-07-31 10:25:08] [INFO] [Thread-ThreadPoolExecutor-0_8] Successfully processed shape_id=68028350 | distance=27807.1m | confidence=[0.9855] | segments=1 | osm_nodes=1302
[2026-07-31 10:25:08] [INFO] [Thread-ThreadPoolExecutor-0_13] Pre-matching filter removed 51 side-stub point(s) from shape_id=68029290
[2026-07-31 10:25:08] [INFO] [Thread-ThreadPoolExecutor-0_8] Pre-matching filter removed 5 side-stub point(s) from shape_id=68029292
[2026-07-31 10:25:08] [INFO] [Thread-ThreadPoolExecutor-0_12] Successfully processed shape_id=68029288 | distance=3850.9m | confidence=[0.0006] | segments=1 | osm_nodes=730
[2026-07-31 10:25:08] [INFO] [Thread-ThreadPoolExecutor-0_6] Successfully processed shape_id=68029269 | distance=6633.7m | confidence=[0.9616] | segments=1 | osm_nodes=1235
[2026-07-31 10:25:08] [INFO] [Thread-ThreadPoolExecutor-0_7] Successfully processed shape_id=68029289 | distance=3966.2m | confidence=[0.128] | segments=1 | osm_nodes=652
[2026-07-31 10:25:08] [INFO] [Thread-ThreadPoolExecutor-0_5] Pre-matching filter removed 68 side-stub point(s) from shape_id=68029268
[2026-07-31 10:25:08] [INFO] [Thread-ThreadPoolExecutor-0_1] Pre-matching filter removed 133 side-stub point(s) from shape_id=68029255
[2026-07-31 10:25:08] [INFO] [Thread-ThreadPoolExecutor-0_15] Pre-matching filter removed 54 side-stub point(s) from shape_id=68029277
[2026-07-31 10:25:08] [INFO] [Thread-ThreadPoolExecutor-0_5] Successfully processed shape_id=68029268 | distance=9128.9m | confidence=[0.9853] | segments=1 | osm_nodes=509
[2026-07-31 10:25:08] [INFO] [Thread-ThreadPoolExecutor-0_1] Successfully processed shape_id=68029255 | distance=12394.1m | confidence=[0.9849] | segments=1 | osm_nodes=557
[2026-07-31 10:25:08] [INFO] [Thread-ThreadPoolExecutor-0_13] Successfully processed shape_id=68029290 | distance=5887.9m | confidence=[0.979] | segments=1 | osm_nodes=1143
[2026-07-31 10:25:08] [INFO] [Thread-ThreadPoolExecutor-0_8] Successfully processed shape_id=68029292 | distance=6714.1m | confidence=[0.9852] | segments=1 | osm_nodes=1083
[2026-07-31 10:25:08] [INFO] [Thread-ThreadPoolExecutor-0_15] Successfully processed shape_id=68029277 | distance=16484.4m | confidence=[0.9846] | segments=1 | osm_nodes=733
[2026-07-31 10:25:08] [INFO] [Thread-ThreadPoolExecutor-0_3] Pre-matching filter removed 67 side-stub point(s) from shape_id=68029278
[2026-07-31 10:25:09] [INFO] [Thread-ThreadPoolExecutor-0_9] Pre-matching filter removed 77 side-stub point(s) from shape_id=68029280
[2026-07-31 10:25:09] [INFO] [Thread-ThreadPoolExecutor-0_3] Successfully processed shape_id=68029278 | distance=16830.6m | confidence=[0.9508] | segments=1 | osm_nodes=734
[2026-07-31 10:25:09] [INFO] [Thread-ThreadPoolExecutor-0_9] Successfully processed shape_id=68029280 | distance=8947.7m | confidence=[0.9665] | segments=1 | osm_nodes=474
[2026-07-31 10:25:09] [INFO] [Thread-ThreadPoolExecutor-0_4] Pre-matching filter removed 190 side-stub point(s) from shape_id=68029253
[2026-07-31 10:25:09] [INFO] [Thread-ThreadPoolExecutor-0_4] Successfully processed shape_id=68029253 | distance=18295.8m | confidence=[0.9853] | segments=1 | osm_nodes=799
[2026-07-31 10:25:09] [INFO] [Thread-ThreadPoolExecutor-0_14] Pre-matching filter removed 178 side-stub point(s) from shape_id=68029254
[2026-07-31 10:25:09] [INFO] [Thread-ThreadPoolExecutor-0_10] Pre-matching filter removed 90 side-stub point(s) from shape_id=68029282
[2026-07-31 10:25:09] [INFO] [Thread-ThreadPoolExecutor-0_14] Successfully processed shape_id=68029254 | distance=17913.6m | confidence=[0.9857] | segments=1 | osm_nodes=786
[2026-07-31 10:25:09] [INFO] [Thread-ThreadPoolExecutor-0_0] Pre-matching filter removed 165 side-stub point(s) from shape_id=68029265
[2026-07-31 10:25:09] [INFO] [Thread-ThreadPoolExecutor-0_2] Pre-matching filter removed 106 side-stub point(s) from shape_id=68029285
[2026-07-31 10:25:09] [INFO] [Thread-ThreadPoolExecutor-0_11] Pre-matching filter removed 110 side-stub point(s) from shape_id=68029286
[2026-07-31 10:25:09] [INFO] [Thread-ThreadPoolExecutor-0_10] Successfully processed shape_id=68029282 | distance=13305.8m | confidence=[0.9824] | segments=1 | osm_nodes=594
[2026-07-31 10:25:09] [INFO] [Thread-ThreadPoolExecutor-0_0] Successfully processed shape_id=68029265 | distance=15856.7m | confidence=[0.9787] | segments=1 | osm_nodes=850
[2026-07-31 10:25:09] [INFO] [Thread-ThreadPoolExecutor-0_2] Successfully processed shape_id=68029285 | distance=11197.7m | confidence=[0.9817] | segments=1 | osm_nodes=574
[2026-07-31 10:25:09] [INFO] [Thread-ThreadPoolExecutor-0_11] Successfully processed shape_id=68029286 | distance=11631.1m | confidence=[0.9816] | segments=1 | osm_nodes=605
[2026-07-31 10:25:09] [INFO] [Thread-MainThread] Processing complete. 1302 shapes succeeded, 0 failed.
[2026-07-31 10:25:09] [INFO] [Thread-MainThread] Exporting GeoJSON to output_shapes.geojson...
[2026-07-31 10:25:24] [INFO] [Thread-MainThread] Successfully wrote cleaned shapes and route mapping to output_shapes.geojson. Debug log written to execution_debug.log.
